FIR_Number,Crime_Type,District,Police_Station,Latitude,Longitude,Date,Status,IPC_Sections,Risk_Level,AI_Confidence,Prediction_Flag
KSP/BEN/2024/00001,MOTOR VEHICLE ACCIDENTS NON-FATAL,Bengaluru City,Koramangala,12.9999,77.5349,2024-09-18 02:56:00,Investigating,"Sec 279, 337 IPC",Medium,96.1,Standard Monitoring
KSP/BEN/2026/00002,HURT / ASSAULT,Bengaluru Dist,Doddaballapura,13.1503,77.5839,2026-03-29 05:07:00,Closed,"Sec 323, 324, 504 IPC",High,93.9,High Risk Zone
KSP/HAV/2024/00003,HURT / ASSAULT,Haveri,Byadgi,14.7629,75.4524,2024-11-24 10:05:00,Solved,"Sec 323, 324, 504 IPC",High,86.2,High Risk Zone
KSP/BEN/2024/00004,MOTOR VEHICLE ACCIDENTS NON-FATAL,Bengaluru City,Koramangala,12.9059,77.6355,2024-04-15 03:39:00,Charge Sheeted,"Sec 279, 337 IPC",Medium,91.5,Standard Monitoring
KSP/RAM/2024/00005,CrPC OFFENCES,Ramanagara,Kanakapura,12.7242,77.2064,2024-02-13 10:26:00,Pending,"Sec 107, 151 CrPC",Low,86.3,Standard Monitoring
KSP/TUM/2026/00006,CYBER CRIME & FRAUD,Tumakuru,Kyatsandra,13.3322,77.1373,2026-04-20 14:24:00,Closed,"Sec 66D IT Act, 420 IPC",High,96.6,High Risk Zone
KSP/BEN/2025/00007,BURGLARY / HOUSE BREAKING,Bengaluru City,Electronic City,12.9463,77.6569,2025-08-12 10:30:00,Charge Sheeted,"Sec 454, 457, 380 IPC",High,93.3,High Risk Zone
KSP/BEN/2024/00008,HURT / ASSAULT,Bengaluru City,Koramangala,12.9882,77.5264,2024-03-15 13:37:00,Closed,"Sec 323, 324, 504 IPC",High,85.4,High Risk Zone
KSP/BEN/2024/00009,HURT / ASSAULT,Bengaluru City,Electronic City,12.912,77.5557,2024-05-17 17:04:00,Closed,"Sec 323, 324, 504 IPC",High,89.0,High Risk Zone
KSP/BEN/2025/00010,KPA 1963 VIOLATIONS,Bengaluru Dist,Nelamangala,13.1604,77.6294,2025-03-03 15:47:00,Charge Sheeted,"Sec 78, 87 KPA",Low,86.3,Standard Monitoring
KSP/CHI/2024/00011,MOTOR VEHICLE ACCIDENTS NON-FATAL,Chitradurga,Challakere,14.1812,76.4362,2024-06-05 18:28:00,Charge Sheeted,"Sec 279, 337 IPC",Medium,90.0,Standard Monitoring
KSP/BEN/2026/00012,CYBER CRIME & FRAUD,Bengaluru City,Electronic City,12.9404,77.6284,2026-02-10 04:45:00,Closed,"Sec 66D IT Act, 420 IPC",High,90.7,High Risk Zone
KSP/MAN/2025/00013,KPA 1963 VIOLATIONS,Mangaluru,Barkarke,12.8784,74.813,2025-03-15 08:30:00,Pending,"Sec 78, 87 KPA",Low,94.1,Standard Monitoring
KSP/BEN/2024/00014,ROBBERY / DACOITY,Bengaluru City,Hebbal,12.9872,77.5662,2024-10-29 14:57:00,Pending,"Sec 392, 395 IPC",Critical,86.4,High Risk Zone
KSP/CHI/2024/00015,MOTOR VEHICLE ACCIDENTS NON-FATAL,Chitradurga,Kote PS,14.2853,76.386,2024-11-15 14:46:00,Closed,"Sec 279, 337 IPC",Medium,91.3,Standard Monitoring
KSP/BEN/2025/00016,CYBER CRIME & FRAUD,Bengaluru City,Hebbal,13.0051,77.6483,2025-08-30 18:20:00,Investigating,"Sec 66D IT Act, 420 IPC",High,93.2,High Risk Zone
KSP/SHI/2026/00017,MOTOR VEHICLE ACCIDENTS NON-FATAL,Shivamogga,Bhadravathi,14.0089,75.5931,2026-01-22 10:51:00,Investigating,"Sec 279, 337 IPC",Medium,93.3,Standard Monitoring
KSP/BEN/2024/00018,HURT / ASSAULT,Bengaluru City,Cubbon Park,12.9482,77.6562,2024-01-14 16:46:00,Pending,"Sec 323, 324, 504 IPC",High,95.0,High Risk Zone
KSP/MAN/2025/00019,MOTOR VEHICLE ACCIDENTS NON-FATAL,Mangaluru,Urwa,12.864,74.8973,2025-07-02 18:36:00,Pending,"Sec 279, 337 IPC",Medium,97.9,Standard Monitoring
KSP/BEN/2025/00020,THEFT,Bengaluru City,Whitefield,12.9573,77.6451,2025-10-18 13:11:00,Investigating,Sec 379 IPC,Medium,97.3,Standard Monitoring
KSP/KOL/2025/00021,THEFT,Kolar,Robertsonpet,13.1471,78.1794,2025-12-25 06:43:00,Investigating,Sec 379 IPC,Medium,97.7,Standard Monitoring
KSP/CHI/2026/00022,ROBBERY / DACOITY,Chitradurga,Kote PS,14.2175,76.3952,2026-06-20 08:09:00,Closed,"Sec 392, 395 IPC",Critical,97.6,High Risk Zone
KSP/HAS/2024/00023,BURGLARY / HOUSE BREAKING,Hassan,Arsikere,13.0303,76.154,2024-06-10 06:18:00,Pending,"Sec 454, 457, 380 IPC",High,88.9,High Risk Zone
KSP/KAL/2025/00024,BURGLARY / HOUSE BREAKING,Kalaburagi,Ashok Nagar,17.3165,76.7997,2025-10-27 20:40:00,Solved,"Sec 454, 457, 380 IPC",High,88.8,High Risk Zone
KSP/MYS/2026/00025,BURGLARY / HOUSE BREAKING,Mysuru,Devaraja PS,12.2482,76.6215,2026-01-09 10:01:00,Charge Sheeted,"Sec 454, 457, 380 IPC",High,96.0,High Risk Zone
KSP/MAN/2025/00026,THEFT,Mangaluru,Barkarke,12.9481,74.875,2025-01-20 00:42:00,Closed,Sec 379 IPC,Medium,88.8,Standard Monitoring
KSP/GAD/2026/00027,MOTOR VEHICLE ACCIDENTS NON-FATAL,Gadag,Town PS,15.3703,75.6836,2026-01-28 22:02:00,Solved,"Sec 279, 337 IPC",Medium,85.3,Standard Monitoring
KSP/TUM/2024/00028,KPA 1963 VIOLATIONS,Tumakuru,Sira,13.3047,77.1317,2024-02-22 17:08:00,Solved,"Sec 78, 87 KPA",Low,91.6,Standard Monitoring
KSP/MAN/2024/00029,HURT / ASSAULT,Mangaluru,Panambur,12.974,74.8895,2024-11-09 19:37:00,Solved,"Sec 323, 324, 504 IPC",High,85.6,High Risk Zone
KSP/HUB/2025/00030,CrPC OFFENCES,Hubballi-Dharwad,Vidyagiri,15.3802,75.1595,2025-09-14 19:56:00,Solved,"Sec 107, 151 CrPC",Low,94.1,Standard Monitoring
KSP/RAI/2024/00031,MOTOR VEHICLE ACCIDENTS NON-FATAL,Raichur,Manvi,16.2542,77.4075,2024-05-31 19:54:00,Solved,"Sec 279, 337 IPC",Medium,89.8,Standard Monitoring
KSP/BAG/2025/00032,CrPC OFFENCES,Bagalkote,Ilkal,16.1975,75.7102,2025-09-17 02:27:00,Solved,"Sec 107, 151 CrPC",Low,85.1,Standard Monitoring
KSP/BEN/2026/00033,CrPC OFFENCES,Bengaluru City,Electronic City,12.9953,77.6327,2026-03-20 09:14:00,Closed,"Sec 107, 151 CrPC",Low,90.3,Standard Monitoring
KSP/BAL/2024/00034,THEFT,Ballari,Hospet Town,15.1452,76.8618,2024-06-10 11:53:00,Pending,Sec 379 IPC,Medium,97.9,Standard Monitoring
KSP/KOL/2025/00035,ROBBERY / DACOITY,Kolar,Robertsonpet,13.1368,78.1333,2025-05-18 17:40:00,Solved,"Sec 392, 395 IPC",Critical,93.3,High Risk Zone
KSP/RAM/2025/00036,CrPC OFFENCES,Ramanagara,Kanakapura,12.7697,77.3315,2025-01-21 10:30:00,Pending,"Sec 107, 151 CrPC",Low,89.6,Standard Monitoring
KSP/MAN/2024/00037,MOTOR VEHICLE ACCIDENTS NON-FATAL,Mandya,East PS,12.5915,76.9732,2024-05-25 10:28:00,Solved,"Sec 279, 337 IPC",Medium,89.3,Standard Monitoring
KSP/TUM/2024/00038,MOTOR VEHICLE ACCIDENTS NON-FATAL,Tumakuru,Kyatsandra,13.3169,77.0818,2024-03-13 21:10:00,Closed,"Sec 279, 337 IPC",Medium,91.7,Standard Monitoring
KSP/BEN/2026/00039,KPA 1963 VIOLATIONS,Bengaluru City,Electronic City,12.9545,77.5485,2026-06-24 14:40:00,Closed,"Sec 78, 87 KPA",Low,93.5,Standard Monitoring
KSP/MYS/2024/00040,THEFT,Mysuru,Vidyaranyapuram,12.2629,76.5906,2024-02-10 01:40:00,Investigating,Sec 379 IPC,Medium,94.8,Standard Monitoring
KSP/GAD/2024/00041,MOTOR VEHICLE ACCIDENTS NON-FATAL,Gadag,Betageri,15.4092,75.6875,2024-04-25 14:31:00,Solved,"Sec 279, 337 IPC",Medium,85.8,Standard Monitoring
KSP/KAL/2024/00042,HURT / ASSAULT,Kalaburagi,University PS,17.2581,76.8579,2024-04-22 21:16:00,Investigating,"Sec 323, 324, 504 IPC",High,90.2,High Risk Zone
KSP/MYS/2025/00043,THEFT,Mysuru,KRS Road,12.2441,76.7263,2025-11-22 03:42:00,Pending,Sec 379 IPC,Medium,89.0,Standard Monitoring
KSP/BEN/2025/00044,MOTOR VEHICLE ACCIDENTS NON-FATAL,Bengaluru City,Yelahanka,12.9851,77.5303,2025-05-30 00:29:00,Closed,"Sec 279, 337 IPC",Medium,86.8,Standard Monitoring
KSP/MAN/2025/00045,CYBER CRIME & FRAUD,Mangaluru,Surathkal,12.9109,74.899,2025-03-21 18:36:00,Charge Sheeted,"Sec 66D IT Act, 420 IPC",High,93.6,High Risk Zone
KSP/BEN/2025/00046,HURT / ASSAULT,Bengaluru Dist,Doddaballapura,13.007,77.5689,2025-10-24 22:42:00,Solved,"Sec 323, 324, 504 IPC",High,93.5,High Risk Zone
KSP/BEN/2025/00047,CrPC OFFENCES,Bengaluru City,Jayanagar,12.9767,77.5402,2025-11-08 04:27:00,Closed,"Sec 107, 151 CrPC",Low,92.6,Standard Monitoring
KSP/RAI/2026/00048,CYBER CRIME & FRAUD,Raichur,Sadabad,16.2634,77.3599,2026-04-02 13:00:00,Pending,"Sec 66D IT Act, 420 IPC",High,92.3,High Risk Zone
KSP/BEN/2024/00049,KPA 1963 VIOLATIONS,Bengaluru Dist,Devanahalli,13.1377,77.5526,2024-11-08 10:06:00,Pending,"Sec 78, 87 KPA",Low,97.4,Standard Monitoring
KSP/BEN/2025/00050,NARCOTICS (NDPS),Bengaluru Dist,Nelamangala,13.0156,77.5702,2025-04-13 05:14:00,Charge Sheeted,"Sec 20(b), 22 NDPS Act",Critical,90.7,High Risk Zone
KSP/BEN/2025/00051,THEFT,Bengaluru City,Cubbon Park,12.9464,77.6133,2025-06-19 16:44:00,Solved,Sec 379 IPC,Medium,86.3,Standard Monitoring
KSP/BEN/2025/00052,THEFT,Bengaluru Dist,Doddaballapura,13.127,77.5921,2025-04-02 02:26:00,Pending,Sec 379 IPC,Medium,86.7,Standard Monitoring
KSP/HUB/2024/00053,HURT / ASSAULT,Hubballi-Dharwad,Kamripeth,15.4369,75.1856,2024-10-01 21:33:00,Pending,"Sec 323, 324, 504 IPC",High,98.5,High Risk Zone
KSP/BEN/2024/00054,THEFT,Bengaluru City,Electronic City,13.0015,77.6073,2024-07-16 19:44:00,Solved,Sec 379 IPC,Medium,94.5,Standard Monitoring
KSP/BEN/2024/00055,MISSING PERSON,Bengaluru City,Whitefield,12.9735,77.6147,2024-08-21 02:07:00,Investigating,Sec 363 IPC,Medium,86.4,Standard Monitoring
KSP/BEL/2024/00056,CrPC OFFENCES,Belagavi,Camp PS,15.8568,74.5423,2024-12-20 17:53:00,Charge Sheeted,"Sec 107, 151 CrPC",Low,96.4,Standard Monitoring
KSP/BEN/2026/00057,NARCOTICS (NDPS),Bengaluru Dist,Hosakote,13.1189,77.6025,2026-03-10 12:55:00,Closed,"Sec 20(b), 22 NDPS Act",Critical,93.1,High Risk Zone
KSP/TUM/2025/00058,HURT / ASSAULT,Tumakuru,Town PS,13.2744,77.106,2025-06-16 16:41:00,Investigating,"Sec 323, 324, 504 IPC",High,97.7,High Risk Zone
KSP/MYS/2024/00059,THEFT,Mysuru,KRS Road,12.3143,76.6167,2024-05-29 13:35:00,Charge Sheeted,Sec 379 IPC,Medium,88.7,Standard Monitoring
KSP/DAV/2024/00060,MOTOR VEHICLE ACCIDENTS NON-FATAL,Davanagere,PJ Extension,14.3969,75.9824,2024-11-28 09:51:00,Closed,"Sec 279, 337 IPC",Medium,86.7,Standard Monitoring
KSP/BEN/2025/00061,CrPC OFFENCES,Bengaluru City,Indiranagar,13.0465,77.552,2025-08-16 11:23:00,Investigating,"Sec 107, 151 CrPC",Low,90.9,Standard Monitoring
KSP/BEN/2024/00062,CYBER CRIME & FRAUD,Bengaluru Dist,Hosakote,13.1186,77.6326,2024-05-12 22:54:00,Investigating,"Sec 66D IT Act, 420 IPC",High,91.4,High Risk Zone
KSP/BEN/2025/00063,HURT / ASSAULT,Bengaluru Dist,Doddaballapura,13.1221,77.631,2025-02-18 10:12:00,Solved,"Sec 323, 324, 504 IPC",High,95.6,High Risk Zone
KSP/KOL/2026/00064,HURT / ASSAULT,Kolar,Bangarapet,13.1709,78.1557,2026-01-27 12:35:00,Pending,"Sec 323, 324, 504 IPC",High,91.4,High Risk Zone
KSP/TUM/2025/00065,CYBER CRIME & FRAUD,Tumakuru,Gubbi,13.3769,77.0247,2025-11-01 17:08:00,Pending,"Sec 66D IT Act, 420 IPC",High,85.7,High Risk Zone
KSP/RAI/2026/00066,MOTOR VEHICLE ACCIDENTS NON-FATAL,Raichur,Sadabad,16.255,77.2911,2026-07-03 08:26:00,Closed,"Sec 279, 337 IPC",Medium,86.9,Standard Monitoring
KSP/CHI/2024/00067,MOTOR VEHICLE ACCIDENTS NON-FATAL,Chikkaballapura,Chintamani,13.3932,77.7067,2024-06-23 04:57:00,Charge Sheeted,"Sec 279, 337 IPC",Medium,88.4,Standard Monitoring
KSP/CHA/2025/00068,MOTOR VEHICLE ACCIDENTS NON-FATAL,Chamarajanagar,Kollegal,11.9759,76.924,2025-07-04 22:01:00,Charge Sheeted,"Sec 279, 337 IPC",Medium,91.3,Standard Monitoring
KSP/MYS/2025/00069,THEFT,Mysuru,Devaraja PS,12.275,76.6889,2025-10-03 18:31:00,Pending,Sec 379 IPC,Medium,95.4,Standard Monitoring
KSP/BEN/2026/00070,THEFT,Bengaluru City,Yelahanka,13.0369,77.5274,2026-05-31 13:34:00,Charge Sheeted,Sec 379 IPC,Medium,87.9,Standard Monitoring
KSP/BEN/2026/00071,THEFT,Bengaluru City,Indiranagar,13.0126,77.6735,2026-05-12 22:16:00,Investigating,Sec 379 IPC,Medium,91.6,Standard Monitoring
KSP/KAL/2025/00072,CrPC OFFENCES,Kalaburagi,University PS,17.356,76.8809,2025-06-29 12:44:00,Pending,"Sec 107, 151 CrPC",Low,86.0,Standard Monitoring
KSP/HAS/2024/00073,MISSING PERSON,Hassan,Gorur,13.0006,76.0874,2024-04-23 19:46:00,Investigating,Sec 363 IPC,Medium,92.2,Standard Monitoring
KSP/KOL/2025/00074,MOTOR VEHICLE ACCIDENTS NON-FATAL,Kolar,Robertsonpet,13.1012,78.1243,2025-04-26 04:20:00,Investigating,"Sec 279, 337 IPC",Medium,85.1,Standard Monitoring
KSP/UTT/2025/00075,BURGLARY / HOUSE BREAKING,Uttara Kannada,Dandeli,14.7294,74.1931,2025-04-10 09:38:00,Closed,"Sec 454, 457, 380 IPC",High,90.6,High Risk Zone
KSP/RAM/2026/00076,CrPC OFFENCES,Ramanagara,Kanakapura,12.7019,77.3135,2026-01-24 09:12:00,Pending,"Sec 107, 151 CrPC",Low,91.7,Standard Monitoring
KSP/CHI/2026/00077,CYBER CRIME & FRAUD,Chikkaballapura,Chintamani,13.4998,77.6991,2026-05-01 20:58:00,Closed,"Sec 66D IT Act, 420 IPC",High,88.4,High Risk Zone
KSP/BEN/2025/00078,CrPC OFFENCES,Bengaluru City,Koramangala,13.0246,77.6124,2025-08-31 11:13:00,Investigating,"Sec 107, 151 CrPC",Low,95.6,Standard Monitoring
KSP/TUM/2024/00079,MOTOR VEHICLE ACCIDENTS NON-FATAL,Tumakuru,Kyatsandra,13.3979,77.0555,2024-06-22 08:31:00,Solved,"Sec 279, 337 IPC",Medium,93.5,Standard Monitoring
KSP/UDU/2025/00080,MOTOR VEHICLE ACCIDENTS NON-FATAL,Udupi,Manipal,13.3974,74.6774,2025-01-09 08:17:00,Pending,"Sec 279, 337 IPC",Medium,95.7,Standard Monitoring
KSP/BEN/2024/00081,HURT / ASSAULT,Bengaluru Dist,Doddaballapura,13.1251,77.6111,2024-12-20 06:39:00,Charge Sheeted,"Sec 323, 324, 504 IPC",High,96.2,High Risk Zone
KSP/TUM/2025/00082,HURT / ASSAULT,Tumakuru,Sira,13.4002,77.1028,2025-08-22 03:48:00,Closed,"Sec 323, 324, 504 IPC",High,96.6,High Risk Zone
KSP/BEN/2025/00083,MISSING PERSON,Bengaluru City,Cubbon Park,12.9312,77.6361,2025-05-24 06:21:00,Solved,Sec 363 IPC,Medium,92.3,Standard Monitoring
KSP/RAI/2026/00084,MISSING PERSON,Raichur,Sindhanur,16.2045,77.3578,2026-03-14 04:40:00,Solved,Sec 363 IPC,Medium,90.3,Standard Monitoring
KSP/BEN/2025/00085,THEFT,Bengaluru City,Hebbal,12.9061,77.647,2025-05-25 15:15:00,Closed,Sec 379 IPC,Medium,85.4,Standard Monitoring
KSP/RAM/2026/00086,MISSING PERSON,Ramanagara,Ijoor PS,12.7031,77.3602,2026-07-25 10:38:00,Closed,Sec 363 IPC,Medium,88.0,Standard Monitoring
KSP/CHI/2024/00087,HURT / ASSAULT,Chitradurga,Town PS,14.203,76.4713,2024-03-21 18:05:00,Charge Sheeted,"Sec 323, 324, 504 IPC",High,85.1,High Risk Zone
KSP/UDU/2024/00088,KPA 1963 VIOLATIONS,Udupi,Town PS,13.3188,74.6625,2024-10-02 20:25:00,Pending,"Sec 78, 87 KPA",Low,93.8,Standard Monitoring
KSP/BEN/2025/00089,HURT / ASSAULT,Bengaluru City,Koramangala,12.9641,77.5803,2025-07-08 22:33:00,Charge Sheeted,"Sec 323, 324, 504 IPC",High,91.4,High Risk Zone
KSP/CHI/2025/00090,BURGLARY / HOUSE BREAKING,Chitradurga,Town PS,14.2156,76.3875,2025-04-18 17:36:00,Charge Sheeted,"Sec 454, 457, 380 IPC",High,87.7,High Risk Zone
KSP/RAM/2025/00091,CrPC OFFENCES,Ramanagara,Ijoor PS,12.7039,77.3004,2025-07-01 18:42:00,Investigating,"Sec 107, 151 CrPC",Low,92.2,Standard Monitoring
KSP/MAN/2024/00092,BURGLARY / HOUSE BREAKING,Mangaluru,Panambur,12.841,74.8023,2024-04-23 18:17:00,Solved,"Sec 454, 457, 380 IPC",High,97.3,High Risk Zone
KSP/KAL/2025/00093,KPA 1963 VIOLATIONS,Kalaburagi,Brahampur,17.2688,76.8994,2025-09-30 14:51:00,Pending,"Sec 78, 87 KPA",Low,91.3,Standard Monitoring
KSP/BAG/2025/00094,THEFT,Bagalkote,Ilkal,16.1798,75.7357,2025-06-11 23:13:00,Closed,Sec 379 IPC,Medium,87.0,Standard Monitoring
KSP/MYS/2024/00095,THEFT,Mysuru,Devaraja PS,12.3497,76.6887,2024-12-09 20:39:00,Closed,Sec 379 IPC,Medium,95.1,Standard Monitoring
KSP/BEN/2026/00096,MOTOR VEHICLE ACCIDENTS NON-FATAL,Bengaluru City,Hebbal,13.0189,77.6632,2026-03-21 00:31:00,Closed,"Sec 279, 337 IPC",Medium,88.0,Standard Monitoring
KSP/KAL/2024/00097,HURT / ASSAULT,Kalaburagi,Ashok Nagar,17.3623,76.7915,2024-10-07 20:15:00,Pending,"Sec 323, 324, 504 IPC",High,95.6,High Risk Zone
KSP/BEN/2024/00098,HURT / ASSAULT,Bengaluru Dist,Doddaballapura,13.0538,77.5293,2024-08-20 16:06:00,Pending,"Sec 323, 324, 504 IPC",High,92.3,High Risk Zone
KSP/MYS/2025/00099,NARCOTICS (NDPS),Mysuru,Devaraja PS,12.32,76.6728,2025-08-01 05:50:00,Charge Sheeted,"Sec 20(b), 22 NDPS Act",Critical,88.4,High Risk Zone
KSP/BEN/2026/00100,CrPC OFFENCES,Bengaluru City,Koramangala,13.0033,77.6267,2026-02-01 07:06:00,Closed,"Sec 107, 151 CrPC",Low,91.4,Standard Monitoring
KSP/MYS/2024/00101,CrPC OFFENCES,Mysuru,KRS Road,12.3235,76.6851,2024-08-09 09:16:00,Solved,"Sec 107, 151 CrPC",Low,86.0,Standard Monitoring
KSP/UDU/2025/00102,KPA 1963 VIOLATIONS,Udupi,Malpe,13.2869,74.7146,2025-11-14 18:59:00,Closed,"Sec 78, 87 KPA",Low,87.7,Standard Monitoring
KSP/HAS/2025/00103,THEFT,Hassan,City PS,12.943,76.1082,2025-08-11 21:44:00,Investigating,Sec 379 IPC,Medium,91.7,Standard Monitoring
KSP/KAL/2025/00104,CrPC OFFENCES,Kalaburagi,University PS,17.3482,76.8648,2025-06-22 15:40:00,Closed,"Sec 107, 151 CrPC",Low,91.4,Standard Monitoring
KSP/BEN/2025/00105,CrPC OFFENCES,Bengaluru City,Hebbal,12.9345,77.5659,2025-06-26 13:53:00,Solved,"Sec 107, 151 CrPC",Low,85.9,Standard Monitoring
KSP/KAL/2026/00106,CrPC OFFENCES,Kalaburagi,Brahampur,17.3864,76.7751,2026-04-17 03:50:00,Investigating,"Sec 107, 151 CrPC",Low,93.4,Standard Monitoring
KSP/BEN/2026/00107,KPA 1963 VIOLATIONS,Bengaluru City,Koramangala,12.8966,77.6496,2026-02-04 06:01:00,Closed,"Sec 78, 87 KPA",Low,93.6,Standard Monitoring
KSP/KAL/2025/00108,MOTOR VEHICLE ACCIDENTS NON-FATAL,Kalaburagi,Station Bazar,17.3657,76.9041,2025-01-19 00:05:00,Closed,"Sec 279, 337 IPC",Medium,94.5,Standard Monitoring
KSP/BEN/2024/00109,CrPC OFFENCES,Bengaluru City,Electronic City,12.9649,77.6196,2024-04-21 04:33:00,Investigating,"Sec 107, 151 CrPC",Low,92.9,Standard Monitoring
KSP/BEN/2024/00110,NARCOTICS (NDPS),Bengaluru City,Hebbal,12.9475,77.6611,2024-07-06 03:01:00,Closed,"Sec 20(b), 22 NDPS Act",Critical,90.2,High Risk Zone
KSP/MYS/2024/00111,HURT / ASSAULT,Mysuru,KRS Road,12.227,76.6365,2024-11-27 17:14:00,Investigating,"Sec 323, 324, 504 IPC",High,98.0,High Risk Zone
KSP/KOL/2024/00112,HURT / ASSAULT,Kolar,Robertsonpet,13.1016,78.1688,2024-11-06 06:38:00,Pending,"Sec 323, 324, 504 IPC",High,91.1,High Risk Zone
KSP/BEN/2026/00113,CrPC OFFENCES,Bengaluru City,Yelahanka,12.8968,77.5338,2026-06-17 19:41:00,Closed,"Sec 107, 151 CrPC",Low,92.5,Standard Monitoring
KSP/MAN/2024/00114,KPA 1963 VIOLATIONS,Mangaluru,Kadri,12.9163,74.8474,2024-02-28 18:47:00,Closed,"Sec 78, 87 KPA",Low,85.1,Standard Monitoring
KSP/MYS/2025/00115,BURGLARY / HOUSE BREAKING,Mysuru,Nazarbad,12.3582,76.6826,2025-04-02 09:28:00,Investigating,"Sec 454, 457, 380 IPC",High,92.6,High Risk Zone
KSP/BEN/2026/00116,ROBBERY / DACOITY,Bengaluru City,Yelahanka,12.8942,77.5276,2026-02-19 16:55:00,Pending,"Sec 392, 395 IPC",Critical,87.4,High Risk Zone
KSP/BEN/2024/00117,KPA 1963 VIOLATIONS,Bengaluru City,Koramangala,12.9972,77.5965,2024-01-06 18:50:00,Solved,"Sec 78, 87 KPA",Low,86.7,Standard Monitoring
KSP/BEN/2024/00118,THEFT,Bengaluru City,Koramangala,12.9959,77.6509,2024-05-31 05:51:00,Charge Sheeted,Sec 379 IPC,Medium,92.6,Standard Monitoring
KSP/BEN/2024/00119,MOTOR VEHICLE ACCIDENTS NON-FATAL,Bengaluru City,Cubbon Park,12.9862,77.5624,2024-07-24 22:29:00,Solved,"Sec 279, 337 IPC",Medium,94.4,Standard Monitoring
KSP/BEN/2026/00120,CYBER CRIME & FRAUD,Bengaluru City,Electronic City,12.9048,77.5797,2026-03-19 05:37:00,Solved,"Sec 66D IT Act, 420 IPC",High,88.9,High Risk Zone
KSP/BEN/2026/00121,HURT / ASSAULT,Bengaluru City,Koramangala,12.995,77.5877,2026-07-01 22:00:00,Solved,"Sec 323, 324, 504 IPC",High,93.5,High Risk Zone
KSP/HAS/2025/00122,CYBER CRIME & FRAUD,Hassan,Arsikere,13.0794,76.0999,2025-07-22 15:09:00,Investigating,"Sec 66D IT Act, 420 IPC",High,86.7,High Risk Zone
KSP/MAN/2025/00123,MOTOR VEHICLE ACCIDENTS NON-FATAL,Mandya,Maddur,12.5752,76.8735,2025-01-22 02:33:00,Pending,"Sec 279, 337 IPC",Medium,95.8,Standard Monitoring
KSP/BEN/2025/00124,MISSING PERSON,Bengaluru City,Indiranagar,13.0393,77.6596,2025-07-25 12:18:00,Charge Sheeted,Sec 363 IPC,Medium,93.6,Standard Monitoring
KSP/TUM/2025/00125,MOTOR VEHICLE ACCIDENTS NON-FATAL,Tumakuru,Town PS,13.4024,77.1173,2025-12-05 13:10:00,Investigating,"Sec 279, 337 IPC",Medium,87.0,Standard Monitoring
KSP/UTT/2024/00126,THEFT,Uttara Kannada,Karwar Town,14.8636,74.0938,2024-01-29 10:45:00,Closed,Sec 379 IPC,Medium,90.2,Standard Monitoring
KSP/BEN/2026/00127,BURGLARY / HOUSE BREAKING,Bengaluru City,Jayanagar,12.9235,77.6509,2026-04-05 17:19:00,Closed,"Sec 454, 457, 380 IPC",High,87.0,High Risk Zone
KSP/SHI/2025/00128,HURT / ASSAULT,Shivamogga,Bhadravathi,13.971,75.4929,2025-11-15 06:09:00,Solved,"Sec 323, 324, 504 IPC",High,88.4,High Risk Zone
KSP/CHI/2026/00129,NARCOTICS (NDPS),Chitradurga,Hiriyur,14.2806,76.3813,2026-03-30 01:25:00,Charge Sheeted,"Sec 20(b), 22 NDPS Act",Critical,93.5,High Risk Zone
KSP/MAN/2024/00130,HURT / ASSAULT,Mangaluru,Barkarke,12.8752,74.9345,2024-06-10 04:59:00,Investigating,"Sec 323, 324, 504 IPC",High,98.2,High Risk Zone
KSP/BEN/2024/00131,ROBBERY / DACOITY,Bengaluru City,Yelahanka,12.9433,77.5576,2024-05-09 06:16:00,Investigating,"Sec 392, 395 IPC",Critical,93.4,High Risk Zone
KSP/HUB/2024/00132,HURT / ASSAULT,Hubballi-Dharwad,Vidyagiri,15.4359,75.1893,2024-03-19 02:34:00,Solved,"Sec 323, 324, 504 IPC",High,95.4,High Risk Zone
KSP/MAN/2026/00133,BURGLARY / HOUSE BREAKING,Mangaluru,Surathkal,12.849,74.8546,2026-03-07 21:23:00,Solved,"Sec 454, 457, 380 IPC",High,86.9,High Risk Zone
KSP/TUM/2026/00134,MOTOR VEHICLE ACCIDENTS NON-FATAL,Tumakuru,Town PS,13.3974,77.0425,2026-06-03 03:47:00,Pending,"Sec 279, 337 IPC",Medium,86.9,Standard Monitoring
KSP/BEN/2026/00135,CrPC OFFENCES,Bengaluru City,Whitefield,12.8946,77.6579,2026-06-25 14:24:00,Charge Sheeted,"Sec 107, 151 CrPC",Low,88.0,Standard Monitoring
KSP/BEN/2025/00136,MOTOR VEHICLE ACCIDENTS NON-FATAL,Bengaluru City,Koramangala,12.9841,77.5794,2025-10-30 00:35:00,Charge Sheeted,"Sec 279, 337 IPC",Medium,88.7,Standard Monitoring
KSP/VIJ/2026/00137,CrPC OFFENCES,Vijayapura,Gandhi Chowk,16.8354,75.6476,2026-02-24 13:47:00,Charge Sheeted,"Sec 107, 151 CrPC",Low,86.2,Standard Monitoring
KSP/MYS/2024/00138,THEFT,Mysuru,Nazarbad,12.3637,76.6718,2024-12-15 06:03:00,Charge Sheeted,Sec 379 IPC,Medium,87.1,Standard Monitoring
KSP/BAG/2025/00139,KPA 1963 VIOLATIONS,Bagalkote,Jamkhandi,16.1202,75.7157,2025-06-23 01:09:00,Charge Sheeted,"Sec 78, 87 KPA",Low,92.2,Standard Monitoring
KSP/VIJ/2025/00140,HURT / ASSAULT,Vijayapura,Gol Gumbaz PS,16.7962,75.7787,2025-06-17 05:20:00,Charge Sheeted,"Sec 323, 324, 504 IPC",High,88.2,High Risk Zone
KSP/BEN/2025/00141,HURT / ASSAULT,Bengaluru City,Jayanagar,13.0076,77.6743,2025-09-17 14:37:00,Charge Sheeted,"Sec 323, 324, 504 IPC",High,86.4,High Risk Zone
KSP/BEN/2024/00142,BURGLARY / HOUSE BREAKING,Bengaluru City,Cubbon Park,12.97,77.6693,2024-11-15 10:59:00,Charge Sheeted,"Sec 454, 457, 380 IPC",High,87.2,High Risk Zone
KSP/DAV/2024/00143,NARCOTICS (NDPS),Davanagere,Vidyanagar,14.4543,75.8671,2024-08-14 02:45:00,Closed,"Sec 20(b), 22 NDPS Act",Critical,96.3,High Risk Zone
KSP/MAN/2026/00144,CrPC OFFENCES,Mangaluru,Surathkal,12.9394,74.8327,2026-07-17 16:12:00,Pending,"Sec 107, 151 CrPC",Low,88.1,Standard Monitoring
KSP/VIJ/2026/00145,MOTOR VEHICLE ACCIDENTS NON-FATAL,Vijayanagara,Harapanahalli,15.2427,76.4136,2026-06-29 00:13:00,Charge Sheeted,"Sec 279, 337 IPC",Medium,87.3,Standard Monitoring
KSP/MAN/2025/00146,MOTOR VEHICLE ACCIDENTS NON-FATAL,Mangaluru,Kadri,12.8988,74.8192,2025-01-11 18:34:00,Closed,"Sec 279, 337 IPC",Medium,85.4,Standard Monitoring
KSP/KOD/2024/00147,ROBBERY / DACOITY,Kodagu,Gonikoppal,12.4825,75.7215,2024-04-16 11:40:00,Investigating,"Sec 392, 395 IPC",Critical,92.9,High Risk Zone
KSP/BEN/2025/00148,MOTOR VEHICLE ACCIDENTS NON-FATAL,Bengaluru City,Electronic City,13.0339,77.5906,2025-12-18 22:58:00,Charge Sheeted,"Sec 279, 337 IPC",Medium,88.7,Standard Monitoring
KSP/BEN/2024/00149,BURGLARY / HOUSE BREAKING,Bengaluru City,Electronic City,13.0032,77.5412,2024-08-12 13:58:00,Closed,"Sec 454, 457, 380 IPC",High,93.2,High Risk Zone
KSP/TUM/2025/00150,MISSING PERSON,Tumakuru,Kyatsandra,13.3616,77.0734,2025-03-29 00:15:00,Investigating,Sec 363 IPC,Medium,86.7,Standard Monitoring
KSP/BEN/2026/00151,THEFT,Bengaluru Dist,Devanahalli,13.0251,77.538,2026-06-01 17:08:00,Investigating,Sec 379 IPC,Medium,85.6,Standard Monitoring
KSP/BEN/2026/00152,NARCOTICS (NDPS),Bengaluru Dist,Nelamangala,13.0712,77.5334,2026-01-12 00:28:00,Charge Sheeted,"Sec 20(b), 22 NDPS Act",Critical,85.1,High Risk Zone
KSP/BEN/2025/00153,BURGLARY / HOUSE BREAKING,Bengaluru City,Jayanagar,12.9292,77.6189,2025-07-27 22:47:00,Charge Sheeted,"Sec 454, 457, 380 IPC",High,86.8,High Risk Zone
KSP/BEN/2025/00154,THEFT,Bengaluru City,Jayanagar,13.0094,77.5419,2025-07-11 08:37:00,Charge Sheeted,Sec 379 IPC,Medium,87.0,Standard Monitoring
KSP/UDU/2026/00155,BURGLARY / HOUSE BREAKING,Udupi,Town PS,13.3043,74.777,2026-06-02 02:04:00,Investigating,"Sec 454, 457, 380 IPC",High,92.1,High Risk Zone
KSP/MYS/2024/00156,CrPC OFFENCES,Mysuru,KRS Road,12.3645,76.7313,2024-09-28 22:32:00,Pending,"Sec 107, 151 CrPC",Low,85.1,Standard Monitoring
KSP/BEN/2025/00157,KPA 1963 VIOLATIONS,Bengaluru City,Koramangala,12.9877,77.5941,2025-08-02 15:14:00,Investigating,"Sec 78, 87 KPA",Low,90.0,Standard Monitoring
KSP/TUM/2024/00158,CYBER CRIME & FRAUD,Tumakuru,Tiptur,13.3956,77.1344,2024-03-20 23:34:00,Solved,"Sec 66D IT Act, 420 IPC",High,92.9,High Risk Zone
KSP/BEL/2024/00159,MOTOR VEHICLE ACCIDENTS NON-FATAL,Belagavi,Market PS,15.8089,74.5797,2024-03-04 15:10:00,Closed,"Sec 279, 337 IPC",Medium,89.5,Standard Monitoring
KSP/BEN/2024/00160,CrPC OFFENCES,Bengaluru City,Yelahanka,12.9158,77.6064,2024-01-15 15:52:00,Pending,"Sec 107, 151 CrPC",Low,92.2,Standard Monitoring
KSP/HUB/2024/00161,CrPC OFFENCES,Hubballi-Dharwad,Dharwad Town,15.4139,75.1267,2024-12-14 15:40:00,Investigating,"Sec 107, 151 CrPC",Low,86.9,Standard Monitoring
KSP/BAG/2024/00162,MOTOR VEHICLE ACCIDENTS NON-FATAL,Bagalkote,Jamkhandi,16.2177,75.6374,2024-03-27 21:36:00,Closed,"Sec 279, 337 IPC",Medium,93.4,Standard Monitoring
KSP/BAL/2024/00163,THEFT,Ballari,Cowl Bazar,15.1432,76.8588,2024-02-25 02:43:00,Pending,Sec 379 IPC,Medium,85.1,Standard Monitoring
KSP/HUB/2026/00164,MISSING PERSON,Hubballi-Dharwad,Vidyagiri,15.3944,75.0602,2026-04-02 20:32:00,Charge Sheeted,Sec 363 IPC,Medium,97.5,Standard Monitoring
KSP/KOL/2024/00165,MISSING PERSON,Kolar,Gulpet,13.1613,78.177,2024-06-28 06:21:00,Pending,Sec 363 IPC,Medium,93.4,Standard Monitoring
KSP/KOP/2024/00166,CrPC OFFENCES,Koppal,Gangavathi,15.3924,76.16,2024-09-16 08:44:00,Solved,"Sec 107, 151 CrPC",Low,91.3,Standard Monitoring
KSP/BEN/2025/00167,THEFT,Bengaluru City,Electronic City,12.9378,77.6422,2025-11-18 12:20:00,Closed,Sec 379 IPC,Medium,96.2,Standard Monitoring
KSP/BEN/2024/00168,CrPC OFFENCES,Bengaluru City,Hebbal,12.9979,77.5574,2024-05-07 22:12:00,Pending,"Sec 107, 151 CrPC",Low,85.0,Standard Monitoring
KSP/HUB/2024/00169,MISSING PERSON,Hubballi-Dharwad,Vidyagiri,15.4121,75.0815,2024-02-06 01:15:00,Charge Sheeted,Sec 363 IPC,Medium,86.3,Standard Monitoring
KSP/HAS/2025/00170,KPA 1963 VIOLATIONS,Hassan,Pension Mohalla,13.0394,76.0879,2025-09-19 18:15:00,Pending,"Sec 78, 87 KPA",Low,94.3,Standard Monitoring
KSP/BEN/2025/00171,KPA 1963 VIOLATIONS,Bengaluru City,Electronic City,12.9191,77.6461,2025-03-15 19:34:00,Solved,"Sec 78, 87 KPA",Low,95.0,Standard Monitoring
KSP/KAL/2026/00172,MOTOR VEHICLE ACCIDENTS NON-FATAL,Kalaburagi,University PS,17.3621,76.8754,2026-06-21 00:47:00,Closed,"Sec 279, 337 IPC",Medium,97.2,Standard Monitoring
KSP/BEN/2024/00173,BURGLARY / HOUSE BREAKING,Bengaluru City,Whitefield,12.9511,77.5878,2024-10-13 02:50:00,Solved,"Sec 454, 457, 380 IPC",High,92.7,High Risk Zone
KSP/VIJ/2026/00174,THEFT,Vijayapura,Indi,16.8518,75.6509,2026-02-23 10:32:00,Investigating,Sec 379 IPC,Medium,90.1,Standard Monitoring
KSP/BEN/2024/00175,THEFT,Bengaluru City,Jayanagar,12.9505,77.6473,2024-09-25 05:10:00,Pending,Sec 379 IPC,Medium,95.7,Standard Monitoring
KSP/BEN/2024/00176,CrPC OFFENCES,Bengaluru Dist,Nelamangala,13.0956,77.5101,2024-06-14 15:20:00,Investigating,"Sec 107, 151 CrPC",Low,91.4,Standard Monitoring
KSP/UDU/2026/00177,KPA 1963 VIOLATIONS,Udupi,Kundapura,13.309,74.7301,2026-05-28 13:40:00,Charge Sheeted,"Sec 78, 87 KPA",Low,92.1,Standard Monitoring
KSP/TUM/2024/00178,THEFT,Tumakuru,Tiptur,13.4137,77.1506,2024-07-06 11:59:00,Pending,Sec 379 IPC,Medium,89.1,Standard Monitoring
KSP/MAN/2024/00179,MOTOR VEHICLE ACCIDENTS NON-FATAL,Mangaluru,Surathkal,12.9914,74.8329,2024-01-30 18:32:00,Charge Sheeted,"Sec 279, 337 IPC",Medium,86.0,Standard Monitoring
KSP/VIJ/2026/00180,MISSING PERSON,Vijayapura,Indi,16.8758,75.7186,2026-05-29 08:46:00,Closed,Sec 363 IPC,Medium,88.8,Standard Monitoring
KSP/BID/2024/00181,THEFT,Bidar,Gandhi Gunj,17.8579,77.5473,2024-03-20 08:42:00,Solved,Sec 379 IPC,Medium,90.0,Standard Monitoring
KSP/RAI/2025/00182,MISSING PERSON,Raichur,Sindhanur,16.1314,77.283,2025-11-16 08:54:00,Solved,Sec 363 IPC,Medium,85.3,Standard Monitoring
KSP/BEN/2024/00183,CrPC OFFENCES,Bengaluru City,Whitefield,13.002,77.6156,2024-02-29 21:34:00,Charge Sheeted,"Sec 107, 151 CrPC",Low,96.2,Standard Monitoring
KSP/BAL/2024/00184,KPA 1963 VIOLATIONS,Ballari,Cowl Bazar,15.0679,76.9838,2024-09-30 21:01:00,Closed,"Sec 78, 87 KPA",Low,88.7,Standard Monitoring
KSP/YAD/2025/00185,CYBER CRIME & FRAUD,Yadgir,Shahapur,16.7734,77.1431,2025-03-27 20:05:00,Closed,"Sec 66D IT Act, 420 IPC",High,86.6,High Risk Zone
KSP/HUB/2025/00186,MOTOR VEHICLE ACCIDENTS NON-FATAL,Hubballi-Dharwad,Gokul Road,15.3551,75.1931,2025-07-12 20:35:00,Solved,"Sec 279, 337 IPC",Medium,90.0,Standard Monitoring
KSP/HUB/2025/00187,BURGLARY / HOUSE BREAKING,Hubballi-Dharwad,Gokul Road,15.4058,75.1499,2025-06-18 05:49:00,Charge Sheeted,"Sec 454, 457, 380 IPC",High,87.0,High Risk Zone
KSP/BEN/2025/00188,BURGLARY / HOUSE BREAKING,Bengaluru City,Koramangala,13.0412,77.5473,2025-06-28 23:51:00,Charge Sheeted,"Sec 454, 457, 380 IPC",High,95.0,High Risk Zone
KSP/BEL/2026/00189,MISSING PERSON,Belagavi,Gokak,15.8038,74.5617,2026-06-22 13:04:00,Closed,Sec 363 IPC,Medium,94.8,Standard Monitoring
KSP/MYS/2026/00190,MOTOR VEHICLE ACCIDENTS NON-FATAL,Mysuru,KRS Road,12.2624,76.6133,2026-02-02 11:28:00,Closed,"Sec 279, 337 IPC",Medium,91.7,Standard Monitoring
KSP/BEN/2025/00191,CYBER CRIME & FRAUD,Bengaluru City,Koramangala,13.0014,77.5988,2025-12-05 16:35:00,Closed,"Sec 66D IT Act, 420 IPC",High,94.4,High Risk Zone
KSP/DAV/2024/00192,MOTOR VEHICLE ACCIDENTS NON-FATAL,Davanagere,PJ Extension,14.3928,75.9288,2024-05-02 21:37:00,Solved,"Sec 279, 337 IPC",Medium,85.7,Standard Monitoring
KSP/BEN/2025/00193,THEFT,Bengaluru City,Indiranagar,13.006,77.6518,2025-06-27 21:22:00,Solved,Sec 379 IPC,Medium,97.9,Standard Monitoring
KSP/BEN/2026/00194,THEFT,Bengaluru City,Yelahanka,13.0299,77.6067,2026-04-26 00:26:00,Closed,Sec 379 IPC,Medium,95.2,Standard Monitoring
KSP/MYS/2026/00195,MOTOR VEHICLE ACCIDENTS NON-FATAL,Mysuru,KRS Road,12.2386,76.6757,2026-07-12 21:50:00,Pending,"Sec 279, 337 IPC",Medium,94.2,Standard Monitoring
KSP/MYS/2025/00196,NARCOTICS (NDPS),Mysuru,KRS Road,12.2806,76.7331,2025-06-11 15:36:00,Investigating,"Sec 20(b), 22 NDPS Act",Critical,85.1,High Risk Zone
KSP/BEN/2025/00197,MOTOR VEHICLE ACCIDENTS NON-FATAL,Bengaluru City,Electronic City,13.0274,77.6479,2025-05-18 03:04:00,Investigating,"Sec 279, 337 IPC",Medium,85.5,Standard Monitoring
KSP/BEL/2026/00198,MOTOR VEHICLE ACCIDENTS NON-FATAL,Belagavi,Gokak,15.7772,74.4409,2026-05-24 12:25:00,Closed,"Sec 279, 337 IPC",Medium,96.8,Standard Monitoring
KSP/BEN/2024/00199,ROBBERY / DACOITY,Bengaluru City,Indiranagar,13.0479,77.5972,2024-02-16 08:29:00,Solved,"Sec 392, 395 IPC",Critical,87.4,High Risk Zone
KSP/BAL/2025/00200,NARCOTICS (NDPS),Ballari,Gandhinagar,15.1247,76.9856,2025-10-19 09:19:00,Pending,"Sec 20(b), 22 NDPS Act",Critical,88.4,High Risk Zone
KSP/RAM/2025/00201,MOTOR VEHICLE ACCIDENTS NON-FATAL,Ramanagara,Magadi,12.7347,77.2553,2025-12-08 17:02:00,Investigating,"Sec 279, 337 IPC",Medium,85.7,Standard Monitoring
KSP/BEN/2026/00202,CYBER CRIME & FRAUD,Bengaluru Dist,Devanahalli,13.006,77.5812,2026-06-29 02:30:00,Investigating,"Sec 66D IT Act, 420 IPC",High,97.6,High Risk Zone
KSP/BEN/2025/00203,MOTOR VEHICLE ACCIDENTS NON-FATAL,Bengaluru Dist,Hosakote,13.1467,77.6459,2025-05-12 23:36:00,Charge Sheeted,"Sec 279, 337 IPC",Medium,85.7,Standard Monitoring
KSP/KOD/2025/00204,HURT / ASSAULT,Kodagu,Gonikoppal,12.4969,75.6755,2025-11-01 06:29:00,Closed,"Sec 323, 324, 504 IPC",High,89.2,High Risk Zone
KSP/HAS/2024/00205,ROBBERY / DACOITY,Hassan,City PS,13.003,76.1351,2024-01-13 07:51:00,Pending,"Sec 392, 395 IPC",Critical,96.0,High Risk Zone
KSP/HUB/2025/00206,KPA 1963 VIOLATIONS,Hubballi-Dharwad,Suburban PS,15.4084,75.1101,2025-04-29 16:10:00,Closed,"Sec 78, 87 KPA",Low,92.3,Standard Monitoring
KSP/BEN/2026/00207,MOTOR VEHICLE ACCIDENTS NON-FATAL,Bengaluru City,Indiranagar,13.0413,77.6198,2026-03-18 07:14:00,Charge Sheeted,"Sec 279, 337 IPC",Medium,89.5,Standard Monitoring
KSP/BAL/2026/00208,THEFT,Ballari,Brucepet,15.2019,76.9662,2026-04-17 16:37:00,Pending,Sec 379 IPC,Medium,97.4,Standard Monitoring
KSP/MYS/2024/00209,CYBER CRIME & FRAUD,Mysuru,Lashkar PS,12.3098,76.6055,2024-03-19 08:20:00,Solved,"Sec 66D IT Act, 420 IPC",High,86.0,High Risk Zone
KSP/UDU/2026/00210,MISSING PERSON,Udupi,Manipal,13.3853,74.7386,2026-02-24 08:37:00,Investigating,Sec 363 IPC,Medium,88.1,Standard Monitoring
KSP/BEL/2024/00211,MISSING PERSON,Belagavi,Camp PS,15.8198,74.4648,2024-07-08 11:03:00,Solved,Sec 363 IPC,Medium,91.7,Standard Monitoring
KSP/BAG/2025/00212,MISSING PERSON,Bagalkote,Jamkhandi,16.2383,75.631,2025-01-25 19:55:00,Investigating,Sec 363 IPC,Medium,89.1,Standard Monitoring
KSP/BEN/2024/00213,MOTOR VEHICLE ACCIDENTS NON-FATAL,Bengaluru City,Koramangala,12.9076,77.6604,2024-05-02 22:17:00,Charge Sheeted,"Sec 279, 337 IPC",Medium,92.5,Standard Monitoring
KSP/HAS/2025/00214,MOTOR VEHICLE ACCIDENTS NON-FATAL,Hassan,Gorur,12.9426,76.1224,2025-11-05 00:11:00,Charge Sheeted,"Sec 279, 337 IPC",Medium,87.1,Standard Monitoring
KSP/MAN/2025/00215,HURT / ASSAULT,Mangaluru,Barkarke,12.9541,74.8132,2025-08-30 07:07:00,Closed,"Sec 323, 324, 504 IPC",High,91.9,High Risk Zone
KSP/UDU/2025/00216,KPA 1963 VIOLATIONS,Udupi,Manipal,13.2673,74.7183,2025-06-22 15:29:00,Charge Sheeted,"Sec 78, 87 KPA",Low,89.0,Standard Monitoring
KSP/KOD/2024/00217,HURT / ASSAULT,Kodagu,Gonikoppal,12.3675,75.7623,2024-05-11 11:35:00,Solved,"Sec 323, 324, 504 IPC",High,95.2,High Risk Zone
KSP/BEN/2026/00218,MOTOR VEHICLE ACCIDENTS NON-FATAL,Bengaluru City,Whitefield,13.0194,77.6,2026-05-15 10:27:00,Investigating,"Sec 279, 337 IPC",Medium,85.2,Standard Monitoring
KSP/MAN/2025/00219,KPA 1963 VIOLATIONS,Mangaluru,Panambur,12.8386,74.8409,2025-02-12 17:19:00,Charge Sheeted,"Sec 78, 87 KPA",Low,87.3,Standard Monitoring
KSP/DAV/2024/00220,CYBER CRIME & FRAUD,Davanagere,Vidyanagar,14.487,75.8661,2024-03-22 06:23:00,Charge Sheeted,"Sec 66D IT Act, 420 IPC",High,86.0,High Risk Zone
KSP/BAG/2025/00221,MOTOR VEHICLE ACCIDENTS NON-FATAL,Bagalkote,Town PS,16.1082,75.6355,2025-10-04 20:11:00,Solved,"Sec 279, 337 IPC",Medium,98.1,Standard Monitoring
KSP/RAI/2025/00222,MOTOR VEHICLE ACCIDENTS NON-FATAL,Raichur,Market PS,16.1848,77.3154,2025-08-11 11:09:00,Charge Sheeted,"Sec 279, 337 IPC",Medium,96.4,Standard Monitoring
KSP/CHA/2026/00223,CrPC OFFENCES,Chamarajanagar,Gundlupet,11.9435,76.9823,2026-07-11 04:28:00,Solved,"Sec 107, 151 CrPC",Low,94.3,Standard Monitoring
KSP/BID/2026/00224,KPA 1963 VIOLATIONS,Bidar,Market PS,17.954,77.5349,2026-05-28 16:35:00,Closed,"Sec 78, 87 KPA",Low,86.3,Standard Monitoring
KSP/BEN/2025/00225,CrPC OFFENCES,Bengaluru Dist,Nelamangala,13.0936,77.5291,2025-08-26 06:54:00,Solved,"Sec 107, 151 CrPC",Low,97.7,Standard Monitoring
KSP/MYS/2025/00226,HURT / ASSAULT,Mysuru,Lashkar PS,12.2368,76.6266,2025-05-29 15:46:00,Charge Sheeted,"Sec 323, 324, 504 IPC",High,98.4,High Risk Zone
KSP/BEN/2024/00227,MOTOR VEHICLE ACCIDENTS NON-FATAL,Bengaluru City,Hebbal,13.0253,77.6645,2024-04-02 21:42:00,Pending,"Sec 279, 337 IPC",Medium,85.9,Standard Monitoring
KSP/MYS/2024/00228,KPA 1963 VIOLATIONS,Mysuru,Nazarbad,12.3235,76.6236,2024-10-24 05:08:00,Solved,"Sec 78, 87 KPA",Low,89.8,Standard Monitoring
KSP/SHI/2026/00229,BURGLARY / HOUSE BREAKING,Shivamogga,Tunga Nagar,13.9117,75.5364,2026-04-11 22:45:00,Charge Sheeted,"Sec 454, 457, 380 IPC",High,89.4,High Risk Zone
KSP/HAV/2026/00230,CrPC OFFENCES,Haveri,Town PS,14.8479,75.4058,2026-06-11 21:20:00,Investigating,"Sec 107, 151 CrPC",Low,92.9,Standard Monitoring
KSP/MYS/2024/00231,CrPC OFFENCES,Mysuru,Lashkar PS,12.3838,76.6933,2024-09-26 08:37:00,Charge Sheeted,"Sec 107, 151 CrPC",Low,95.8,Standard Monitoring
KSP/BEN/2025/00232,MOTOR VEHICLE ACCIDENTS NON-FATAL,Bengaluru City,Yelahanka,13.0111,77.6222,2025-02-06 19:25:00,Closed,"Sec 279, 337 IPC",Medium,93.9,Standard Monitoring
KSP/BAL/2025/00233,THEFT,Ballari,Brucepet,15.1223,76.9767,2025-07-20 10:33:00,Closed,Sec 379 IPC,Medium,96.1,Standard Monitoring
KSP/KOD/2025/00234,NARCOTICS (NDPS),Kodagu,Gonikoppal,12.3926,75.6638,2025-07-23 07:14:00,Pending,"Sec 20(b), 22 NDPS Act",Critical,95.8,High Risk Zone
KSP/VIJ/2024/00235,MOTOR VEHICLE ACCIDENTS NON-FATAL,Vijayapura,Gandhi Chowk,16.8094,75.7611,2024-04-19 17:50:00,Closed,"Sec 279, 337 IPC",Medium,85.9,Standard Monitoring
KSP/BEN/2024/00236,THEFT,Bengaluru City,Indiranagar,13.0457,77.6304,2024-09-17 07:48:00,Closed,Sec 379 IPC,Medium,96.6,Standard Monitoring
KSP/VIJ/2025/00237,HURT / ASSAULT,Vijayapura,Gandhi Chowk,16.8599,75.7467,2025-06-22 07:56:00,Pending,"Sec 323, 324, 504 IPC",High,88.1,High Risk Zone
KSP/RAM/2026/00238,THEFT,Ramanagara,Channapatna,12.6621,77.3429,2026-02-16 10:04:00,Charge Sheeted,Sec 379 IPC,Medium,87.8,Standard Monitoring
KSP/BEN/2024/00239,THEFT,Bengaluru City,Indiranagar,13.0253,77.6078,2024-11-14 20:55:00,Investigating,Sec 379 IPC,Medium,98.3,Standard Monitoring
KSP/TUM/2024/00240,MISSING PERSON,Tumakuru,Tiptur,13.2896,77.0436,2024-12-08 16:22:00,Pending,Sec 363 IPC,Medium,91.6,Standard Monitoring
KSP/CHI/2026/00241,MOTOR VEHICLE ACCIDENTS NON-FATAL,Chikkaballapura,Gauribidanur,13.5093,77.654,2026-01-17 05:23:00,Charge Sheeted,"Sec 279, 337 IPC",Medium,95.6,Standard Monitoring
KSP/KOP/2024/00242,CrPC OFFENCES,Koppal,Gangavathi,15.3906,76.1633,2024-09-12 12:15:00,Investigating,"Sec 107, 151 CrPC",Low,89.3,Standard Monitoring
KSP/BEN/2025/00243,BURGLARY / HOUSE BREAKING,Bengaluru City,Yelahanka,12.9822,77.5215,2025-09-01 05:07:00,Closed,"Sec 454, 457, 380 IPC",High,91.1,High Risk Zone
KSP/MAN/2024/00244,BURGLARY / HOUSE BREAKING,Mandya,Srirangapatna,12.5897,76.825,2024-01-27 02:48:00,Solved,"Sec 454, 457, 380 IPC",High,88.2,High Risk Zone
KSP/RAM/2025/00245,CrPC OFFENCES,Ramanagara,Channapatna,12.6901,77.2173,2025-04-28 16:28:00,Closed,"Sec 107, 151 CrPC",Low,86.8,Standard Monitoring
KSP/BEN/2024/00246,MISSING PERSON,Bengaluru Dist,Nelamangala,13.1045,77.6106,2024-03-20 08:02:00,Closed,Sec 363 IPC,Medium,92.7,Standard Monitoring
KSP/BEN/2026/00247,CrPC OFFENCES,Bengaluru Dist,Hosakote,13.0819,77.5101,2026-02-21 04:33:00,Closed,"Sec 107, 151 CrPC",Low,93.2,Standard Monitoring
KSP/TUM/2026/00248,KPA 1963 VIOLATIONS,Tumakuru,Gubbi,13.3256,77.0293,2026-06-29 15:18:00,Closed,"Sec 78, 87 KPA",Low,97.9,Standard Monitoring
KSP/CHI/2026/00249,MOTOR VEHICLE ACCIDENTS NON-FATAL,Chikkamagaluru,Tarikere,13.265,75.7598,2026-01-03 18:50:00,Pending,"Sec 279, 337 IPC",Medium,93.7,Standard Monitoring
KSP/BEL/2025/00250,MOTOR VEHICLE ACCIDENTS NON-FATAL,Belagavi,Market PS,15.7858,74.452,2025-02-05 05:54:00,Pending,"Sec 279, 337 IPC",Medium,91.7,Standard Monitoring
KSP/BEL/2025/00251,NARCOTICS (NDPS),Belagavi,Gokak,15.8712,74.5525,2025-03-17 05:42:00,Pending,"Sec 20(b), 22 NDPS Act",Critical,87.8,High Risk Zone
KSP/BEL/2025/00252,KPA 1963 VIOLATIONS,Belagavi,Camp PS,15.8163,74.5309,2025-07-01 06:48:00,Investigating,"Sec 78, 87 KPA",Low,88.1,Standard Monitoring
KSP/BEN/2025/00253,THEFT,Bengaluru Dist,Doddaballapura,13.0036,77.6532,2025-12-21 19:07:00,Pending,Sec 379 IPC,Medium,90.3,Standard Monitoring
KSP/HAS/2024/00254,KPA 1963 VIOLATIONS,Hassan,Gorur,12.9615,76.0294,2024-09-29 03:14:00,Solved,"Sec 78, 87 KPA",Low,87.3,Standard Monitoring
KSP/BEN/2026/00255,MOTOR VEHICLE ACCIDENTS NON-FATAL,Bengaluru City,Whitefield,13.0414,77.6702,2026-07-08 08:58:00,Charge Sheeted,"Sec 279, 337 IPC",Medium,97.2,Standard Monitoring
KSP/HUB/2025/00256,HURT / ASSAULT,Hubballi-Dharwad,Kamripeth,15.3049,75.1679,2025-03-19 13:36:00,Closed,"Sec 323, 324, 504 IPC",High,87.7,High Risk Zone
KSP/BID/2024/00257,MISSING PERSON,Bidar,Gandhi Gunj,17.8425,77.504,2024-11-22 15:39:00,Closed,Sec 363 IPC,Medium,85.1,Standard Monitoring
KSP/BEN/2024/00258,MOTOR VEHICLE ACCIDENTS NON-FATAL,Bengaluru City,Yelahanka,12.9314,77.6219,2024-01-03 16:14:00,Charge Sheeted,"Sec 279, 337 IPC",Medium,90.8,Standard Monitoring
KSP/BEN/2024/00259,MOTOR VEHICLE ACCIDENTS NON-FATAL,Bengaluru City,Whitefield,13.0275,77.611,2024-11-16 12:56:00,Pending,"Sec 279, 337 IPC",Medium,90.1,Standard Monitoring
KSP/BEN/2025/00260,CrPC OFFENCES,Bengaluru City,Yelahanka,12.8988,77.6163,2025-09-14 19:48:00,Charge Sheeted,"Sec 107, 151 CrPC",Low,93.4,Standard Monitoring
KSP/BEN/2024/00261,MOTOR VEHICLE ACCIDENTS NON-FATAL,Bengaluru Dist,Doddaballapura,13.1528,77.557,2024-06-19 09:42:00,Investigating,"Sec 279, 337 IPC",Medium,89.1,Standard Monitoring
KSP/BEN/2024/00262,ROBBERY / DACOITY,Bengaluru City,Yelahanka,12.9015,77.5697,2024-02-25 03:05:00,Investigating,"Sec 392, 395 IPC",Critical,89.5,High Risk Zone
KSP/SHI/2025/00263,CYBER CRIME & FRAUD,Shivamogga,Bhadravathi,13.8642,75.5442,2025-07-21 10:00:00,Solved,"Sec 66D IT Act, 420 IPC",High,93.6,High Risk Zone
KSP/BEN/2025/00264,NARCOTICS (NDPS),Bengaluru City,Jayanagar,13.0265,77.5268,2025-05-22 05:05:00,Closed,"Sec 20(b), 22 NDPS Act",Critical,95.3,High Risk Zone
KSP/DAV/2025/00265,CYBER CRIME & FRAUD,Davanagere,Harihar,14.5335,75.8607,2025-06-08 20:21:00,Pending,"Sec 66D IT Act, 420 IPC",High,85.9,High Risk Zone
KSP/BEN/2025/00266,CrPC OFFENCES,Bengaluru Dist,Doddaballapura,13.0418,77.6449,2025-07-28 13:51:00,Charge Sheeted,"Sec 107, 151 CrPC",Low,87.8,Standard Monitoring
KSP/BEN/2024/00267,ROBBERY / DACOITY,Bengaluru City,Indiranagar,13.0364,77.6486,2024-09-16 07:16:00,Charge Sheeted,"Sec 392, 395 IPC",Critical,94.6,High Risk Zone
KSP/BEN/2026/00268,KPA 1963 VIOLATIONS,Bengaluru City,Hebbal,12.8987,77.6068,2026-06-08 02:35:00,Solved,"Sec 78, 87 KPA",Low,93.9,Standard Monitoring
KSP/TUM/2024/00269,THEFT,Tumakuru,Town PS,13.3038,77.1024,2024-03-13 01:51:00,Pending,Sec 379 IPC,Medium,91.1,Standard Monitoring
KSP/BEL/2025/00270,MOTOR VEHICLE ACCIDENTS NON-FATAL,Belagavi,Market PS,15.813,74.5075,2025-01-07 16:46:00,Closed,"Sec 279, 337 IPC",Medium,95.1,Standard Monitoring
KSP/TUM/2025/00271,CrPC OFFENCES,Tumakuru,Tiptur,13.3884,77.0898,2025-11-11 09:36:00,Investigating,"Sec 107, 151 CrPC",Low,96.0,Standard Monitoring
KSP/BEN/2025/00272,BURGLARY / HOUSE BREAKING,Bengaluru Dist,Doddaballapura,13.1378,77.6444,2025-09-04 12:22:00,Pending,"Sec 454, 457, 380 IPC",High,89.2,High Risk Zone
KSP/HAS/2024/00273,MOTOR VEHICLE ACCIDENTS NON-FATAL,Hassan,Gorur,13.0454,76.1816,2024-09-04 14:18:00,Closed,"Sec 279, 337 IPC",Medium,96.8,Standard Monitoring
KSP/DAV/2025/00274,ROBBERY / DACOITY,Davanagere,PJ Extension,14.4832,75.9276,2025-04-07 10:56:00,Closed,"Sec 392, 395 IPC",Critical,92.1,High Risk Zone
KSP/MYS/2026/00275,THEFT,Mysuru,Nazarbad,12.268,76.6764,2026-07-14 13:54:00,Charge Sheeted,Sec 379 IPC,Medium,85.1,Standard Monitoring
KSP/KAL/2024/00276,THEFT,Kalaburagi,Brahampur,17.3592,76.7817,2024-12-08 11:28:00,Charge Sheeted,Sec 379 IPC,Medium,88.7,Standard Monitoring
KSP/BAG/2026/00277,KPA 1963 VIOLATIONS,Bagalkote,Jamkhandi,16.1121,75.7546,2026-06-09 19:46:00,Closed,"Sec 78, 87 KPA",Low,91.5,Standard Monitoring
KSP/MAN/2026/00278,NARCOTICS (NDPS),Mangaluru,Barkarke,12.8497,74.7848,2026-02-24 12:44:00,Charge Sheeted,"Sec 20(b), 22 NDPS Act",Critical,97.3,High Risk Zone
KSP/BEN/2025/00279,CYBER CRIME & FRAUD,Bengaluru City,Hebbal,12.972,77.6466,2025-12-17 10:16:00,Solved,"Sec 66D IT Act, 420 IPC",High,88.9,High Risk Zone
KSP/KAL/2024/00280,MISSING PERSON,Kalaburagi,University PS,17.3738,76.8706,2024-03-09 00:27:00,Investigating,Sec 363 IPC,Medium,94.7,Standard Monitoring
KSP/BEN/2025/00281,MISSING PERSON,Bengaluru City,Yelahanka,12.9752,77.5502,2025-07-01 00:15:00,Pending,Sec 363 IPC,Medium,95.6,Standard Monitoring
KSP/BAL/2026/00282,NARCOTICS (NDPS),Ballari,Cowl Bazar,15.0834,76.9397,2026-01-18 08:10:00,Investigating,"Sec 20(b), 22 NDPS Act",Critical,90.4,High Risk Zone
KSP/BEN/2024/00283,BURGLARY / HOUSE BREAKING,Bengaluru City,Whitefield,13.0403,77.627,2024-05-06 13:20:00,Pending,"Sec 454, 457, 380 IPC",High,90.4,High Risk Zone
KSP/BEN/2024/00284,CYBER CRIME & FRAUD,Bengaluru City,Electronic City,12.951,77.5388,2024-12-12 02:35:00,Closed,"Sec 66D IT Act, 420 IPC",High,89.1,High Risk Zone
KSP/BEN/2026/00285,CYBER CRIME & FRAUD,Bengaluru City,Electronic City,12.9571,77.5214,2026-05-25 23:12:00,Pending,"Sec 66D IT Act, 420 IPC",High,98.1,High Risk Zone
KSP/SHI/2024/00286,MOTOR VEHICLE ACCIDENTS NON-FATAL,Shivamogga,Doddapet,13.9688,75.5097,2024-02-21 00:38:00,Investigating,"Sec 279, 337 IPC",Medium,90.4,Standard Monitoring
KSP/BEN/2024/00287,CrPC OFFENCES,Bengaluru City,Cubbon Park,12.9036,77.6467,2024-03-31 03:21:00,Solved,"Sec 107, 151 CrPC",Low,92.6,Standard Monitoring
KSP/BEN/2024/00288,MOTOR VEHICLE ACCIDENTS NON-FATAL,Bengaluru Dist,Doddaballapura,13.1039,77.5439,2024-11-27 21:34:00,Charge Sheeted,"Sec 279, 337 IPC",Medium,90.6,Standard Monitoring
KSP/BAG/2025/00289,KPA 1963 VIOLATIONS,Bagalkote,Town PS,16.2513,75.7251,2025-05-03 15:34:00,Closed,"Sec 78, 87 KPA",Low,94.0,Standard Monitoring
KSP/BEN/2025/00290,KPA 1963 VIOLATIONS,Bengaluru City,Electronic City,13.0397,77.5325,2025-02-27 01:23:00,Charge Sheeted,"Sec 78, 87 KPA",Low,96.8,Standard Monitoring
KSP/BEN/2026/00291,CrPC OFFENCES,Bengaluru City,Koramangala,12.9264,77.5472,2026-01-15 10:00:00,Pending,"Sec 107, 151 CrPC",Low,85.3,Standard Monitoring
KSP/KAL/2025/00292,NARCOTICS (NDPS),Kalaburagi,Ashok Nagar,17.3503,76.8126,2025-04-06 08:41:00,Charge Sheeted,"Sec 20(b), 22 NDPS Act",Critical,91.8,High Risk Zone
KSP/DAV/2025/00293,KPA 1963 VIOLATIONS,Davanagere,Harihar,14.4662,75.8726,2025-04-17 16:07:00,Solved,"Sec 78, 87 KPA",Low,90.8,Standard Monitoring
KSP/GAD/2026/00294,CrPC OFFENCES,Gadag,Town PS,15.3838,75.581,2026-04-22 18:06:00,Solved,"Sec 107, 151 CrPC",Low,88.8,Standard Monitoring
KSP/BEL/2025/00295,THEFT,Belagavi,Gokak,15.8431,74.5087,2025-09-13 14:49:00,Charge Sheeted,Sec 379 IPC,Medium,96.9,Standard Monitoring
KSP/BEN/2024/00296,THEFT,Bengaluru Dist,Hosakote,13.0844,77.629,2024-02-22 23:39:00,Investigating,Sec 379 IPC,Medium,89.8,Standard Monitoring
KSP/BEN/2026/00297,HURT / ASSAULT,Bengaluru City,Yelahanka,12.9514,77.5739,2026-01-07 04:17:00,Investigating,"Sec 323, 324, 504 IPC",High,95.8,High Risk Zone
KSP/TUM/2025/00298,MOTOR VEHICLE ACCIDENTS NON-FATAL,Tumakuru,Tiptur,13.3134,77.0427,2025-02-24 05:59:00,Charge Sheeted,"Sec 279, 337 IPC",Medium,87.8,Standard Monitoring
KSP/BEN/2025/00299,MISSING PERSON,Bengaluru City,Yelahanka,12.9689,77.5963,2025-07-28 04:26:00,Charge Sheeted,Sec 363 IPC,Medium,94.4,Standard Monitoring
KSP/BAL/2024/00300,CYBER CRIME & FRAUD,Ballari,Brucepet,15.1219,76.8724,2024-08-01 23:56:00,Investigating,"Sec 66D IT Act, 420 IPC",High,91.0,High Risk Zone
KSP/BAG/2026/00301,HURT / ASSAULT,Bagalkote,Jamkhandi,16.2071,75.7395,2026-01-14 22:20:00,Closed,"Sec 323, 324, 504 IPC",High,90.9,High Risk Zone
KSP/BEL/2024/00302,MOTOR VEHICLE ACCIDENTS NON-FATAL,Belagavi,Market PS,15.7859,74.4377,2024-01-16 17:42:00,Solved,"Sec 279, 337 IPC",Medium,89.8,Standard Monitoring
KSP/MAN/2026/00303,CrPC OFFENCES,Mangaluru,Kadri,12.8601,74.8673,2026-02-28 01:57:00,Closed,"Sec 107, 151 CrPC",Low,86.2,Standard Monitoring
KSP/BEN/2026/00304,MOTOR VEHICLE ACCIDENTS NON-FATAL,Bengaluru City,Jayanagar,13.0348,77.5351,2026-02-07 01:54:00,Closed,"Sec 279, 337 IPC",Medium,85.4,Standard Monitoring
KSP/BEN/2024/00305,MISSING PERSON,Bengaluru City,Jayanagar,12.9437,77.6146,2024-08-09 10:45:00,Pending,Sec 363 IPC,Medium,97.8,Standard Monitoring
KSP/MAN/2025/00306,NARCOTICS (NDPS),Mangaluru,Surathkal,12.9746,74.8693,2025-09-18 20:33:00,Closed,"Sec 20(b), 22 NDPS Act",Critical,88.4,High Risk Zone
KSP/KOL/2024/00307,KPA 1963 VIOLATIONS,Kolar,Robertsonpet,13.1372,78.1059,2024-02-03 21:29:00,Investigating,"Sec 78, 87 KPA",Low,91.7,Standard Monitoring
KSP/KOD/2024/00308,MOTOR VEHICLE ACCIDENTS NON-FATAL,Kodagu,Kushalnagar,12.4054,75.7312,2024-01-24 17:28:00,Solved,"Sec 279, 337 IPC",Medium,85.2,Standard Monitoring
KSP/BEN/2024/00309,THEFT,Bengaluru City,Indiranagar,12.9645,77.5451,2024-04-30 16:27:00,Charge Sheeted,Sec 379 IPC,Medium,94.6,Standard Monitoring
KSP/VIJ/2025/00310,MISSING PERSON,Vijayanagara,Hospet Town,15.2631,76.4069,2025-09-06 13:52:00,Closed,Sec 363 IPC,Medium,96.8,Standard Monitoring
KSP/MYS/2024/00311,MOTOR VEHICLE ACCIDENTS NON-FATAL,Mysuru,Lashkar PS,12.3352,76.6512,2024-04-04 23:33:00,Charge Sheeted,"Sec 279, 337 IPC",Medium,92.2,Standard Monitoring
KSP/MYS/2025/00312,MOTOR VEHICLE ACCIDENTS NON-FATAL,Mysuru,Vidyaranyapuram,12.3807,76.6703,2025-08-02 08:52:00,Charge Sheeted,"Sec 279, 337 IPC",Medium,90.7,Standard Monitoring
KSP/BEN/2025/00313,CrPC OFFENCES,Bengaluru Dist,Nelamangala,13.0051,77.6512,2025-02-08 14:22:00,Closed,"Sec 107, 151 CrPC",Low,86.0,Standard Monitoring
KSP/VIJ/2024/00314,CrPC OFFENCES,Vijayanagara,Kudligi,15.2338,76.3891,2024-02-06 20:32:00,Solved,"Sec 107, 151 CrPC",Low,88.9,Standard Monitoring
KSP/UDU/2024/00315,MISSING PERSON,Udupi,Kundapura,13.3808,74.713,2024-10-27 04:44:00,Pending,Sec 363 IPC,Medium,94.9,Standard Monitoring
KSP/CHI/2026/00316,MOTOR VEHICLE ACCIDENTS NON-FATAL,Chikkaballapura,Gauribidanur,13.4745,77.6584,2026-01-28 23:58:00,Solved,"Sec 279, 337 IPC",Medium,91.6,Standard Monitoring
KSP/BEN/2024/00317,NARCOTICS (NDPS),Bengaluru City,Electronic City,13.0208,77.6656,2024-01-13 16:41:00,Investigating,"Sec 20(b), 22 NDPS Act",Critical,88.5,High Risk Zone
KSP/YAD/2024/00318,HURT / ASSAULT,Yadgir,Town PS,16.7816,77.0717,2024-03-14 07:07:00,Pending,"Sec 323, 324, 504 IPC",High,97.0,High Risk Zone
KSP/MAN/2026/00319,MISSING PERSON,Mangaluru,Kadri,12.9135,74.8763,2026-05-06 08:11:00,Solved,Sec 363 IPC,Medium,97.3,Standard Monitoring
KSP/BEN/2026/00320,THEFT,Bengaluru Dist,Doddaballapura,13.0041,77.5808,2026-04-04 23:08:00,Investigating,Sec 379 IPC,Medium,91.5,Standard Monitoring
KSP/BID/2025/00321,CrPC OFFENCES,Bidar,Gandhi Gunj,17.9603,77.5008,2025-03-06 23:16:00,Closed,"Sec 107, 151 CrPC",Low,87.6,Standard Monitoring
KSP/BAL/2025/00322,KPA 1963 VIOLATIONS,Ballari,Gandhinagar,15.1079,77.0017,2025-12-21 22:38:00,Investigating,"Sec 78, 87 KPA",Low,95.5,Standard Monitoring
KSP/RAM/2024/00323,ROBBERY / DACOITY,Ramanagara,Magadi,12.6892,77.3416,2024-06-30 19:22:00,Investigating,"Sec 392, 395 IPC",Critical,92.8,High Risk Zone
KSP/KAL/2024/00324,MOTOR VEHICLE ACCIDENTS NON-FATAL,Kalaburagi,Ashok Nagar,17.3836,76.8901,2024-11-23 02:52:00,Investigating,"Sec 279, 337 IPC",Medium,98.2,Standard Monitoring
KSP/RAI/2026/00325,CrPC OFFENCES,Raichur,Sadabad,16.2329,77.331,2026-01-29 15:37:00,Investigating,"Sec 107, 151 CrPC",Low,93.1,Standard Monitoring
KSP/BEL/2025/00326,MISSING PERSON,Belagavi,Khade Bazar,15.7908,74.4955,2025-05-22 07:09:00,Investigating,Sec 363 IPC,Medium,87.5,Standard Monitoring
KSP/MAN/2025/00327,THEFT,Mandya,East PS,12.556,76.9751,2025-07-05 18:24:00,Investigating,Sec 379 IPC,Medium,92.4,Standard Monitoring
KSP/RAI/2024/00328,BURGLARY / HOUSE BREAKING,Raichur,Manvi,16.147,77.2806,2024-08-02 23:45:00,Solved,"Sec 454, 457, 380 IPC",High,92.4,High Risk Zone
KSP/BEN/2026/00329,BURGLARY / HOUSE BREAKING,Bengaluru City,Koramangala,12.9303,77.539,2026-03-09 18:04:00,Solved,"Sec 454, 457, 380 IPC",High,88.6,High Risk Zone
KSP/MYS/2025/00330,MOTOR VEHICLE ACCIDENTS NON-FATAL,Mysuru,Vidyaranyapuram,12.3531,76.6461,2025-11-10 17:08:00,Solved,"Sec 279, 337 IPC",Medium,85.6,Standard Monitoring
KSP/CHI/2025/00331,THEFT,Chikkaballapura,Town PS,13.3896,77.7643,2025-07-22 13:33:00,Pending,Sec 379 IPC,Medium,94.5,Standard Monitoring
KSP/BEN/2026/00332,NARCOTICS (NDPS),Bengaluru City,Jayanagar,12.9969,77.5539,2026-03-12 02:49:00,Solved,"Sec 20(b), 22 NDPS Act",Critical,85.1,High Risk Zone
KSP/KOL/2024/00333,HURT / ASSAULT,Kolar,Robertsonpet,13.2021,78.0656,2024-09-10 18:49:00,Solved,"Sec 323, 324, 504 IPC",High,87.3,High Risk Zone
KSP/BEN/2024/00334,MISSING PERSON,Bengaluru City,Hebbal,12.897,77.5861,2024-10-07 11:12:00,Investigating,Sec 363 IPC,Medium,85.3,Standard Monitoring
KSP/KAL/2024/00335,THEFT,Kalaburagi,Brahampur,17.3338,76.9128,2024-10-18 02:30:00,Charge Sheeted,Sec 379 IPC,Medium,86.7,Standard Monitoring
KSP/BEN/2025/00336,CrPC OFFENCES,Bengaluru City,Koramangala,12.9995,77.5933,2025-01-15 03:19:00,Closed,"Sec 107, 151 CrPC",Low,85.4,Standard Monitoring
KSP/BEN/2024/00337,MOTOR VEHICLE ACCIDENTS NON-FATAL,Bengaluru City,Yelahanka,12.9917,77.5928,2024-10-20 18:30:00,Solved,"Sec 279, 337 IPC",Medium,85.9,Standard Monitoring
KSP/BEN/2024/00338,BURGLARY / HOUSE BREAKING,Bengaluru City,Hebbal,12.9524,77.57,2024-12-26 21:05:00,Solved,"Sec 454, 457, 380 IPC",High,97.3,High Risk Zone
KSP/BEN/2024/00339,KPA 1963 VIOLATIONS,Bengaluru City,Yelahanka,12.9653,77.665,2024-02-29 06:42:00,Investigating,"Sec 78, 87 KPA",Low,97.6,Standard Monitoring
KSP/VIJ/2024/00340,ROBBERY / DACOITY,Vijayapura,Indi,16.861,75.7858,2024-10-07 12:00:00,Investigating,"Sec 392, 395 IPC",Critical,98.3,High Risk Zone
KSP/MAN/2026/00341,KPA 1963 VIOLATIONS,Mangaluru,Panambur,12.9646,74.7947,2026-01-15 08:41:00,Charge Sheeted,"Sec 78, 87 KPA",Low,87.8,Standard Monitoring
KSP/BEN/2024/00342,CrPC OFFENCES,Bengaluru City,Hebbal,12.9906,77.5764,2024-06-25 21:46:00,Charge Sheeted,"Sec 107, 151 CrPC",Low,87.6,Standard Monitoring
KSP/MYS/2024/00343,MISSING PERSON,Mysuru,Devaraja PS,12.3786,76.6072,2024-12-17 11:26:00,Closed,Sec 363 IPC,Medium,91.5,Standard Monitoring
KSP/DAV/2024/00344,MOTOR VEHICLE ACCIDENTS NON-FATAL,Davanagere,PJ Extension,14.4932,75.958,2024-08-24 20:07:00,Investigating,"Sec 279, 337 IPC",Medium,89.2,Standard Monitoring
KSP/BID/2025/00345,THEFT,Bidar,Gandhi Gunj,17.9439,77.5488,2025-08-11 13:59:00,Charge Sheeted,Sec 379 IPC,Medium,96.5,Standard Monitoring
KSP/HAV/2024/00346,THEFT,Haveri,Byadgi,14.7544,75.464,2024-12-13 19:32:00,Solved,Sec 379 IPC,Medium,90.3,Standard Monitoring
KSP/GAD/2026/00347,BURGLARY / HOUSE BREAKING,Gadag,Town PS,15.4303,75.6975,2026-07-04 00:12:00,Solved,"Sec 454, 457, 380 IPC",High,96.6,High Risk Zone
KSP/KOL/2026/00348,MISSING PERSON,Kolar,Bangarapet,13.1155,78.1086,2026-05-08 17:31:00,Investigating,Sec 363 IPC,Medium,93.7,Standard Monitoring
KSP/BEN/2025/00349,MOTOR VEHICLE ACCIDENTS NON-FATAL,Bengaluru City,Yelahanka,12.9467,77.6223,2025-01-11 11:35:00,Investigating,"Sec 279, 337 IPC",Medium,86.0,Standard Monitoring
KSP/KOL/2025/00350,MOTOR VEHICLE ACCIDENTS NON-FATAL,Kolar,Bangarapet,13.1762,78.0746,2025-03-26 03:57:00,Solved,"Sec 279, 337 IPC",Medium,86.1,Standard Monitoring
KSP/VIJ/2025/00351,MISSING PERSON,Vijayanagara,Kudligi,15.3476,76.3658,2025-02-11 12:52:00,Solved,Sec 363 IPC,Medium,97.7,Standard Monitoring
KSP/BEN/2024/00352,THEFT,Bengaluru City,Indiranagar,13.0243,77.5642,2024-12-10 06:48:00,Closed,Sec 379 IPC,Medium,90.9,Standard Monitoring
KSP/BEN/2025/00353,KPA 1963 VIOLATIONS,Bengaluru Dist,Doddaballapura,13.0659,77.5411,2025-04-09 23:51:00,Solved,"Sec 78, 87 KPA",Low,85.6,Standard Monitoring
KSP/BEN/2026/00354,THEFT,Bengaluru City,Indiranagar,13.0226,77.5652,2026-05-29 00:57:00,Investigating,Sec 379 IPC,Medium,94.8,Standard Monitoring
KSP/MAN/2024/00355,CYBER CRIME & FRAUD,Mangaluru,Urwa,12.9532,74.849,2024-12-15 16:43:00,Pending,"Sec 66D IT Act, 420 IPC",High,95.8,High Risk Zone
KSP/RAM/2024/00356,MOTOR VEHICLE ACCIDENTS NON-FATAL,Ramanagara,Magadi,12.6866,77.2824,2024-11-20 02:53:00,Solved,"Sec 279, 337 IPC",Medium,87.9,Standard Monitoring
KSP/BEN/2026/00357,CrPC OFFENCES,Bengaluru City,Whitefield,12.9842,77.6482,2026-04-17 07:30:00,Charge Sheeted,"Sec 107, 151 CrPC",Low,85.0,Standard Monitoring
KSP/BEN/2025/00358,MISSING PERSON,Bengaluru City,Cubbon Park,13.0329,77.5369,2025-08-20 14:33:00,Charge Sheeted,Sec 363 IPC,Medium,97.7,Standard Monitoring
KSP/HAS/2024/00359,CrPC OFFENCES,Hassan,City PS,13.0418,76.1293,2024-08-26 01:47:00,Investigating,"Sec 107, 151 CrPC",Low,97.4,Standard Monitoring
KSP/DAV/2026/00360,HURT / ASSAULT,Davanagere,Azad Nagar,14.4717,75.925,2026-04-07 11:26:00,Investigating,"Sec 323, 324, 504 IPC",High,96.1,High Risk Zone
KSP/BEL/2024/00361,CrPC OFFENCES,Belagavi,Market PS,15.7754,74.5391,2024-04-12 15:52:00,Solved,"Sec 107, 151 CrPC",Low,91.7,Standard Monitoring
KSP/MAN/2024/00362,THEFT,Mangaluru,Urwa,12.9716,74.925,2024-03-30 13:48:00,Investigating,Sec 379 IPC,Medium,91.6,Standard Monitoring
KSP/BEN/2026/00363,CrPC OFFENCES,Bengaluru City,Electronic City,12.9298,77.6048,2026-04-17 19:39:00,Charge Sheeted,"Sec 107, 151 CrPC",Low,88.6,Standard Monitoring
KSP/MAN/2025/00364,HURT / ASSAULT,Mangaluru,Urwa,12.9054,74.8298,2025-03-05 12:14:00,Solved,"Sec 323, 324, 504 IPC",High,89.1,High Risk Zone
KSP/BEN/2025/00365,BURGLARY / HOUSE BREAKING,Bengaluru Dist,Doddaballapura,13.0421,77.5688,2025-08-26 22:01:00,Pending,"Sec 454, 457, 380 IPC",High,94.5,High Risk Zone
KSP/MYS/2025/00366,HURT / ASSAULT,Mysuru,Devaraja PS,12.2524,76.7211,2025-02-27 07:31:00,Investigating,"Sec 323, 324, 504 IPC",High,96.6,High Risk Zone
KSP/CHI/2026/00367,HURT / ASSAULT,Chitradurga,Town PS,14.3017,76.3758,2026-03-24 18:52:00,Charge Sheeted,"Sec 323, 324, 504 IPC",High,87.3,High Risk Zone
KSP/BEN/2024/00368,CrPC OFFENCES,Bengaluru City,Koramangala,13.0503,77.5375,2024-02-07 19:41:00,Closed,"Sec 107, 151 CrPC",Low,90.4,Standard Monitoring
KSP/MYS/2025/00369,MOTOR VEHICLE ACCIDENTS NON-FATAL,Mysuru,Devaraja PS,12.2484,76.6522,2025-05-22 08:05:00,Closed,"Sec 279, 337 IPC",Medium,90.5,Standard Monitoring
KSP/MYS/2026/00370,MISSING PERSON,Mysuru,Vidyaranyapuram,12.2703,76.7192,2026-01-18 22:35:00,Closed,Sec 363 IPC,Medium,97.4,Standard Monitoring
KSP/BEN/2024/00371,MOTOR VEHICLE ACCIDENTS NON-FATAL,Bengaluru City,Indiranagar,12.9929,77.5928,2024-12-19 10:58:00,Investigating,"Sec 279, 337 IPC",Medium,91.6,Standard Monitoring
KSP/DAV/2024/00372,MOTOR VEHICLE ACCIDENTS NON-FATAL,Davanagere,Harihar,14.495,75.9508,2024-02-02 11:48:00,Solved,"Sec 279, 337 IPC",Medium,91.1,Standard Monitoring
KSP/VIJ/2025/00373,THEFT,Vijayapura,Gol Gumbaz PS,16.7758,75.6477,2025-05-02 01:14:00,Charge Sheeted,Sec 379 IPC,Medium,88.5,Standard Monitoring
KSP/BEN/2024/00374,THEFT,Bengaluru City,Hebbal,13.0293,77.6096,2024-05-26 18:45:00,Investigating,Sec 379 IPC,Medium,91.5,Standard Monitoring
KSP/RAM/2024/00375,KPA 1963 VIOLATIONS,Ramanagara,Magadi,12.765,77.2739,2024-02-02 16:12:00,Pending,"Sec 78, 87 KPA",Low,87.7,Standard Monitoring
KSP/RAM/2025/00376,MOTOR VEHICLE ACCIDENTS NON-FATAL,Ramanagara,Channapatna,12.7782,77.3453,2025-01-25 01:44:00,Pending,"Sec 279, 337 IPC",Medium,93.7,Standard Monitoring
KSP/MYS/2026/00377,THEFT,Mysuru,KRS Road,12.2987,76.5964,2026-01-16 18:00:00,Solved,Sec 379 IPC,Medium,86.9,Standard Monitoring
KSP/MAN/2024/00378,KPA 1963 VIOLATIONS,Mangaluru,Kadri,12.8354,74.8465,2024-03-28 20:13:00,Solved,"Sec 78, 87 KPA",Low,98.4,Standard Monitoring
KSP/MAN/2024/00379,CYBER CRIME & FRAUD,Mangaluru,Panambur,12.9372,74.9212,2024-01-12 07:09:00,Investigating,"Sec 66D IT Act, 420 IPC",High,91.6,High Risk Zone
KSP/BEN/2024/00380,CYBER CRIME & FRAUD,Bengaluru Dist,Doddaballapura,13.1513,77.5879,2024-03-06 18:43:00,Closed,"Sec 66D IT Act, 420 IPC",High,89.2,High Risk Zone
KSP/HAS/2024/00381,KPA 1963 VIOLATIONS,Hassan,Pension Mohalla,13.0188,76.0268,2024-05-28 16:58:00,Investigating,"Sec 78, 87 KPA",Low,87.9,Standard Monitoring
KSP/MYS/2026/00382,THEFT,Mysuru,Nazarbad,12.3824,76.6206,2026-03-10 07:19:00,Closed,Sec 379 IPC,Medium,91.5,Standard Monitoring
KSP/BEL/2024/00383,CrPC OFFENCES,Belagavi,Khade Bazar,15.8147,74.4628,2024-09-08 21:27:00,Investigating,"Sec 107, 151 CrPC",Low,92.9,Standard Monitoring
KSP/BID/2024/00384,KPA 1963 VIOLATIONS,Bidar,Gandhi Gunj,17.8585,77.5028,2024-02-16 20:10:00,Investigating,"Sec 78, 87 KPA",Low,91.5,Standard Monitoring
KSP/BEN/2024/00385,MOTOR VEHICLE ACCIDENTS NON-FATAL,Bengaluru City,Indiranagar,13.0241,77.5341,2024-03-11 20:51:00,Charge Sheeted,"Sec 279, 337 IPC",Medium,85.6,Standard Monitoring
KSP/BEN/2024/00386,CYBER CRIME & FRAUD,Bengaluru City,Yelahanka,12.939,77.5285,2024-06-09 11:14:00,Pending,"Sec 66D IT Act, 420 IPC",High,90.1,High Risk Zone
KSP/BEN/2024/00387,MOTOR VEHICLE ACCIDENTS NON-FATAL,Bengaluru Dist,Doddaballapura,13.0252,77.6143,2024-10-13 21:48:00,Closed,"Sec 279, 337 IPC",Medium,97.2,Standard Monitoring
KSP/BEN/2024/00388,NARCOTICS (NDPS),Bengaluru City,Koramangala,13.042,77.5773,2024-06-17 07:18:00,Solved,"Sec 20(b), 22 NDPS Act",Critical,97.3,High Risk Zone
KSP/BEN/2026/00389,MISSING PERSON,Bengaluru City,Koramangala,12.9656,77.6256,2026-03-25 21:19:00,Solved,Sec 363 IPC,Medium,94.9,Standard Monitoring
KSP/BEN/2025/00390,THEFT,Bengaluru City,Whitefield,13.0174,77.5858,2025-10-31 01:02:00,Charge Sheeted,Sec 379 IPC,Medium,93.2,Standard Monitoring
KSP/MAN/2024/00391,MOTOR VEHICLE ACCIDENTS NON-FATAL,Mandya,East PS,12.5244,76.8781,2024-07-23 04:38:00,Solved,"Sec 279, 337 IPC",Medium,89.3,Standard Monitoring
KSP/BEN/2024/00392,CrPC OFFENCES,Bengaluru City,Hebbal,12.915,77.5294,2024-02-14 08:22:00,Investigating,"Sec 107, 151 CrPC",Low,88.7,Standard Monitoring
KSP/RAM/2024/00393,BURGLARY / HOUSE BREAKING,Ramanagara,Magadi,12.791,77.258,2024-07-14 14:14:00,Investigating,"Sec 454, 457, 380 IPC",High,88.8,High Risk Zone
KSP/VIJ/2026/00394,THEFT,Vijayanagara,Harapanahalli,15.3256,76.312,2026-05-22 04:30:00,Pending,Sec 379 IPC,Medium,94.6,Standard Monitoring
KSP/HUB/2024/00395,CrPC OFFENCES,Hubballi-Dharwad,Kamripeth,15.3121,75.0552,2024-04-29 17:01:00,Closed,"Sec 107, 151 CrPC",Low,92.3,Standard Monitoring
KSP/MAN/2025/00396,MISSING PERSON,Mangaluru,Urwa,12.8557,74.8495,2025-08-14 14:03:00,Investigating,Sec 363 IPC,Medium,94.6,Standard Monitoring
KSP/BAL/2025/00397,HURT / ASSAULT,Ballari,Cowl Bazar,15.116,76.9217,2025-08-17 03:00:00,Charge Sheeted,"Sec 323, 324, 504 IPC",High,88.3,High Risk Zone
KSP/BEN/2025/00398,MOTOR VEHICLE ACCIDENTS NON-FATAL,Bengaluru City,Hebbal,12.9593,77.5438,2025-12-15 19:06:00,Pending,"Sec 279, 337 IPC",Medium,94.4,Standard Monitoring
KSP/BEN/2025/00399,KPA 1963 VIOLATIONS,Bengaluru City,Cubbon Park,12.8998,77.6123,2025-09-26 13:46:00,Pending,"Sec 78, 87 KPA",Low,86.1,Standard Monitoring
KSP/RAM/2024/00400,MOTOR VEHICLE ACCIDENTS NON-FATAL,Ramanagara,Ijoor PS,12.7192,77.2284,2024-12-10 17:30:00,Pending,"Sec 279, 337 IPC",Medium,95.0,Standard Monitoring
KSP/BEN/2026/00401,MOTOR VEHICLE ACCIDENTS NON-FATAL,Bengaluru City,Hebbal,12.8981,77.6055,2026-03-25 09:29:00,Closed,"Sec 279, 337 IPC",Medium,89.6,Standard Monitoring
KSP/VIJ/2024/00402,MOTOR VEHICLE ACCIDENTS NON-FATAL,Vijayanagara,Hospet Town,15.2794,76.3909,2024-01-19 06:08:00,Investigating,"Sec 279, 337 IPC",Medium,90.8,Standard Monitoring
KSP/KOP/2026/00403,ROBBERY / DACOITY,Koppal,Gangavathi,15.3574,76.1528,2026-06-18 20:42:00,Investigating,"Sec 392, 395 IPC",Critical,90.3,High Risk Zone
KSP/RAM/2024/00404,CrPC OFFENCES,Ramanagara,Magadi,12.7161,77.3342,2024-01-09 17:29:00,Solved,"Sec 107, 151 CrPC",Low,94.6,Standard Monitoring
KSP/BEN/2024/00405,KPA 1963 VIOLATIONS,Bengaluru City,Indiranagar,12.9922,77.5169,2024-12-24 15:40:00,Investigating,"Sec 78, 87 KPA",Low,90.8,Standard Monitoring
KSP/BAG/2025/00406,HURT / ASSAULT,Bagalkote,Jamkhandi,16.2065,75.6297,2025-08-11 13:30:00,Pending,"Sec 323, 324, 504 IPC",High,88.6,High Risk Zone
KSP/BEN/2025/00407,MOTOR VEHICLE ACCIDENTS NON-FATAL,Bengaluru Dist,Hosakote,13.0588,77.5988,2025-04-26 22:10:00,Pending,"Sec 279, 337 IPC",Medium,86.7,Standard Monitoring
KSP/HAS/2025/00408,MOTOR VEHICLE ACCIDENTS NON-FATAL,Hassan,City PS,13.048,76.1221,2025-08-05 16:00:00,Solved,"Sec 279, 337 IPC",Medium,90.4,Standard Monitoring
KSP/BEL/2025/00409,CYBER CRIME & FRAUD,Belagavi,Camp PS,15.8378,74.4732,2025-07-01 06:55:00,Closed,"Sec 66D IT Act, 420 IPC",High,95.4,High Risk Zone
KSP/BEN/2024/00410,THEFT,Bengaluru City,Hebbal,12.9965,77.536,2024-02-15 08:29:00,Closed,Sec 379 IPC,Medium,90.3,Standard Monitoring
KSP/YAD/2025/00411,MOTOR VEHICLE ACCIDENTS NON-FATAL,Yadgir,Town PS,16.698,77.1294,2025-03-18 17:34:00,Pending,"Sec 279, 337 IPC",Medium,90.2,Standard Monitoring
KSP/VIJ/2024/00412,MOTOR VEHICLE ACCIDENTS NON-FATAL,Vijayapura,Indi,16.8333,75.646,2024-04-13 11:34:00,Solved,"Sec 279, 337 IPC",Medium,92.0,Standard Monitoring
KSP/CHI/2024/00413,CrPC OFFENCES,Chitradurga,Hiriyur,14.2097,76.4505,2024-12-04 19:01:00,Charge Sheeted,"Sec 107, 151 CrPC",Low,90.4,Standard Monitoring
KSP/DAV/2024/00414,THEFT,Davanagere,PJ Extension,14.4182,75.8936,2024-10-29 02:33:00,Investigating,Sec 379 IPC,Medium,94.8,Standard Monitoring
KSP/HAS/2024/00415,KPA 1963 VIOLATIONS,Hassan,City PS,12.999,76.1665,2024-11-14 17:04:00,Closed,"Sec 78, 87 KPA",Low,89.0,Standard Monitoring
KSP/BEL/2024/00416,HURT / ASSAULT,Belagavi,Market PS,15.8318,74.5473,2024-07-20 04:03:00,Charge Sheeted,"Sec 323, 324, 504 IPC",High,97.4,High Risk Zone
KSP/BEN/2026/00417,MOTOR VEHICLE ACCIDENTS NON-FATAL,Bengaluru City,Cubbon Park,12.9839,77.5171,2026-03-18 01:45:00,Charge Sheeted,"Sec 279, 337 IPC",Medium,95.3,Standard Monitoring
KSP/BEN/2025/00418,BURGLARY / HOUSE BREAKING,Bengaluru City,Hebbal,12.8963,77.5858,2025-10-13 14:58:00,Pending,"Sec 454, 457, 380 IPC",High,91.6,High Risk Zone
KSP/KOL/2024/00419,MOTOR VEHICLE ACCIDENTS NON-FATAL,Kolar,Town PS,13.1003,78.0903,2024-02-25 00:03:00,Pending,"Sec 279, 337 IPC",Medium,90.5,Standard Monitoring
KSP/BEN/2024/00420,CYBER CRIME & FRAUD,Bengaluru City,Jayanagar,13.0283,77.6645,2024-10-26 11:06:00,Pending,"Sec 66D IT Act, 420 IPC",High,95.4,High Risk Zone
KSP/VIJ/2026/00421,MOTOR VEHICLE ACCIDENTS NON-FATAL,Vijayapura,Indi,16.9042,75.6508,2026-06-17 17:13:00,Charge Sheeted,"Sec 279, 337 IPC",Medium,90.8,Standard Monitoring
KSP/BEN/2026/00422,KPA 1963 VIOLATIONS,Bengaluru City,Whitefield,12.9096,77.5302,2026-02-15 04:05:00,Investigating,"Sec 78, 87 KPA",Low,86.0,Standard Monitoring
KSP/VIJ/2024/00423,NARCOTICS (NDPS),Vijayapura,Adarsh Nagar,16.9016,75.6826,2024-12-18 22:58:00,Charge Sheeted,"Sec 20(b), 22 NDPS Act",Critical,98.1,High Risk Zone
KSP/BEL/2025/00424,MISSING PERSON,Belagavi,Tilakwadi,15.899,74.4489,2025-10-06 22:14:00,Investigating,Sec 363 IPC,Medium,86.8,Standard Monitoring
KSP/BEN/2025/00425,ROBBERY / DACOITY,Bengaluru City,Yelahanka,12.9196,77.579,2025-01-04 15:29:00,Pending,"Sec 392, 395 IPC",Critical,93.2,High Risk Zone
KSP/BEN/2024/00426,THEFT,Bengaluru City,Cubbon Park,13.0322,77.6062,2024-04-29 09:28:00,Charge Sheeted,Sec 379 IPC,Medium,92.5,Standard Monitoring
KSP/GAD/2024/00427,MOTOR VEHICLE ACCIDENTS NON-FATAL,Gadag,Town PS,15.3699,75.6989,2024-12-26 11:16:00,Charge Sheeted,"Sec 279, 337 IPC",Medium,97.5,Standard Monitoring
KSP/BEN/2025/00428,MOTOR VEHICLE ACCIDENTS NON-FATAL,Bengaluru City,Cubbon Park,12.9368,77.6484,2025-05-19 07:25:00,Investigating,"Sec 279, 337 IPC",Medium,87.8,Standard Monitoring
KSP/VIJ/2025/00429,ROBBERY / DACOITY,Vijayanagara,Hospet Town,15.2676,76.4512,2025-01-23 08:41:00,Investigating,"Sec 392, 395 IPC",Critical,96.6,High Risk Zone
KSP/KOL/2025/00430,CrPC OFFENCES,Kolar,Bangarapet,13.0676,78.11,2025-03-20 08:27:00,Solved,"Sec 107, 151 CrPC",Low,88.9,Standard Monitoring
KSP/BEN/2024/00431,MISSING PERSON,Bengaluru City,Koramangala,12.9151,77.6374,2024-01-26 15:08:00,Closed,Sec 363 IPC,Medium,89.2,Standard Monitoring
KSP/MAN/2024/00432,CrPC OFFENCES,Mandya,East PS,12.5809,76.93,2024-01-02 01:31:00,Investigating,"Sec 107, 151 CrPC",Low,89.8,Standard Monitoring
KSP/BAG/2024/00433,ROBBERY / DACOITY,Bagalkote,Town PS,16.1462,75.7682,2024-08-15 19:49:00,Pending,"Sec 392, 395 IPC",Critical,97.0,High Risk Zone
KSP/BAL/2025/00434,CrPC OFFENCES,Ballari,Gandhinagar,15.1855,76.8824,2025-09-07 15:21:00,Pending,"Sec 107, 151 CrPC",Low,94.3,Standard Monitoring
KSP/BAG/2025/00435,MOTOR VEHICLE ACCIDENTS NON-FATAL,Bagalkote,Navanagar,16.2471,75.7534,2025-04-06 09:02:00,Pending,"Sec 279, 337 IPC",Medium,88.3,Standard Monitoring
KSP/MYS/2025/00436,MISSING PERSON,Mysuru,Devaraja PS,12.3419,76.657,2025-01-01 21:48:00,Pending,Sec 363 IPC,Medium,97.1,Standard Monitoring
KSP/BEN/2026/00437,THEFT,Bengaluru City,Electronic City,13.0261,77.5516,2026-06-22 15:53:00,Pending,Sec 379 IPC,Medium,97.2,Standard Monitoring
KSP/MYS/2026/00438,CrPC OFFENCES,Mysuru,Vidyaranyapuram,12.3317,76.6615,2026-02-08 20:21:00,Investigating,"Sec 107, 151 CrPC",Low,94.1,Standard Monitoring
KSP/BEN/2025/00439,HURT / ASSAULT,Bengaluru Dist,Doddaballapura,13.1236,77.6677,2025-02-01 16:06:00,Pending,"Sec 323, 324, 504 IPC",High,91.1,High Risk Zone
KSP/MAN/2025/00440,BURGLARY / HOUSE BREAKING,Mandya,East PS,12.5803,76.8182,2025-08-04 07:48:00,Closed,"Sec 454, 457, 380 IPC",High,87.7,High Risk Zone
KSP/BEN/2025/00441,MISSING PERSON,Bengaluru City,Whitefield,13.006,77.6262,2025-10-12 15:59:00,Solved,Sec 363 IPC,Medium,98.5,Standard Monitoring
KSP/BEN/2024/00442,HURT / ASSAULT,Bengaluru City,Yelahanka,12.9277,77.5348,2024-07-21 13:04:00,Closed,"Sec 323, 324, 504 IPC",High,88.5,High Risk Zone
KSP/BEN/2024/00443,CrPC OFFENCES,Bengaluru City,Jayanagar,12.9813,77.5148,2024-04-29 00:47:00,Solved,"Sec 107, 151 CrPC",Low,97.7,Standard Monitoring
KSP/BEL/2025/00444,HURT / ASSAULT,Belagavi,Tilakwadi,15.9216,74.4505,2025-10-27 21:43:00,Solved,"Sec 323, 324, 504 IPC",High,95.5,High Risk Zone
KSP/BEN/2024/00445,THEFT,Bengaluru Dist,Hosakote,13.1554,77.5822,2024-11-03 14:28:00,Closed,Sec 379 IPC,Medium,95.9,Standard Monitoring
KSP/MYS/2024/00446,MOTOR VEHICLE ACCIDENTS NON-FATAL,Mysuru,KRS Road,12.2522,76.589,2024-03-27 15:27:00,Investigating,"Sec 279, 337 IPC",Medium,96.4,Standard Monitoring
KSP/BEN/2026/00447,HURT / ASSAULT,Bengaluru City,Cubbon Park,13.0498,77.6568,2026-02-14 22:46:00,Investigating,"Sec 323, 324, 504 IPC",High,94.2,High Risk Zone
KSP/TUM/2025/00448,CrPC OFFENCES,Tumakuru,Gubbi,13.324,77.1066,2025-11-07 02:53:00,Closed,"Sec 107, 151 CrPC",Low,96.7,Standard Monitoring
KSP/UDU/2026/00449,MOTOR VEHICLE ACCIDENTS NON-FATAL,Udupi,Malpe,13.3058,74.6776,2026-04-07 22:21:00,Investigating,"Sec 279, 337 IPC",Medium,90.4,Standard Monitoring
KSP/DAV/2024/00450,MISSING PERSON,Davanagere,Vidyanagar,14.4732,75.8569,2024-07-05 15:15:00,Closed,Sec 363 IPC,Medium,86.3,Standard Monitoring
KSP/TUM/2025/00451,HURT / ASSAULT,Tumakuru,Tiptur,13.3353,77.1533,2025-06-29 09:53:00,Investigating,"Sec 323, 324, 504 IPC",High,96.9,High Risk Zone
KSP/KAL/2024/00452,NARCOTICS (NDPS),Kalaburagi,Brahampur,17.298,76.7691,2024-10-14 03:17:00,Closed,"Sec 20(b), 22 NDPS Act",Critical,97.5,High Risk Zone
KSP/KOD/2025/00453,CYBER CRIME & FRAUD,Kodagu,Madikeri Town,12.4808,75.6603,2025-10-02 08:06:00,Solved,"Sec 66D IT Act, 420 IPC",High,85.5,High Risk Zone
KSP/RAM/2024/00454,HURT / ASSAULT,Ramanagara,Ijoor PS,12.7823,77.2753,2024-05-07 03:13:00,Solved,"Sec 323, 324, 504 IPC",High,90.9,High Risk Zone
KSP/BAL/2025/00455,BURGLARY / HOUSE BREAKING,Ballari,Cowl Bazar,15.1725,76.9917,2025-07-13 16:17:00,Closed,"Sec 454, 457, 380 IPC",High,97.6,High Risk Zone
KSP/RAM/2025/00456,MOTOR VEHICLE ACCIDENTS NON-FATAL,Ramanagara,Channapatna,12.6525,77.206,2025-09-19 23:37:00,Solved,"Sec 279, 337 IPC",Medium,96.9,Standard Monitoring
KSP/GAD/2024/00457,ROBBERY / DACOITY,Gadag,Betageri,15.3888,75.5802,2024-09-27 20:37:00,Closed,"Sec 392, 395 IPC",Critical,97.1,High Risk Zone
KSP/KAL/2025/00458,MOTOR VEHICLE ACCIDENTS NON-FATAL,Kalaburagi,University PS,17.3884,76.8363,2025-04-04 13:05:00,Investigating,"Sec 279, 337 IPC",Medium,94.9,Standard Monitoring
KSP/HUB/2025/00459,KPA 1963 VIOLATIONS,Hubballi-Dharwad,Kamripeth,15.4091,75.2037,2025-05-31 13:35:00,Closed,"Sec 78, 87 KPA",Low,92.9,Standard Monitoring
KSP/TUM/2024/00460,MISSING PERSON,Tumakuru,Gubbi,13.3554,77.0977,2024-06-20 08:54:00,Pending,Sec 363 IPC,Medium,93.3,Standard Monitoring
KSP/BEN/2024/00461,KPA 1963 VIOLATIONS,Bengaluru City,Whitefield,12.9801,77.6277,2024-03-20 23:33:00,Investigating,"Sec 78, 87 KPA",Low,88.6,Standard Monitoring
KSP/BEN/2025/00462,MISSING PERSON,Bengaluru Dist,Nelamangala,13.1053,77.5875,2025-01-16 13:27:00,Investigating,Sec 363 IPC,Medium,98.2,Standard Monitoring
KSP/MYS/2025/00463,MOTOR VEHICLE ACCIDENTS NON-FATAL,Mysuru,Vidyaranyapuram,12.3085,76.6655,2025-10-27 12:06:00,Solved,"Sec 279, 337 IPC",Medium,85.2,Standard Monitoring
KSP/BAG/2025/00464,CrPC OFFENCES,Bagalkote,Navanagar,16.1293,75.7,2025-07-25 09:16:00,Investigating,"Sec 107, 151 CrPC",Low,91.8,Standard Monitoring
KSP/KOL/2025/00465,CYBER CRIME & FRAUD,Kolar,Robertsonpet,13.2049,78.1971,2025-11-28 14:17:00,Pending,"Sec 66D IT Act, 420 IPC",High,88.8,High Risk Zone
KSP/HAS/2025/00466,NARCOTICS (NDPS),Hassan,Arsikere,13.0838,76.0669,2025-01-09 19:35:00,Investigating,"Sec 20(b), 22 NDPS Act",Critical,88.8,High Risk Zone
KSP/DAV/2026/00467,ROBBERY / DACOITY,Davanagere,Azad Nagar,14.4852,75.9791,2026-06-09 10:57:00,Solved,"Sec 392, 395 IPC",Critical,86.2,High Risk Zone
KSP/HUB/2024/00468,CrPC OFFENCES,Hubballi-Dharwad,Dharwad Town,15.3541,75.1346,2024-08-25 01:11:00,Charge Sheeted,"Sec 107, 151 CrPC",Low,93.7,Standard Monitoring
KSP/BAL/2025/00469,THEFT,Ballari,Gandhinagar,15.0977,76.9236,2025-06-08 02:52:00,Investigating,Sec 379 IPC,Medium,87.7,Standard Monitoring
KSP/KOL/2026/00470,ROBBERY / DACOITY,Kolar,Bangarapet,13.1394,78.1795,2026-04-22 08:27:00,Closed,"Sec 392, 395 IPC",Critical,87.6,High Risk Zone
KSP/BEL/2024/00471,THEFT,Belagavi,Camp PS,15.8737,74.5089,2024-08-10 03:59:00,Investigating,Sec 379 IPC,Medium,90.0,Standard Monitoring
KSP/KOL/2024/00472,THEFT,Kolar,Gulpet,13.1856,78.2128,2024-02-13 13:09:00,Charge Sheeted,Sec 379 IPC,Medium,89.8,Standard Monitoring
KSP/MAN/2026/00473,KPA 1963 VIOLATIONS,Mangaluru,Panambur,12.8533,74.8451,2026-03-15 23:49:00,Solved,"Sec 78, 87 KPA",Low,97.9,Standard Monitoring
KSP/RAI/2025/00474,MOTOR VEHICLE ACCIDENTS NON-FATAL,Raichur,Market PS,16.1549,77.4114,2025-08-25 05:09:00,Solved,"Sec 279, 337 IPC",Medium,93.9,Standard Monitoring
KSP/BEN/2024/00475,THEFT,Bengaluru City,Hebbal,12.9119,77.5211,2024-01-10 05:12:00,Investigating,Sec 379 IPC,Medium,92.7,Standard Monitoring
KSP/BEN/2026/00476,CYBER CRIME & FRAUD,Bengaluru City,Cubbon Park,12.9472,77.6015,2026-05-16 03:55:00,Solved,"Sec 66D IT Act, 420 IPC",High,96.9,High Risk Zone
KSP/DAV/2025/00477,KPA 1963 VIOLATIONS,Davanagere,Azad Nagar,14.5246,75.9161,2025-12-16 05:00:00,Pending,"Sec 78, 87 KPA",Low,94.3,Standard Monitoring
KSP/BEN/2024/00478,THEFT,Bengaluru City,Whitefield,12.9643,77.5496,2024-10-22 20:49:00,Charge Sheeted,Sec 379 IPC,Medium,87.0,Standard Monitoring
KSP/BEN/2025/00479,MOTOR VEHICLE ACCIDENTS NON-FATAL,Bengaluru City,Whitefield,13.0198,77.6086,2025-09-12 15:11:00,Charge Sheeted,"Sec 279, 337 IPC",Medium,93.8,Standard Monitoring
KSP/SHI/2024/00480,CYBER CRIME & FRAUD,Shivamogga,Bhadravathi,13.985,75.5369,2024-07-21 16:13:00,Solved,"Sec 66D IT Act, 420 IPC",High,91.7,High Risk Zone
KSP/BEN/2024/00481,KPA 1963 VIOLATIONS,Bengaluru City,Hebbal,13.0006,77.5287,2024-02-21 22:30:00,Pending,"Sec 78, 87 KPA",Low,98.1,Standard Monitoring
KSP/KAL/2026/00482,BURGLARY / HOUSE BREAKING,Kalaburagi,Ashok Nagar,17.3365,76.8103,2026-05-16 07:05:00,Solved,"Sec 454, 457, 380 IPC",High,90.4,High Risk Zone
KSP/BEN/2024/00483,HURT / ASSAULT,Bengaluru City,Whitefield,12.9809,77.5155,2024-09-30 18:51:00,Investigating,"Sec 323, 324, 504 IPC",High,93.8,High Risk Zone
KSP/BEN/2025/00484,CrPC OFFENCES,Bengaluru City,Yelahanka,12.9068,77.6658,2025-06-14 18:55:00,Solved,"Sec 107, 151 CrPC",Low,94.9,Standard Monitoring
KSP/TUM/2025/00485,MOTOR VEHICLE ACCIDENTS NON-FATAL,Tumakuru,Tiptur,13.311,77.1661,2025-04-26 00:49:00,Charge Sheeted,"Sec 279, 337 IPC",Medium,92.1,Standard Monitoring
KSP/BEN/2024/00486,MISSING PERSON,Bengaluru City,Jayanagar,12.9782,77.6059,2024-05-23 21:54:00,Investigating,Sec 363 IPC,Medium,97.3,Standard Monitoring
KSP/BID/2026/00487,ROBBERY / DACOITY,Bidar,Bhalki,17.8673,77.5657,2026-03-20 23:24:00,Charge Sheeted,"Sec 392, 395 IPC",Critical,98.3,High Risk Zone
KSP/BEN/2026/00488,BURGLARY / HOUSE BREAKING,Bengaluru City,Whitefield,12.893,77.6717,2026-01-21 22:34:00,Investigating,"Sec 454, 457, 380 IPC",High,94.2,High Risk Zone
KSP/MYS/2026/00489,THEFT,Mysuru,KRS Road,12.23,76.6729,2026-07-13 16:53:00,Closed,Sec 379 IPC,Medium,88.6,Standard Monitoring
KSP/CHA/2024/00490,KPA 1963 VIOLATIONS,Chamarajanagar,Kollegal,11.9402,76.9415,2024-07-26 10:21:00,Charge Sheeted,"Sec 78, 87 KPA",Low,95.1,Standard Monitoring
KSP/MAN/2024/00491,MOTOR VEHICLE ACCIDENTS NON-FATAL,Mandya,East PS,12.5438,76.8654,2024-10-01 14:39:00,Investigating,"Sec 279, 337 IPC",Medium,96.2,Standard Monitoring
KSP/MYS/2025/00492,CrPC OFFENCES,Mysuru,Vidyaranyapuram,12.2895,76.621,2025-01-11 12:11:00,Closed,"Sec 107, 151 CrPC",Low,88.2,Standard Monitoring
KSP/BEN/2025/00493,KPA 1963 VIOLATIONS,Bengaluru City,Hebbal,12.9925,77.571,2025-09-30 04:23:00,Pending,"Sec 78, 87 KPA",Low,98.5,Standard Monitoring
KSP/CHI/2024/00494,THEFT,Chikkamagaluru,Basavanahalli,13.3797,75.7933,2024-12-25 03:17:00,Investigating,Sec 379 IPC,Medium,98.4,Standard Monitoring
KSP/MAN/2026/00495,CYBER CRIME & FRAUD,Mangaluru,Urwa,12.9717,74.8951,2026-05-11 21:35:00,Pending,"Sec 66D IT Act, 420 IPC",High,97.4,High Risk Zone
KSP/MYS/2025/00496,MOTOR VEHICLE ACCIDENTS NON-FATAL,Mysuru,Vidyaranyapuram,12.3595,76.6397,2025-08-31 14:17:00,Investigating,"Sec 279, 337 IPC",Medium,98.4,Standard Monitoring
KSP/RAI/2024/00497,THEFT,Raichur,Sindhanur,16.1826,77.3412,2024-05-03 12:28:00,Solved,Sec 379 IPC,Medium,93.8,Standard Monitoring
KSP/BEN/2024/00498,MISSING PERSON,Bengaluru Dist,Devanahalli,13.0294,77.6345,2024-09-21 01:33:00,Solved,Sec 363 IPC,Medium,87.2,Standard Monitoring
KSP/HAS/2026/00499,MISSING PERSON,Hassan,Pension Mohalla,13.0481,76.0917,2026-05-24 00:41:00,Closed,Sec 363 IPC,Medium,94.3,Standard Monitoring
KSP/BEN/2025/00500,CYBER CRIME & FRAUD,Bengaluru City,Jayanagar,12.9964,77.6642,2025-04-26 18:41:00,Solved,"Sec 66D IT Act, 420 IPC",High,98.4,High Risk Zone
KSP/MAN/2025/00501,KPA 1963 VIOLATIONS,Mangaluru,Panambur,12.939,74.8007,2025-03-16 18:53:00,Pending,"Sec 78, 87 KPA",Low,94.2,Standard Monitoring
KSP/MYS/2025/00502,MOTOR VEHICLE ACCIDENTS NON-FATAL,Mysuru,Vidyaranyapuram,12.2822,76.624,2025-05-21 13:42:00,Charge Sheeted,"Sec 279, 337 IPC",Medium,87.0,Standard Monitoring
KSP/BEN/2025/00503,MOTOR VEHICLE ACCIDENTS NON-FATAL,Bengaluru City,Whitefield,13.0306,77.5665,2025-08-10 01:21:00,Pending,"Sec 279, 337 IPC",Medium,94.2,Standard Monitoring
KSP/CHI/2024/00504,HURT / ASSAULT,Chitradurga,Town PS,14.2423,76.4316,2024-11-08 04:43:00,Closed,"Sec 323, 324, 504 IPC",High,94.0,High Risk Zone
KSP/BEN/2025/00505,MOTOR VEHICLE ACCIDENTS NON-FATAL,Bengaluru City,Hebbal,12.9412,77.6271,2025-05-21 21:42:00,Investigating,"Sec 279, 337 IPC",Medium,88.6,Standard Monitoring
KSP/KAL/2025/00506,CYBER CRIME & FRAUD,Kalaburagi,University PS,17.25,76.7944,2025-06-02 18:17:00,Charge Sheeted,"Sec 66D IT Act, 420 IPC",High,88.1,High Risk Zone
KSP/BEL/2026/00507,BURGLARY / HOUSE BREAKING,Belagavi,Gokak,15.7919,74.5028,2026-06-12 12:50:00,Solved,"Sec 454, 457, 380 IPC",High,87.5,High Risk Zone
KSP/MYS/2024/00508,THEFT,Mysuru,KRS Road,12.2365,76.5848,2024-07-24 22:21:00,Investigating,Sec 379 IPC,Medium,94.5,Standard Monitoring
KSP/MYS/2025/00509,CrPC OFFENCES,Mysuru,Vidyaranyapuram,12.3133,76.7221,2025-10-04 20:47:00,Pending,"Sec 107, 151 CrPC",Low,87.0,Standard Monitoring
KSP/BEN/2026/00510,MOTOR VEHICLE ACCIDENTS NON-FATAL,Bengaluru City,Whitefield,12.9236,77.5379,2026-04-30 00:20:00,Pending,"Sec 279, 337 IPC",Medium,92.4,Standard Monitoring
KSP/BEN/2024/00511,BURGLARY / HOUSE BREAKING,Bengaluru City,Cubbon Park,12.9718,77.5903,2024-02-28 10:56:00,Solved,"Sec 454, 457, 380 IPC",High,88.5,High Risk Zone
KSP/BEN/2024/00512,CrPC OFFENCES,Bengaluru City,Hebbal,12.9124,77.5295,2024-03-05 09:02:00,Pending,"Sec 107, 151 CrPC",Low,88.7,Standard Monitoring
KSP/HAV/2024/00513,KPA 1963 VIOLATIONS,Haveri,Byadgi,14.8395,75.4565,2024-06-09 00:34:00,Solved,"Sec 78, 87 KPA",Low,95.4,Standard Monitoring
KSP/TUM/2026/00514,KPA 1963 VIOLATIONS,Tumakuru,Town PS,13.4146,77.0596,2026-05-13 07:44:00,Investigating,"Sec 78, 87 KPA",Low,90.2,Standard Monitoring
KSP/BEN/2026/00515,KPA 1963 VIOLATIONS,Bengaluru Dist,Doddaballapura,13.0682,77.6269,2026-04-09 23:13:00,Closed,"Sec 78, 87 KPA",Low,97.4,Standard Monitoring
KSP/BAL/2026/00516,MOTOR VEHICLE ACCIDENTS NON-FATAL,Ballari,Brucepet,15.1311,76.9558,2026-03-31 20:07:00,Solved,"Sec 279, 337 IPC",Medium,86.8,Standard Monitoring
KSP/SHI/2025/00517,THEFT,Shivamogga,Bhadravathi,13.9067,75.5258,2025-12-03 23:17:00,Pending,Sec 379 IPC,Medium,90.5,Standard Monitoring
KSP/KOD/2026/00518,NARCOTICS (NDPS),Kodagu,Somwarpet,12.4193,75.725,2026-03-04 09:32:00,Solved,"Sec 20(b), 22 NDPS Act",Critical,86.1,High Risk Zone
KSP/BEN/2025/00519,CYBER CRIME & FRAUD,Bengaluru Dist,Doddaballapura,13.1238,77.5307,2025-03-08 18:10:00,Charge Sheeted,"Sec 66D IT Act, 420 IPC",High,94.6,High Risk Zone
KSP/BEL/2025/00520,THEFT,Belagavi,Gokak,15.8623,74.4928,2025-10-05 00:33:00,Solved,Sec 379 IPC,Medium,91.6,Standard Monitoring
KSP/MAN/2024/00521,MOTOR VEHICLE ACCIDENTS NON-FATAL,Mangaluru,Surathkal,12.8698,74.8764,2024-07-07 01:39:00,Investigating,"Sec 279, 337 IPC",Medium,93.9,Standard Monitoring
KSP/BEN/2026/00522,NARCOTICS (NDPS),Bengaluru City,Indiranagar,13.0468,77.5959,2026-05-12 04:54:00,Charge Sheeted,"Sec 20(b), 22 NDPS Act",Critical,94.7,High Risk Zone
KSP/BEN/2025/00523,HURT / ASSAULT,Bengaluru City,Hebbal,12.9991,77.5531,2025-11-16 08:43:00,Charge Sheeted,"Sec 323, 324, 504 IPC",High,92.8,High Risk Zone
KSP/BEN/2024/00524,HURT / ASSAULT,Bengaluru City,Jayanagar,12.9205,77.5301,2024-11-21 09:24:00,Investigating,"Sec 323, 324, 504 IPC",High,90.9,High Risk Zone
KSP/MYS/2026/00525,MOTOR VEHICLE ACCIDENTS NON-FATAL,Mysuru,KRS Road,12.3391,76.7289,2026-03-08 10:56:00,Closed,"Sec 279, 337 IPC",Medium,97.1,Standard Monitoring
KSP/VIJ/2026/00526,MOTOR VEHICLE ACCIDENTS NON-FATAL,Vijayapura,Indi,16.8823,75.6898,2026-03-20 20:05:00,Solved,"Sec 279, 337 IPC",Medium,93.2,Standard Monitoring
KSP/BEN/2026/00527,MISSING PERSON,Bengaluru Dist,Devanahalli,13.1254,77.645,2026-06-23 16:25:00,Investigating,Sec 363 IPC,Medium,95.7,Standard Monitoring
KSP/UDU/2024/00528,MOTOR VEHICLE ACCIDENTS NON-FATAL,Udupi,Town PS,13.3232,74.7966,2024-06-12 14:49:00,Investigating,"Sec 279, 337 IPC",Medium,90.6,Standard Monitoring
KSP/BEN/2025/00529,CrPC OFFENCES,Bengaluru City,Cubbon Park,13.0461,77.5504,2025-11-28 21:42:00,Charge Sheeted,"Sec 107, 151 CrPC",Low,88.2,Standard Monitoring
KSP/KOD/2024/00530,MISSING PERSON,Kodagu,Madikeri Town,12.4097,75.8023,2024-09-08 18:20:00,Closed,Sec 363 IPC,Medium,93.9,Standard Monitoring
KSP/SHI/2024/00531,KPA 1963 VIOLATIONS,Shivamogga,Tunga Nagar,14.0101,75.5584,2024-10-10 11:48:00,Closed,"Sec 78, 87 KPA",Low,86.0,Standard Monitoring
KSP/CHI/2025/00532,MOTOR VEHICLE ACCIDENTS NON-FATAL,Chitradurga,Town PS,14.2005,76.4684,2025-04-11 19:38:00,Closed,"Sec 279, 337 IPC",Medium,90.8,Standard Monitoring
KSP/HAV/2025/00533,BURGLARY / HOUSE BREAKING,Haveri,Ranebennur,14.8678,75.4388,2025-11-12 16:55:00,Investigating,"Sec 454, 457, 380 IPC",High,89.0,High Risk Zone
KSP/BEN/2026/00534,THEFT,Bengaluru City,Whitefield,12.9612,77.6605,2026-02-14 16:45:00,Pending,Sec 379 IPC,Medium,98.0,Standard Monitoring
KSP/MYS/2026/00535,BURGLARY / HOUSE BREAKING,Mysuru,Vidyaranyapuram,12.3216,76.6269,2026-05-20 13:55:00,Investigating,"Sec 454, 457, 380 IPC",High,98.0,High Risk Zone
KSP/BEN/2024/00536,NARCOTICS (NDPS),Bengaluru City,Hebbal,12.9375,77.5534,2024-01-14 12:16:00,Closed,"Sec 20(b), 22 NDPS Act",Critical,88.8,High Risk Zone
KSP/DAV/2024/00537,HURT / ASSAULT,Davanagere,Harihar,14.3909,75.9838,2024-10-08 17:37:00,Closed,"Sec 323, 324, 504 IPC",High,91.6,High Risk Zone
KSP/TUM/2026/00538,CrPC OFFENCES,Tumakuru,Gubbi,13.2865,77.0499,2026-06-22 17:32:00,Pending,"Sec 107, 151 CrPC",Low,96.9,Standard Monitoring
KSP/HUB/2024/00539,BURGLARY / HOUSE BREAKING,Hubballi-Dharwad,Vidyagiri,15.3087,75.1098,2024-04-02 18:08:00,Charge Sheeted,"Sec 454, 457, 380 IPC",High,92.8,High Risk Zone
KSP/KAL/2024/00540,MOTOR VEHICLE ACCIDENTS NON-FATAL,Kalaburagi,Station Bazar,17.38,76.756,2024-02-02 00:25:00,Solved,"Sec 279, 337 IPC",Medium,87.5,Standard Monitoring
KSP/MYS/2024/00541,MISSING PERSON,Mysuru,Vidyaranyapuram,12.3335,76.6023,2024-10-14 11:04:00,Pending,Sec 363 IPC,Medium,86.5,Standard Monitoring
KSP/BEL/2026/00542,KPA 1963 VIOLATIONS,Belagavi,Gokak,15.9097,74.4379,2026-02-08 17:46:00,Pending,"Sec 78, 87 KPA",Low,85.2,Standard Monitoring
KSP/BAG/2024/00543,BURGLARY / HOUSE BREAKING,Bagalkote,Town PS,16.1423,75.7641,2024-01-28 17:28:00,Charge Sheeted,"Sec 454, 457, 380 IPC",High,95.4,High Risk Zone
KSP/KOL/2025/00544,THEFT,Kolar,Town PS,13.1803,78.1579,2025-03-26 08:43:00,Investigating,Sec 379 IPC,Medium,85.1,Standard Monitoring
KSP/BEL/2024/00545,CrPC OFFENCES,Belagavi,Khade Bazar,15.7918,74.4499,2024-06-03 09:18:00,Closed,"Sec 107, 151 CrPC",Low,94.3,Standard Monitoring
KSP/BEL/2026/00546,HURT / ASSAULT,Belagavi,Tilakwadi,15.8809,74.509,2026-06-19 17:19:00,Pending,"Sec 323, 324, 504 IPC",High,90.3,High Risk Zone
KSP/UDU/2026/00547,KPA 1963 VIOLATIONS,Udupi,Town PS,13.31,74.7691,2026-01-24 20:57:00,Solved,"Sec 78, 87 KPA",Low,91.6,Standard Monitoring
KSP/KAL/2025/00548,MOTOR VEHICLE ACCIDENTS NON-FATAL,Kalaburagi,University PS,17.371,76.8949,2025-03-16 20:20:00,Charge Sheeted,"Sec 279, 337 IPC",Medium,94.4,Standard Monitoring
KSP/TUM/2025/00549,HURT / ASSAULT,Tumakuru,Tiptur,13.2729,77.1777,2025-06-05 04:59:00,Investigating,"Sec 323, 324, 504 IPC",High,86.1,High Risk Zone
KSP/VIJ/2025/00550,MISSING PERSON,Vijayanagara,Kudligi,15.1969,76.3832,2025-12-27 04:52:00,Closed,Sec 363 IPC,Medium,97.5,Standard Monitoring
KSP/BEN/2026/00551,MOTOR VEHICLE ACCIDENTS NON-FATAL,Bengaluru City,Electronic City,12.9001,77.6316,2026-07-17 18:13:00,Solved,"Sec 279, 337 IPC",Medium,98.3,Standard Monitoring
KSP/KOL/2024/00552,KPA 1963 VIOLATIONS,Kolar,Bangarapet,13.1488,78.1106,2024-11-28 15:12:00,Solved,"Sec 78, 87 KPA",Low,87.5,Standard Monitoring
KSP/BEN/2025/00553,MOTOR VEHICLE ACCIDENTS NON-FATAL,Bengaluru Dist,Hosakote,13.0255,77.5646,2025-10-01 17:57:00,Solved,"Sec 279, 337 IPC",Medium,86.6,Standard Monitoring
KSP/KAL/2025/00554,MOTOR VEHICLE ACCIDENTS NON-FATAL,Kalaburagi,Ashok Nagar,17.2863,76.8635,2025-01-18 02:48:00,Solved,"Sec 279, 337 IPC",Medium,95.4,Standard Monitoring
KSP/BEN/2025/00555,HURT / ASSAULT,Bengaluru Dist,Hosakote,13.0513,77.6032,2025-09-15 16:27:00,Charge Sheeted,"Sec 323, 324, 504 IPC",High,89.8,High Risk Zone
KSP/BEN/2025/00556,THEFT,Bengaluru City,Whitefield,12.9964,77.6194,2025-04-24 11:45:00,Investigating,Sec 379 IPC,Medium,96.2,Standard Monitoring
KSP/BEL/2025/00557,CYBER CRIME & FRAUD,Belagavi,Market PS,15.7876,74.5298,2025-09-07 21:37:00,Pending,"Sec 66D IT Act, 420 IPC",High,86.2,High Risk Zone
KSP/BEL/2025/00558,HURT / ASSAULT,Belagavi,Camp PS,15.9106,74.5211,2025-11-14 10:43:00,Charge Sheeted,"Sec 323, 324, 504 IPC",High,86.7,High Risk Zone
KSP/RAI/2025/00559,THEFT,Raichur,Sindhanur,16.2228,77.3125,2025-06-28 08:32:00,Charge Sheeted,Sec 379 IPC,Medium,95.8,Standard Monitoring
KSP/SHI/2025/00560,KPA 1963 VIOLATIONS,Shivamogga,Doddapet,13.8834,75.6416,2025-08-18 06:39:00,Solved,"Sec 78, 87 KPA",Low,97.2,Standard Monitoring
KSP/BEN/2024/00561,MISSING PERSON,Bengaluru City,Jayanagar,13.0339,77.5778,2024-03-04 20:09:00,Pending,Sec 363 IPC,Medium,95.9,Standard Monitoring
KSP/DAV/2024/00562,KPA 1963 VIOLATIONS,Davanagere,Azad Nagar,14.4691,75.9756,2024-09-08 20:26:00,Pending,"Sec 78, 87 KPA",Low,86.9,Standard Monitoring
KSP/DAV/2025/00563,KPA 1963 VIOLATIONS,Davanagere,Vidyanagar,14.4413,75.9551,2025-01-09 06:17:00,Charge Sheeted,"Sec 78, 87 KPA",Low,93.2,Standard Monitoring
KSP/HUB/2024/00564,THEFT,Hubballi-Dharwad,Suburban PS,15.3177,75.1691,2024-06-02 05:34:00,Pending,Sec 379 IPC,Medium,91.2,Standard Monitoring
KSP/KAL/2024/00565,KPA 1963 VIOLATIONS,Kalaburagi,Brahampur,17.3491,76.7715,2024-09-20 10:13:00,Pending,"Sec 78, 87 KPA",Low,98.5,Standard Monitoring
KSP/BEN/2025/00566,THEFT,Bengaluru City,Jayanagar,12.9921,77.5742,2025-10-11 20:24:00,Solved,Sec 379 IPC,Medium,94.7,Standard Monitoring
KSP/TUM/2024/00567,HURT / ASSAULT,Tumakuru,Sira,13.4103,77.0219,2024-05-16 03:37:00,Charge Sheeted,"Sec 323, 324, 504 IPC",High,93.3,High Risk Zone
KSP/BEN/2024/00568,MOTOR VEHICLE ACCIDENTS NON-FATAL,Bengaluru City,Hebbal,12.9643,77.667,2024-12-01 12:15:00,Investigating,"Sec 279, 337 IPC",Medium,96.0,Standard Monitoring
KSP/BEN/2026/00569,CrPC OFFENCES,Bengaluru City,Hebbal,13.0087,77.6518,2026-06-15 22:15:00,Solved,"Sec 107, 151 CrPC",Low,85.1,Standard Monitoring
KSP/BEL/2024/00570,THEFT,Belagavi,Tilakwadi,15.7977,74.5366,2024-07-30 21:33:00,Charge Sheeted,Sec 379 IPC,Medium,93.9,Standard Monitoring
KSP/BEN/2026/00571,BURGLARY / HOUSE BREAKING,Bengaluru City,Indiranagar,12.9152,77.5636,2026-02-19 16:50:00,Closed,"Sec 454, 457, 380 IPC",High,97.7,High Risk Zone
KSP/BEN/2026/00572,CrPC OFFENCES,Bengaluru City,Yelahanka,12.9759,77.6406,2026-02-28 13:32:00,Closed,"Sec 107, 151 CrPC",Low,92.4,Standard Monitoring
KSP/RAI/2025/00573,HURT / ASSAULT,Raichur,Market PS,16.2315,77.3678,2025-10-29 07:44:00,Pending,"Sec 323, 324, 504 IPC",High,88.4,High Risk Zone
KSP/BEN/2025/00574,HURT / ASSAULT,Bengaluru City,Koramangala,12.9281,77.5287,2025-03-06 15:06:00,Investigating,"Sec 323, 324, 504 IPC",High,91.6,High Risk Zone
KSP/UTT/2025/00575,KPA 1963 VIOLATIONS,Uttara Kannada,Dandeli,14.8111,74.1398,2025-07-17 22:13:00,Pending,"Sec 78, 87 KPA",Low,96.2,Standard Monitoring
KSP/BEN/2025/00576,CrPC OFFENCES,Bengaluru Dist,Hosakote,13.0796,77.5295,2025-10-14 02:02:00,Charge Sheeted,"Sec 107, 151 CrPC",Low,90.1,Standard Monitoring
KSP/KAL/2024/00577,HURT / ASSAULT,Kalaburagi,University PS,17.3161,76.8672,2024-12-29 15:18:00,Solved,"Sec 323, 324, 504 IPC",High,85.0,High Risk Zone
KSP/BEN/2025/00578,MOTOR VEHICLE ACCIDENTS NON-FATAL,Bengaluru City,Koramangala,12.9875,77.6289,2025-04-02 04:05:00,Pending,"Sec 279, 337 IPC",Medium,87.9,Standard Monitoring
KSP/BEN/2024/00579,MOTOR VEHICLE ACCIDENTS NON-FATAL,Bengaluru City,Electronic City,12.9148,77.537,2024-09-25 04:45:00,Closed,"Sec 279, 337 IPC",Medium,88.1,Standard Monitoring
KSP/BEN/2025/00580,THEFT,Bengaluru City,Indiranagar,12.9082,77.5388,2025-02-24 08:30:00,Pending,Sec 379 IPC,Medium,85.6,Standard Monitoring
KSP/BEN/2024/00581,HURT / ASSAULT,Bengaluru City,Cubbon Park,13.0502,77.6563,2024-05-08 17:04:00,Solved,"Sec 323, 324, 504 IPC",High,89.8,High Risk Zone
KSP/KAL/2026/00582,BURGLARY / HOUSE BREAKING,Kalaburagi,Station Bazar,17.3005,76.8015,2026-05-02 04:16:00,Pending,"Sec 454, 457, 380 IPC",High,98.2,High Risk Zone
KSP/BEN/2024/00583,HURT / ASSAULT,Bengaluru City,Indiranagar,13.0151,77.6573,2024-09-23 05:07:00,Closed,"Sec 323, 324, 504 IPC",High,95.1,High Risk Zone
KSP/SHI/2025/00584,CYBER CRIME & FRAUD,Shivamogga,Doddapet,13.8899,75.5855,2025-05-10 04:55:00,Solved,"Sec 66D IT Act, 420 IPC",High,89.7,High Risk Zone
KSP/BEN/2024/00585,CYBER CRIME & FRAUD,Bengaluru City,Koramangala,13.0336,77.5653,2024-12-13 23:21:00,Closed,"Sec 66D IT Act, 420 IPC",High,88.0,High Risk Zone
KSP/BID/2025/00586,CrPC OFFENCES,Bidar,Basavakalyan,17.8977,77.5793,2025-12-03 20:04:00,Charge Sheeted,"Sec 107, 151 CrPC",Low,96.4,Standard Monitoring
KSP/MYS/2025/00587,CrPC OFFENCES,Mysuru,Vidyaranyapuram,12.3634,76.5778,2025-09-01 21:14:00,Investigating,"Sec 107, 151 CrPC",Low,96.2,Standard Monitoring
KSP/MYS/2025/00588,HURT / ASSAULT,Mysuru,Lashkar PS,12.2385,76.6593,2025-12-22 17:04:00,Charge Sheeted,"Sec 323, 324, 504 IPC",High,89.7,High Risk Zone
KSP/BEL/2025/00589,BURGLARY / HOUSE BREAKING,Belagavi,Tilakwadi,15.8802,74.5188,2025-10-30 13:56:00,Closed,"Sec 454, 457, 380 IPC",High,89.7,High Risk Zone
KSP/BEN/2024/00590,NARCOTICS (NDPS),Bengaluru City,Jayanagar,12.9984,77.5428,2024-02-22 22:44:00,Pending,"Sec 20(b), 22 NDPS Act",Critical,85.0,High Risk Zone
KSP/KAL/2025/00591,MISSING PERSON,Kalaburagi,University PS,17.2627,76.7872,2025-12-28 22:06:00,Pending,Sec 363 IPC,Medium,97.3,Standard Monitoring
KSP/BEN/2025/00592,CYBER CRIME & FRAUD,Bengaluru City,Yelahanka,12.9758,77.6406,2025-06-04 21:53:00,Pending,"Sec 66D IT Act, 420 IPC",High,92.7,High Risk Zone
KSP/TUM/2026/00593,NARCOTICS (NDPS),Tumakuru,Kyatsandra,13.2755,77.1715,2026-05-26 16:10:00,Investigating,"Sec 20(b), 22 NDPS Act",Critical,85.5,High Risk Zone
KSP/DAV/2026/00594,KPA 1963 VIOLATIONS,Davanagere,Azad Nagar,14.4052,75.9302,2026-06-26 21:25:00,Solved,"Sec 78, 87 KPA",Low,92.6,Standard Monitoring
KSP/MYS/2024/00595,ROBBERY / DACOITY,Mysuru,Vidyaranyapuram,12.3232,76.7302,2024-07-19 15:41:00,Solved,"Sec 392, 395 IPC",Critical,98.3,High Risk Zone
KSP/BEN/2024/00596,CrPC OFFENCES,Bengaluru City,Hebbal,12.903,77.6419,2024-09-16 13:26:00,Solved,"Sec 107, 151 CrPC",Low,89.0,Standard Monitoring
KSP/HUB/2026/00597,MISSING PERSON,Hubballi-Dharwad,Vidyagiri,15.306,75.1376,2026-05-05 13:16:00,Pending,Sec 363 IPC,Medium,98.3,Standard Monitoring
KSP/KOD/2025/00598,CYBER CRIME & FRAUD,Kodagu,Kushalnagar,12.4064,75.8041,2025-03-25 12:57:00,Charge Sheeted,"Sec 66D IT Act, 420 IPC",High,90.5,High Risk Zone
KSP/BEN/2025/00599,THEFT,Bengaluru City,Hebbal,12.9506,77.537,2025-05-25 10:59:00,Solved,Sec 379 IPC,Medium,91.9,Standard Monitoring
KSP/UDU/2025/00600,MOTOR VEHICLE ACCIDENTS NON-FATAL,Udupi,Town PS,13.2644,74.7488,2025-08-07 07:19:00,Closed,"Sec 279, 337 IPC",Medium,87.9,Standard Monitoring
KSP/BEN/2025/00601,MOTOR VEHICLE ACCIDENTS NON-FATAL,Bengaluru Dist,Doddaballapura,13.0396,77.5311,2025-01-15 10:17:00,Closed,"Sec 279, 337 IPC",Medium,85.0,Standard Monitoring
KSP/BEN/2026/00602,THEFT,Bengaluru City,Electronic City,12.988,77.5527,2026-03-02 23:12:00,Charge Sheeted,Sec 379 IPC,Medium,86.8,Standard Monitoring
KSP/BEN/2025/00603,CYBER CRIME & FRAUD,Bengaluru Dist,Devanahalli,13.1444,77.5527,2025-07-13 19:19:00,Closed,"Sec 66D IT Act, 420 IPC",High,92.3,High Risk Zone
KSP/CHA/2024/00604,CYBER CRIME & FRAUD,Chamarajanagar,Gundlupet,11.9001,77.0077,2024-08-31 02:59:00,Closed,"Sec 66D IT Act, 420 IPC",High,92.6,High Risk Zone
KSP/DAV/2025/00605,CYBER CRIME & FRAUD,Davanagere,Azad Nagar,14.457,76.0031,2025-05-12 12:40:00,Pending,"Sec 66D IT Act, 420 IPC",High,90.0,High Risk Zone
KSP/BEL/2024/00606,CYBER CRIME & FRAUD,Belagavi,Camp PS,15.8909,74.5038,2024-10-31 08:33:00,Investigating,"Sec 66D IT Act, 420 IPC",High,90.6,High Risk Zone
KSP/CHA/2024/00607,CrPC OFFENCES,Chamarajanagar,Gundlupet,11.9838,76.8673,2024-04-25 01:10:00,Closed,"Sec 107, 151 CrPC",Low,90.2,Standard Monitoring
KSP/BEN/2024/00608,THEFT,Bengaluru Dist,Nelamangala,13.0709,77.5969,2024-10-31 01:14:00,Pending,Sec 379 IPC,Medium,96.9,Standard Monitoring
KSP/BEN/2025/00609,THEFT,Bengaluru City,Hebbal,13.0182,77.6396,2025-01-26 08:27:00,Pending,Sec 379 IPC,Medium,87.8,Standard Monitoring
KSP/BAG/2026/00610,CYBER CRIME & FRAUD,Bagalkote,Jamkhandi,16.2233,75.7191,2026-04-22 11:23:00,Closed,"Sec 66D IT Act, 420 IPC",High,88.8,High Risk Zone
KSP/BEN/2024/00611,HURT / ASSAULT,Bengaluru City,Yelahanka,12.9583,77.5623,2024-04-01 01:48:00,Investigating,"Sec 323, 324, 504 IPC",High,98.2,High Risk Zone
KSP/BEN/2024/00612,MOTOR VEHICLE ACCIDENTS NON-FATAL,Bengaluru City,Yelahanka,12.9954,77.5304,2024-11-10 12:08:00,Solved,"Sec 279, 337 IPC",Medium,89.5,Standard Monitoring
KSP/BEN/2026/00613,CYBER CRIME & FRAUD,Bengaluru City,Cubbon Park,13.0429,77.5817,2026-03-04 20:01:00,Charge Sheeted,"Sec 66D IT Act, 420 IPC",High,97.1,High Risk Zone
KSP/VIJ/2024/00614,THEFT,Vijayapura,Gol Gumbaz PS,16.8528,75.7574,2024-08-16 07:23:00,Pending,Sec 379 IPC,Medium,90.0,Standard Monitoring
KSP/KOL/2024/00615,MOTOR VEHICLE ACCIDENTS NON-FATAL,Kolar,Robertsonpet,13.1779,78.1567,2024-10-17 18:12:00,Pending,"Sec 279, 337 IPC",Medium,89.9,Standard Monitoring
KSP/BEN/2025/00616,ROBBERY / DACOITY,Bengaluru City,Hebbal,12.9005,77.6342,2025-05-28 23:03:00,Solved,"Sec 392, 395 IPC",Critical,95.9,High Risk Zone
KSP/MYS/2025/00617,MOTOR VEHICLE ACCIDENTS NON-FATAL,Mysuru,Lashkar PS,12.2364,76.6665,2025-03-29 02:35:00,Pending,"Sec 279, 337 IPC",Medium,97.4,Standard Monitoring
KSP/HAV/2025/00618,HURT / ASSAULT,Haveri,Byadgi,14.7532,75.4243,2025-02-28 21:28:00,Investigating,"Sec 323, 324, 504 IPC",High,94.5,High Risk Zone
KSP/BEN/2025/00619,THEFT,Bengaluru City,Yelahanka,13.0398,77.6451,2025-02-09 07:07:00,Investigating,Sec 379 IPC,Medium,92.5,Standard Monitoring
KSP/HAS/2024/00620,NARCOTICS (NDPS),Hassan,Arsikere,13.0216,76.075,2024-05-18 05:08:00,Investigating,"Sec 20(b), 22 NDPS Act",Critical,92.6,High Risk Zone
KSP/HUB/2025/00621,MOTOR VEHICLE ACCIDENTS NON-FATAL,Hubballi-Dharwad,Dharwad Town,15.2971,75.1412,2025-08-29 00:55:00,Closed,"Sec 279, 337 IPC",Medium,94.2,Standard Monitoring
KSP/HUB/2026/00622,CrPC OFFENCES,Hubballi-Dharwad,Vidyagiri,15.3719,75.0871,2026-04-15 22:26:00,Pending,"Sec 107, 151 CrPC",Low,91.5,Standard Monitoring
KSP/BEN/2026/00623,NARCOTICS (NDPS),Bengaluru City,Hebbal,12.9273,77.5961,2026-01-13 03:23:00,Investigating,"Sec 20(b), 22 NDPS Act",Critical,88.6,High Risk Zone
KSP/HAS/2025/00624,KPA 1963 VIOLATIONS,Hassan,Gorur,12.9909,76.044,2025-04-04 17:35:00,Investigating,"Sec 78, 87 KPA",Low,85.3,Standard Monitoring
KSP/BEN/2026/00625,BURGLARY / HOUSE BREAKING,Bengaluru City,Yelahanka,12.8985,77.6573,2026-01-05 22:26:00,Charge Sheeted,"Sec 454, 457, 380 IPC",High,93.1,High Risk Zone
KSP/MYS/2025/00626,HURT / ASSAULT,Mysuru,KRS Road,12.3584,76.6764,2025-04-17 01:17:00,Closed,"Sec 323, 324, 504 IPC",High,88.9,High Risk Zone
KSP/BEN/2026/00627,NARCOTICS (NDPS),Bengaluru Dist,Hosakote,13.1209,77.6338,2026-07-16 18:59:00,Solved,"Sec 20(b), 22 NDPS Act",Critical,95.8,High Risk Zone
KSP/KAL/2026/00628,THEFT,Kalaburagi,Ashok Nagar,17.2769,76.9085,2026-04-15 06:13:00,Pending,Sec 379 IPC,Medium,87.8,Standard Monitoring
KSP/BEN/2024/00629,MISSING PERSON,Bengaluru City,Hebbal,13.0406,77.5277,2024-08-05 23:14:00,Closed,Sec 363 IPC,Medium,89.1,Standard Monitoring
KSP/MYS/2024/00630,HURT / ASSAULT,Mysuru,Devaraja PS,12.2803,76.6395,2024-09-14 06:30:00,Solved,"Sec 323, 324, 504 IPC",High,87.1,High Risk Zone
KSP/BAG/2025/00631,MOTOR VEHICLE ACCIDENTS NON-FATAL,Bagalkote,Town PS,16.1729,75.6658,2025-02-18 08:35:00,Closed,"Sec 279, 337 IPC",Medium,88.4,Standard Monitoring
KSP/HUB/2024/00632,MOTOR VEHICLE ACCIDENTS NON-FATAL,Hubballi-Dharwad,Kamripeth,15.3294,75.177,2024-04-10 07:50:00,Investigating,"Sec 279, 337 IPC",Medium,89.0,Standard Monitoring
KSP/BEL/2025/00633,ROBBERY / DACOITY,Belagavi,Market PS,15.8783,74.505,2025-03-01 09:44:00,Solved,"Sec 392, 395 IPC",Critical,86.7,High Risk Zone
KSP/RAI/2024/00634,MISSING PERSON,Raichur,Manvi,16.1664,77.3702,2024-10-18 18:16:00,Investigating,Sec 363 IPC,Medium,93.5,Standard Monitoring
KSP/CHI/2026/00635,CrPC OFFENCES,Chikkamagaluru,Basavanahalli,13.3336,75.7089,2026-03-13 19:45:00,Pending,"Sec 107, 151 CrPC",Low,89.2,Standard Monitoring
KSP/KOD/2025/00636,MISSING PERSON,Kodagu,Gonikoppal,12.3962,75.77,2025-08-03 20:27:00,Investigating,Sec 363 IPC,Medium,95.8,Standard Monitoring
KSP/BID/2024/00637,KPA 1963 VIOLATIONS,Bidar,Gandhi Gunj,17.919,77.5416,2024-11-04 18:37:00,Charge Sheeted,"Sec 78, 87 KPA",Low,87.6,Standard Monitoring
KSP/BEN/2024/00638,CrPC OFFENCES,Bengaluru Dist,Hosakote,13.1509,77.6336,2024-10-28 04:11:00,Pending,"Sec 107, 151 CrPC",Low,91.3,Standard Monitoring
KSP/DAV/2024/00639,MISSING PERSON,Davanagere,Vidyanagar,14.422,75.9885,2024-04-06 10:31:00,Closed,Sec 363 IPC,Medium,85.9,Standard Monitoring
KSP/HAS/2025/00640,CrPC OFFENCES,Hassan,Pension Mohalla,12.9952,76.1544,2025-07-28 22:53:00,Solved,"Sec 107, 151 CrPC",Low,90.1,Standard Monitoring
KSP/BEN/2024/00641,MOTOR VEHICLE ACCIDENTS NON-FATAL,Bengaluru City,Yelahanka,13.0379,77.6424,2024-07-04 22:17:00,Investigating,"Sec 279, 337 IPC",Medium,90.2,Standard Monitoring
KSP/BEN/2026/00642,THEFT,Bengaluru City,Cubbon Park,13.027,77.5277,2026-02-05 10:00:00,Charge Sheeted,Sec 379 IPC,Medium,86.6,Standard Monitoring
KSP/RAI/2024/00643,THEFT,Raichur,Sindhanur,16.1461,77.3961,2024-01-26 03:07:00,Closed,Sec 379 IPC,Medium,86.1,Standard Monitoring
KSP/KOL/2025/00644,ROBBERY / DACOITY,Kolar,Gulpet,13.1563,78.1287,2025-02-18 05:40:00,Investigating,"Sec 392, 395 IPC",Critical,92.9,High Risk Zone
KSP/BEN/2025/00645,CYBER CRIME & FRAUD,Bengaluru City,Electronic City,12.9082,77.5883,2025-04-02 09:26:00,Pending,"Sec 66D IT Act, 420 IPC",High,91.1,High Risk Zone
KSP/BEN/2024/00646,THEFT,Bengaluru City,Koramangala,13.0018,77.6318,2024-09-06 15:18:00,Solved,Sec 379 IPC,Medium,90.5,Standard Monitoring
KSP/BEL/2026/00647,MOTOR VEHICLE ACCIDENTS NON-FATAL,Belagavi,Tilakwadi,15.8352,74.4524,2026-05-26 18:23:00,Solved,"Sec 279, 337 IPC",Medium,87.8,Standard Monitoring
KSP/BEN/2025/00648,MISSING PERSON,Bengaluru City,Koramangala,12.9529,77.5843,2025-09-18 06:10:00,Investigating,Sec 363 IPC,Medium,87.7,Standard Monitoring
KSP/MAN/2026/00649,MISSING PERSON,Mangaluru,Surathkal,12.9563,74.8703,2026-02-11 01:32:00,Charge Sheeted,Sec 363 IPC,Medium,92.2,Standard Monitoring
KSP/SHI/2025/00650,BURGLARY / HOUSE BREAKING,Shivamogga,Vinoba Nagar,13.9673,75.5224,2025-10-07 23:09:00,Solved,"Sec 454, 457, 380 IPC",High,92.0,High Risk Zone
KSP/BEN/2024/00651,BURGLARY / HOUSE BREAKING,Bengaluru City,Jayanagar,12.9757,77.5762,2024-05-29 15:48:00,Closed,"Sec 454, 457, 380 IPC",High,85.3,High Risk Zone
KSP/VIJ/2024/00652,ROBBERY / DACOITY,Vijayapura,Gol Gumbaz PS,16.8644,75.7544,2024-08-25 07:19:00,Solved,"Sec 392, 395 IPC",Critical,89.2,High Risk Zone
KSP/BEN/2024/00653,BURGLARY / HOUSE BREAKING,Bengaluru Dist,Devanahalli,13.1566,77.6462,2024-03-24 19:26:00,Investigating,"Sec 454, 457, 380 IPC",High,89.3,High Risk Zone
KSP/DAV/2026/00654,KPA 1963 VIOLATIONS,Davanagere,Harihar,14.5455,75.9879,2026-06-24 06:14:00,Pending,"Sec 78, 87 KPA",Low,96.8,Standard Monitoring
KSP/KAL/2026/00655,THEFT,Kalaburagi,University PS,17.2707,76.9,2026-03-23 00:55:00,Solved,Sec 379 IPC,Medium,94.4,Standard Monitoring
KSP/BAG/2025/00656,THEFT,Bagalkote,Town PS,16.1982,75.6231,2025-12-21 12:06:00,Closed,Sec 379 IPC,Medium,98.3,Standard Monitoring
KSP/BEN/2024/00657,MOTOR VEHICLE ACCIDENTS NON-FATAL,Bengaluru City,Koramangala,13.0005,77.5313,2024-11-26 23:07:00,Investigating,"Sec 279, 337 IPC",Medium,85.3,Standard Monitoring
KSP/BEN/2024/00658,MOTOR VEHICLE ACCIDENTS NON-FATAL,Bengaluru City,Whitefield,12.9528,77.6578,2024-01-05 22:20:00,Pending,"Sec 279, 337 IPC",Medium,85.1,Standard Monitoring
KSP/TUM/2025/00659,MISSING PERSON,Tumakuru,Gubbi,13.2655,77.0288,2025-05-31 10:44:00,Closed,Sec 363 IPC,Medium,88.0,Standard Monitoring
KSP/SHI/2025/00660,MOTOR VEHICLE ACCIDENTS NON-FATAL,Shivamogga,Bhadravathi,13.8707,75.5779,2025-02-07 08:49:00,Closed,"Sec 279, 337 IPC",Medium,91.6,Standard Monitoring
KSP/MAN/2025/00661,CrPC OFFENCES,Mangaluru,Panambur,12.9343,74.9245,2025-04-12 15:18:00,Investigating,"Sec 107, 151 CrPC",Low,95.9,Standard Monitoring
KSP/BEN/2025/00662,MOTOR VEHICLE ACCIDENTS NON-FATAL,Bengaluru City,Koramangala,12.9166,77.5409,2025-01-24 17:43:00,Solved,"Sec 279, 337 IPC",Medium,91.1,Standard Monitoring
KSP/BEN/2025/00663,CYBER CRIME & FRAUD,Bengaluru Dist,Nelamangala,13.1588,77.5152,2025-11-28 04:29:00,Charge Sheeted,"Sec 66D IT Act, 420 IPC",High,94.4,High Risk Zone
KSP/BEN/2025/00664,CrPC OFFENCES,Bengaluru City,Indiranagar,12.9832,77.6326,2025-03-23 02:23:00,Charge Sheeted,"Sec 107, 151 CrPC",Low,93.6,Standard Monitoring
KSP/MYS/2026/00665,HURT / ASSAULT,Mysuru,Lashkar PS,12.3808,76.6742,2026-02-11 14:55:00,Charge Sheeted,"Sec 323, 324, 504 IPC",High,86.6,High Risk Zone
KSP/BAL/2025/00666,CrPC OFFENCES,Ballari,Brucepet,15.1003,76.9802,2025-04-14 09:14:00,Solved,"Sec 107, 151 CrPC",Low,92.8,Standard Monitoring
KSP/BEN/2025/00667,THEFT,Bengaluru City,Hebbal,12.9074,77.6302,2025-06-22 03:08:00,Charge Sheeted,Sec 379 IPC,Medium,85.4,Standard Monitoring
KSP/BEL/2024/00668,THEFT,Belagavi,Market PS,15.7932,74.4634,2024-04-27 00:33:00,Solved,Sec 379 IPC,Medium,97.9,Standard Monitoring
KSP/UDU/2025/00669,MOTOR VEHICLE ACCIDENTS NON-FATAL,Udupi,Town PS,13.3146,74.7656,2025-03-26 05:39:00,Charge Sheeted,"Sec 279, 337 IPC",Medium,85.5,Standard Monitoring
KSP/VIJ/2024/00670,HURT / ASSAULT,Vijayapura,Gol Gumbaz PS,16.876,75.7025,2024-06-07 23:12:00,Charge Sheeted,"Sec 323, 324, 504 IPC",High,97.4,High Risk Zone
KSP/BID/2026/00671,KPA 1963 VIOLATIONS,Bidar,Market PS,17.9455,77.5122,2026-04-17 07:13:00,Investigating,"Sec 78, 87 KPA",Low,85.4,Standard Monitoring
KSP/BAL/2025/00672,MOTOR VEHICLE ACCIDENTS NON-FATAL,Ballari,Gandhinagar,15.199,76.9977,2025-04-18 06:21:00,Closed,"Sec 279, 337 IPC",Medium,88.7,Standard Monitoring
KSP/BEN/2026/00673,THEFT,Bengaluru City,Electronic City,12.9623,77.6029,2026-04-08 12:20:00,Solved,Sec 379 IPC,Medium,92.6,Standard Monitoring
KSP/HUB/2025/00674,THEFT,Hubballi-Dharwad,Suburban PS,15.3906,75.0818,2025-12-10 15:05:00,Charge Sheeted,Sec 379 IPC,Medium,91.7,Standard Monitoring
KSP/KAL/2024/00675,MOTOR VEHICLE ACCIDENTS NON-FATAL,Kalaburagi,University PS,17.3563,76.7803,2024-01-10 16:18:00,Solved,"Sec 279, 337 IPC",Medium,85.6,Standard Monitoring
KSP/DAV/2025/00676,HURT / ASSAULT,Davanagere,PJ Extension,14.4866,75.8918,2025-02-11 00:38:00,Pending,"Sec 323, 324, 504 IPC",High,94.4,High Risk Zone
KSP/MAN/2025/00677,MISSING PERSON,Mangaluru,Surathkal,12.9474,74.8606,2025-07-10 06:42:00,Closed,Sec 363 IPC,Medium,94.7,Standard Monitoring
KSP/MAN/2024/00678,MISSING PERSON,Mangaluru,Urwa,12.9778,74.7876,2024-03-06 09:39:00,Investigating,Sec 363 IPC,Medium,91.4,Standard Monitoring
KSP/BAG/2025/00679,MOTOR VEHICLE ACCIDENTS NON-FATAL,Bagalkote,Ilkal,16.1362,75.703,2025-10-29 01:51:00,Charge Sheeted,"Sec 279, 337 IPC",Medium,87.7,Standard Monitoring
KSP/BEN/2026/00680,HURT / ASSAULT,Bengaluru City,Whitefield,12.9449,77.6507,2026-02-23 10:09:00,Investigating,"Sec 323, 324, 504 IPC",High,95.6,High Risk Zone
KSP/BEN/2025/00681,CrPC OFFENCES,Bengaluru City,Jayanagar,12.9646,77.5678,2025-04-04 04:29:00,Pending,"Sec 107, 151 CrPC",Low,89.0,Standard Monitoring
KSP/CHA/2025/00682,THEFT,Chamarajanagar,Town PS,11.9996,76.9388,2025-12-25 00:31:00,Investigating,Sec 379 IPC,Medium,96.4,Standard Monitoring
KSP/BEN/2025/00683,MISSING PERSON,Bengaluru City,Hebbal,12.9373,77.5785,2025-05-13 22:49:00,Charge Sheeted,Sec 363 IPC,Medium,96.3,Standard Monitoring
KSP/UDU/2024/00684,KPA 1963 VIOLATIONS,Udupi,Town PS,13.3484,74.7006,2024-10-25 19:05:00,Closed,"Sec 78, 87 KPA",Low,95.3,Standard Monitoring
KSP/BEN/2024/00685,HURT / ASSAULT,Bengaluru City,Koramangala,12.9333,77.5779,2024-09-22 22:15:00,Charge Sheeted,"Sec 323, 324, 504 IPC",High,85.6,High Risk Zone
KSP/CHI/2024/00686,MOTOR VEHICLE ACCIDENTS NON-FATAL,Chikkamagaluru,Tarikere,13.3869,75.8225,2024-09-28 04:39:00,Charge Sheeted,"Sec 279, 337 IPC",Medium,92.4,Standard Monitoring
KSP/MYS/2025/00687,MOTOR VEHICLE ACCIDENTS NON-FATAL,Mysuru,Devaraja PS,12.2384,76.6766,2025-06-28 01:57:00,Solved,"Sec 279, 337 IPC",Medium,94.9,Standard Monitoring
KSP/BEN/2024/00688,KPA 1963 VIOLATIONS,Bengaluru City,Koramangala,13.0186,77.6294,2024-10-18 20:58:00,Pending,"Sec 78, 87 KPA",Low,96.9,Standard Monitoring
KSP/HUB/2024/00689,ROBBERY / DACOITY,Hubballi-Dharwad,Vidyagiri,15.442,75.1909,2024-11-24 15:19:00,Investigating,"Sec 392, 395 IPC",Critical,87.5,High Risk Zone
KSP/HAV/2024/00690,KPA 1963 VIOLATIONS,Haveri,Town PS,14.8042,75.4215,2024-07-24 12:31:00,Solved,"Sec 78, 87 KPA",Low,98.2,Standard Monitoring
KSP/BEN/2024/00691,KPA 1963 VIOLATIONS,Bengaluru City,Jayanagar,12.9757,77.6068,2024-08-23 08:16:00,Investigating,"Sec 78, 87 KPA",Low,96.2,Standard Monitoring
KSP/BEN/2026/00692,CYBER CRIME & FRAUD,Bengaluru City,Electronic City,12.8924,77.6145,2026-05-08 06:38:00,Solved,"Sec 66D IT Act, 420 IPC",High,93.8,High Risk Zone
KSP/MAN/2024/00693,NARCOTICS (NDPS),Mangaluru,Barkarke,12.9791,74.927,2024-03-31 08:57:00,Charge Sheeted,"Sec 20(b), 22 NDPS Act",Critical,98.4,High Risk Zone
KSP/UTT/2025/00694,ROBBERY / DACOITY,Uttara Kannada,Sirsi Town,14.8415,74.082,2025-09-21 15:40:00,Pending,"Sec 392, 395 IPC",Critical,88.8,High Risk Zone
KSP/MYS/2024/00695,NARCOTICS (NDPS),Mysuru,Vidyaranyapuram,12.2727,76.619,2024-05-08 17:09:00,Solved,"Sec 20(b), 22 NDPS Act",Critical,98.5,High Risk Zone
KSP/VIJ/2026/00696,MOTOR VEHICLE ACCIDENTS NON-FATAL,Vijayapura,Gandhi Chowk,16.8629,75.6923,2026-07-16 16:36:00,Closed,"Sec 279, 337 IPC",Medium,93.3,Standard Monitoring
KSP/KOL/2024/00697,MOTOR VEHICLE ACCIDENTS NON-FATAL,Kolar,Town PS,13.2081,78.1134,2024-09-24 19:35:00,Closed,"Sec 279, 337 IPC",Medium,97.8,Standard Monitoring
KSP/HAV/2024/00698,CrPC OFFENCES,Haveri,Ranebennur,14.7568,75.3683,2024-09-01 09:57:00,Investigating,"Sec 107, 151 CrPC",Low,93.1,Standard Monitoring
KSP/HAV/2025/00699,BURGLARY / HOUSE BREAKING,Haveri,Town PS,14.8293,75.3547,2025-03-10 20:44:00,Investigating,"Sec 454, 457, 380 IPC",High,87.4,High Risk Zone
KSP/VIJ/2025/00700,CYBER CRIME & FRAUD,Vijayapura,Adarsh Nagar,16.8462,75.7423,2025-09-19 22:49:00,Charge Sheeted,"Sec 66D IT Act, 420 IPC",High,96.7,High Risk Zone
KSP/DAV/2024/00701,KPA 1963 VIOLATIONS,Davanagere,Azad Nagar,14.5428,75.9174,2024-03-12 05:02:00,Investigating,"Sec 78, 87 KPA",Low,91.5,Standard Monitoring
KSP/MAN/2025/00702,MISSING PERSON,Mangaluru,Urwa,12.8563,74.8505,2025-02-01 14:12:00,Investigating,Sec 363 IPC,Medium,95.2,Standard Monitoring
KSP/VIJ/2025/00703,THEFT,Vijayanagara,Harapanahalli,15.2507,76.3485,2025-05-10 01:16:00,Charge Sheeted,Sec 379 IPC,Medium,94.8,Standard Monitoring
KSP/BEN/2024/00704,THEFT,Bengaluru City,Hebbal,13.0271,77.5311,2024-06-21 02:19:00,Closed,Sec 379 IPC,Medium,88.5,Standard Monitoring
KSP/KOD/2025/00705,NARCOTICS (NDPS),Kodagu,Kushalnagar,12.3956,75.7802,2025-01-07 06:58:00,Charge Sheeted,"Sec 20(b), 22 NDPS Act",Critical,93.0,High Risk Zone
KSP/CHI/2025/00706,THEFT,Chitradurga,Challakere,14.1536,76.4248,2025-12-04 10:15:00,Charge Sheeted,Sec 379 IPC,Medium,92.7,Standard Monitoring
KSP/KAL/2025/00707,KPA 1963 VIOLATIONS,Kalaburagi,Station Bazar,17.2709,76.7798,2025-08-31 16:54:00,Closed,"Sec 78, 87 KPA",Low,89.0,Standard Monitoring
KSP/DAV/2024/00708,NARCOTICS (NDPS),Davanagere,Azad Nagar,14.5102,75.8744,2024-04-10 03:53:00,Solved,"Sec 20(b), 22 NDPS Act",Critical,97.7,High Risk Zone
KSP/HUB/2024/00709,HURT / ASSAULT,Hubballi-Dharwad,Kamripeth,15.407,75.2033,2024-10-08 02:15:00,Closed,"Sec 323, 324, 504 IPC",High,93.4,High Risk Zone
KSP/BID/2024/00710,NARCOTICS (NDPS),Bidar,Gandhi Gunj,17.9874,77.5382,2024-02-05 23:06:00,Solved,"Sec 20(b), 22 NDPS Act",Critical,90.8,High Risk Zone
KSP/SHI/2024/00711,MOTOR VEHICLE ACCIDENTS NON-FATAL,Shivamogga,Bhadravathi,13.926,75.5857,2024-12-02 19:07:00,Charge Sheeted,"Sec 279, 337 IPC",Medium,87.9,Standard Monitoring
KSP/MAN/2025/00712,MISSING PERSON,Mangaluru,Surathkal,12.9099,74.8989,2025-06-25 01:27:00,Closed,Sec 363 IPC,Medium,89.1,Standard Monitoring
KSP/CHI/2024/00713,THEFT,Chitradurga,Hiriyur,14.1763,76.4049,2024-03-25 09:07:00,Closed,Sec 379 IPC,Medium,87.4,Standard Monitoring
KSP/HUB/2024/00714,ROBBERY / DACOITY,Hubballi-Dharwad,Suburban PS,15.3537,75.1165,2024-09-22 13:09:00,Investigating,"Sec 392, 395 IPC",Critical,87.4,High Risk Zone
KSP/BEN/2024/00715,ROBBERY / DACOITY,Bengaluru City,Cubbon Park,12.9684,77.5529,2024-05-18 13:47:00,Investigating,"Sec 392, 395 IPC",Critical,85.4,High Risk Zone
KSP/BAG/2025/00716,THEFT,Bagalkote,Jamkhandi,16.177,75.6564,2025-02-10 06:48:00,Pending,Sec 379 IPC,Medium,90.1,Standard Monitoring
KSP/BEN/2024/00717,CYBER CRIME & FRAUD,Bengaluru Dist,Nelamangala,13.0996,77.5494,2024-07-29 07:58:00,Investigating,"Sec 66D IT Act, 420 IPC",High,93.8,High Risk Zone
KSP/KOD/2026/00718,MISSING PERSON,Kodagu,Somwarpet,12.4868,75.8107,2026-02-19 02:46:00,Charge Sheeted,Sec 363 IPC,Medium,96.7,Standard Monitoring
KSP/BEN/2025/00719,KPA 1963 VIOLATIONS,Bengaluru Dist,Nelamangala,13.0424,77.6529,2025-05-23 23:27:00,Investigating,"Sec 78, 87 KPA",Low,97.9,Standard Monitoring
KSP/BEN/2025/00720,MOTOR VEHICLE ACCIDENTS NON-FATAL,Bengaluru City,Indiranagar,13.033,77.5887,2025-12-15 17:50:00,Pending,"Sec 279, 337 IPC",Medium,89.9,Standard Monitoring
KSP/BEN/2025/00721,MOTOR VEHICLE ACCIDENTS NON-FATAL,Bengaluru City,Whitefield,13.0104,77.5436,2025-04-08 01:14:00,Solved,"Sec 279, 337 IPC",Medium,87.6,Standard Monitoring
KSP/MAN/2024/00722,HURT / ASSAULT,Mangaluru,Urwa,12.9332,74.8537,2024-06-23 19:15:00,Investigating,"Sec 323, 324, 504 IPC",High,94.4,High Risk Zone
KSP/BEN/2025/00723,KPA 1963 VIOLATIONS,Bengaluru City,Yelahanka,13.0457,77.6214,2025-01-15 21:39:00,Pending,"Sec 78, 87 KPA",Low,96.8,Standard Monitoring
KSP/TUM/2024/00724,CYBER CRIME & FRAUD,Tumakuru,Tiptur,13.306,77.0932,2024-11-07 02:17:00,Investigating,"Sec 66D IT Act, 420 IPC",High,90.8,High Risk Zone
KSP/BEN/2025/00725,MISSING PERSON,Bengaluru City,Koramangala,12.9982,77.5651,2025-10-10 18:10:00,Charge Sheeted,Sec 363 IPC,Medium,96.3,Standard Monitoring
KSP/BEN/2024/00726,KPA 1963 VIOLATIONS,Bengaluru Dist,Doddaballapura,13.1442,77.5456,2024-11-28 08:49:00,Charge Sheeted,"Sec 78, 87 KPA",Low,88.3,Standard Monitoring
KSP/BEN/2025/00727,THEFT,Bengaluru City,Hebbal,13.0334,77.5941,2025-09-28 13:44:00,Charge Sheeted,Sec 379 IPC,Medium,89.0,Standard Monitoring
KSP/UTT/2025/00728,MOTOR VEHICLE ACCIDENTS NON-FATAL,Uttara Kannada,Karwar Town,14.793,74.1215,2025-09-09 16:37:00,Solved,"Sec 279, 337 IPC",Medium,94.1,Standard Monitoring
KSP/BEL/2025/00729,CrPC OFFENCES,Belagavi,Gokak,15.8417,74.5554,2025-04-17 08:39:00,Investigating,"Sec 107, 151 CrPC",Low,90.0,Standard Monitoring
KSP/HUB/2024/00730,CrPC OFFENCES,Hubballi-Dharwad,Kamripeth,15.3325,75.0864,2024-07-14 19:32:00,Pending,"Sec 107, 151 CrPC",Low,95.3,Standard Monitoring
KSP/BEN/2025/00731,HURT / ASSAULT,Bengaluru Dist,Doddaballapura,13.0518,77.5489,2025-05-01 19:07:00,Charge Sheeted,"Sec 323, 324, 504 IPC",High,93.4,High Risk Zone
KSP/MAN/2026/00732,MISSING PERSON,Mangaluru,Surathkal,12.8583,74.9071,2026-01-24 05:53:00,Closed,Sec 363 IPC,Medium,97.2,Standard Monitoring
KSP/TUM/2025/00733,THEFT,Tumakuru,Kyatsandra,13.3965,77.0302,2025-12-25 07:28:00,Pending,Sec 379 IPC,Medium,86.1,Standard Monitoring
KSP/BEN/2025/00734,NARCOTICS (NDPS),Bengaluru City,Electronic City,12.9465,77.5219,2025-09-07 20:06:00,Solved,"Sec 20(b), 22 NDPS Act",Critical,96.5,High Risk Zone
KSP/BEN/2025/00735,CrPC OFFENCES,Bengaluru City,Jayanagar,12.9747,77.6342,2025-08-27 04:14:00,Charge Sheeted,"Sec 107, 151 CrPC",Low,93.5,Standard Monitoring
KSP/HUB/2026/00736,KPA 1963 VIOLATIONS,Hubballi-Dharwad,Vidyagiri,15.439,75.1245,2026-04-17 18:36:00,Solved,"Sec 78, 87 KPA",Low,97.8,Standard Monitoring
KSP/BAG/2024/00737,KPA 1963 VIOLATIONS,Bagalkote,Jamkhandi,16.2158,75.6906,2024-05-26 04:49:00,Investigating,"Sec 78, 87 KPA",Low,92.6,Standard Monitoring
KSP/DAV/2024/00738,MOTOR VEHICLE ACCIDENTS NON-FATAL,Davanagere,PJ Extension,14.4326,75.9133,2024-09-14 18:24:00,Charge Sheeted,"Sec 279, 337 IPC",Medium,98.2,Standard Monitoring
KSP/BEN/2025/00739,MOTOR VEHICLE ACCIDENTS NON-FATAL,Bengaluru City,Whitefield,13.015,77.5694,2025-04-30 16:00:00,Closed,"Sec 279, 337 IPC",Medium,88.4,Standard Monitoring
KSP/HUB/2025/00740,ROBBERY / DACOITY,Hubballi-Dharwad,Kamripeth,15.2934,75.1336,2025-12-04 09:01:00,Pending,"Sec 392, 395 IPC",Critical,97.1,High Risk Zone
KSP/DAV/2024/00741,MISSING PERSON,Davanagere,Azad Nagar,14.5146,75.8818,2024-10-26 20:45:00,Solved,Sec 363 IPC,Medium,86.4,Standard Monitoring
KSP/MAN/2026/00742,MOTOR VEHICLE ACCIDENTS NON-FATAL,Mangaluru,Kadri,12.8702,74.803,2026-04-20 12:28:00,Pending,"Sec 279, 337 IPC",Medium,96.7,Standard Monitoring
KSP/CHA/2026/00743,MISSING PERSON,Chamarajanagar,Town PS,11.8587,76.9881,2026-02-04 11:19:00,Investigating,Sec 363 IPC,Medium,87.2,Standard Monitoring
KSP/BEN/2025/00744,MISSING PERSON,Bengaluru Dist,Nelamangala,13.1371,77.5137,2025-11-13 01:37:00,Pending,Sec 363 IPC,Medium,88.2,Standard Monitoring
KSP/TUM/2025/00745,CrPC OFFENCES,Tumakuru,Town PS,13.3014,77.1532,2025-05-16 22:26:00,Closed,"Sec 107, 151 CrPC",Low,89.5,Standard Monitoring
KSP/BEN/2025/00746,MISSING PERSON,Bengaluru City,Hebbal,13.0461,77.6249,2025-11-28 20:51:00,Pending,Sec 363 IPC,Medium,91.4,Standard Monitoring
KSP/MAN/2025/00747,CYBER CRIME & FRAUD,Mangaluru,Kadri,12.9433,74.8185,2025-10-07 23:52:00,Investigating,"Sec 66D IT Act, 420 IPC",High,97.2,High Risk Zone
KSP/BEN/2025/00748,MISSING PERSON,Bengaluru City,Jayanagar,12.9284,77.5952,2025-08-11 19:03:00,Closed,Sec 363 IPC,Medium,98.3,Standard Monitoring
KSP/HUB/2026/00749,MISSING PERSON,Hubballi-Dharwad,Vidyagiri,15.4062,75.1385,2026-03-02 08:01:00,Charge Sheeted,Sec 363 IPC,Medium,89.5,Standard Monitoring
KSP/RAM/2025/00750,BURGLARY / HOUSE BREAKING,Ramanagara,Magadi,12.7191,77.3401,2025-02-03 00:17:00,Closed,"Sec 454, 457, 380 IPC",High,98.1,High Risk Zone
KSP/CHI/2025/00751,HURT / ASSAULT,Chitradurga,Town PS,14.2246,76.3315,2025-10-25 08:34:00,Solved,"Sec 323, 324, 504 IPC",High,95.4,High Risk Zone
KSP/KOD/2024/00752,KPA 1963 VIOLATIONS,Kodagu,Madikeri Town,12.4693,75.7298,2024-06-16 11:03:00,Investigating,"Sec 78, 87 KPA",Low,85.6,Standard Monitoring
KSP/MYS/2025/00753,HURT / ASSAULT,Mysuru,Nazarbad,12.2947,76.6891,2025-02-09 17:06:00,Closed,"Sec 323, 324, 504 IPC",High,94.6,High Risk Zone
KSP/VIJ/2024/00754,KPA 1963 VIOLATIONS,Vijayanagara,Kudligi,15.3053,76.465,2024-07-16 10:18:00,Pending,"Sec 78, 87 KPA",Low,89.8,Standard Monitoring
KSP/BEN/2025/00755,MOTOR VEHICLE ACCIDENTS NON-FATAL,Bengaluru City,Indiranagar,13.0504,77.5514,2025-03-01 06:24:00,Investigating,"Sec 279, 337 IPC",Medium,87.2,Standard Monitoring
KSP/BAL/2025/00756,THEFT,Ballari,Cowl Bazar,15.1215,76.9769,2025-08-30 16:56:00,Pending,Sec 379 IPC,Medium,93.3,Standard Monitoring
KSP/MYS/2025/00757,MOTOR VEHICLE ACCIDENTS NON-FATAL,Mysuru,Devaraja PS,12.2497,76.7275,2025-07-11 23:50:00,Charge Sheeted,"Sec 279, 337 IPC",Medium,87.0,Standard Monitoring
KSP/DAV/2025/00758,MOTOR VEHICLE ACCIDENTS NON-FATAL,Davanagere,PJ Extension,14.4146,75.9898,2025-06-26 15:00:00,Charge Sheeted,"Sec 279, 337 IPC",Medium,93.9,Standard Monitoring
KSP/CHI/2024/00759,MOTOR VEHICLE ACCIDENTS NON-FATAL,Chikkamagaluru,Basavanahalli,13.3735,75.693,2024-01-21 02:30:00,Closed,"Sec 279, 337 IPC",Medium,86.0,Standard Monitoring
KSP/BEN/2024/00760,MOTOR VEHICLE ACCIDENTS NON-FATAL,Bengaluru City,Indiranagar,12.8972,77.6321,2024-08-04 23:45:00,Investigating,"Sec 279, 337 IPC",Medium,96.9,Standard Monitoring
KSP/BID/2024/00761,NARCOTICS (NDPS),Bidar,Gandhi Gunj,17.9632,77.5279,2024-01-24 13:02:00,Solved,"Sec 20(b), 22 NDPS Act",Critical,94.5,High Risk Zone
KSP/MYS/2024/00762,CYBER CRIME & FRAUD,Mysuru,Vidyaranyapuram,12.3067,76.6012,2024-04-08 09:37:00,Closed,"Sec 66D IT Act, 420 IPC",High,96.1,High Risk Zone
KSP/BEN/2024/00763,HURT / ASSAULT,Bengaluru City,Hebbal,12.9822,77.5181,2024-09-13 07:27:00,Solved,"Sec 323, 324, 504 IPC",High,92.3,High Risk Zone
KSP/MYS/2026/00764,THEFT,Mysuru,Nazarbad,12.3103,76.6852,2026-06-01 23:15:00,Closed,Sec 379 IPC,Medium,90.6,Standard Monitoring
KSP/BEN/2025/00765,KPA 1963 VIOLATIONS,Bengaluru City,Yelahanka,13.0502,77.6703,2025-12-17 22:13:00,Closed,"Sec 78, 87 KPA",Low,94.7,Standard Monitoring
KSP/KAL/2024/00766,KPA 1963 VIOLATIONS,Kalaburagi,Station Bazar,17.2854,76.7702,2024-01-16 08:54:00,Solved,"Sec 78, 87 KPA",Low,85.1,Standard Monitoring
KSP/SHI/2026/00767,CrPC OFFENCES,Shivamogga,Tunga Nagar,13.9754,75.5916,2026-05-07 06:07:00,Charge Sheeted,"Sec 107, 151 CrPC",Low,89.2,Standard Monitoring
KSP/BEN/2024/00768,KPA 1963 VIOLATIONS,Bengaluru City,Whitefield,12.9283,77.6007,2024-02-15 02:07:00,Charge Sheeted,"Sec 78, 87 KPA",Low,96.1,Standard Monitoring
KSP/KOL/2024/00769,KPA 1963 VIOLATIONS,Kolar,Robertsonpet,13.1099,78.1058,2024-02-24 06:12:00,Solved,"Sec 78, 87 KPA",Low,90.8,Standard Monitoring
KSP/BEN/2024/00770,KPA 1963 VIOLATIONS,Bengaluru Dist,Doddaballapura,13.1561,77.5817,2024-03-09 22:10:00,Pending,"Sec 78, 87 KPA",Low,90.4,Standard Monitoring
KSP/RAI/2025/00771,MOTOR VEHICLE ACCIDENTS NON-FATAL,Raichur,Sadabad,16.2486,77.3223,2025-12-12 11:38:00,Pending,"Sec 279, 337 IPC",Medium,93.2,Standard Monitoring
KSP/BEN/2026/00772,CYBER CRIME & FRAUD,Bengaluru City,Yelahanka,12.921,77.6638,2026-04-09 00:40:00,Charge Sheeted,"Sec 66D IT Act, 420 IPC",High,94.8,High Risk Zone
KSP/KAL/2025/00773,MISSING PERSON,Kalaburagi,Station Bazar,17.2635,76.8072,2025-06-23 20:23:00,Solved,Sec 363 IPC,Medium,89.6,Standard Monitoring
KSP/KOL/2025/00774,CYBER CRIME & FRAUD,Kolar,Robertsonpet,13.1844,78.1963,2025-01-25 18:08:00,Closed,"Sec 66D IT Act, 420 IPC",High,87.3,High Risk Zone
KSP/BEN/2025/00775,KPA 1963 VIOLATIONS,Bengaluru City,Yelahanka,13.0017,77.6369,2025-09-23 19:23:00,Closed,"Sec 78, 87 KPA",Low,95.2,Standard Monitoring
KSP/VIJ/2026/00776,ROBBERY / DACOITY,Vijayanagara,Harapanahalli,15.3503,76.3854,2026-03-07 21:59:00,Charge Sheeted,"Sec 392, 395 IPC",Critical,86.6,High Risk Zone
KSP/MAN/2026/00777,MISSING PERSON,Mangaluru,Barkarke,12.9691,74.8027,2026-06-07 07:05:00,Charge Sheeted,Sec 363 IPC,Medium,94.4,Standard Monitoring
KSP/BEN/2024/00778,MOTOR VEHICLE ACCIDENTS NON-FATAL,Bengaluru Dist,Doddaballapura,13.0101,77.541,2024-01-02 22:33:00,Investigating,"Sec 279, 337 IPC",Medium,97.7,Standard Monitoring
KSP/BEN/2025/00779,CrPC OFFENCES,Bengaluru City,Cubbon Park,12.9442,77.5567,2025-11-01 12:44:00,Charge Sheeted,"Sec 107, 151 CrPC",Low,96.6,Standard Monitoring
KSP/MAN/2024/00780,KPA 1963 VIOLATIONS,Mandya,East PS,12.5846,76.8742,2024-10-26 07:50:00,Charge Sheeted,"Sec 78, 87 KPA",Low,90.0,Standard Monitoring
KSP/DAV/2024/00781,THEFT,Davanagere,PJ Extension,14.4536,75.9688,2024-02-29 00:15:00,Investigating,Sec 379 IPC,Medium,93.8,Standard Monitoring
KSP/BAL/2024/00782,CrPC OFFENCES,Ballari,Hospet Town,15.167,76.9137,2024-03-17 06:05:00,Pending,"Sec 107, 151 CrPC",Low,96.8,Standard Monitoring
KSP/UDU/2024/00783,MOTOR VEHICLE ACCIDENTS NON-FATAL,Udupi,Malpe,13.325,74.7375,2024-06-16 20:10:00,Pending,"Sec 279, 337 IPC",Medium,87.6,Standard Monitoring
KSP/BEN/2026/00784,THEFT,Bengaluru City,Jayanagar,12.9642,77.5258,2026-06-03 23:32:00,Pending,Sec 379 IPC,Medium,87.6,Standard Monitoring
KSP/BEN/2025/00785,CrPC OFFENCES,Bengaluru City,Cubbon Park,13.0498,77.5994,2025-06-11 12:21:00,Pending,"Sec 107, 151 CrPC",Low,86.7,Standard Monitoring
KSP/BEN/2024/00786,MISSING PERSON,Bengaluru City,Yelahanka,12.9621,77.5263,2024-04-24 03:24:00,Charge Sheeted,Sec 363 IPC,Medium,89.1,Standard Monitoring
KSP/BAG/2024/00787,KPA 1963 VIOLATIONS,Bagalkote,Ilkal,16.1601,75.7685,2024-08-02 22:25:00,Pending,"Sec 78, 87 KPA",Low,92.4,Standard Monitoring
KSP/BEN/2026/00788,KPA 1963 VIOLATIONS,Bengaluru City,Electronic City,13.0119,77.6398,2026-03-15 09:52:00,Closed,"Sec 78, 87 KPA",Low,94.8,Standard Monitoring
KSP/RAM/2025/00789,THEFT,Ramanagara,Magadi,12.6648,77.232,2025-12-08 20:14:00,Closed,Sec 379 IPC,Medium,97.3,Standard Monitoring
KSP/BEN/2025/00790,MOTOR VEHICLE ACCIDENTS NON-FATAL,Bengaluru City,Indiranagar,12.977,77.5458,2025-08-19 07:48:00,Investigating,"Sec 279, 337 IPC",Medium,90.4,Standard Monitoring
KSP/MAN/2025/00791,KPA 1963 VIOLATIONS,Mangaluru,Kadri,12.8798,74.786,2025-04-17 02:57:00,Charge Sheeted,"Sec 78, 87 KPA",Low,93.4,Standard Monitoring
KSP/CHI/2025/00792,MOTOR VEHICLE ACCIDENTS NON-FATAL,Chitradurga,Hiriyur,14.1716,76.4113,2025-01-05 21:56:00,Charge Sheeted,"Sec 279, 337 IPC",Medium,92.4,Standard Monitoring
KSP/MAN/2025/00793,MISSING PERSON,Mangaluru,Panambur,12.9786,74.7888,2025-08-07 00:42:00,Closed,Sec 363 IPC,Medium,94.3,Standard Monitoring
KSP/BEN/2025/00794,MISSING PERSON,Bengaluru City,Indiranagar,12.9272,77.6015,2025-09-03 23:19:00,Closed,Sec 363 IPC,Medium,86.8,Standard Monitoring
KSP/BEN/2024/00795,BURGLARY / HOUSE BREAKING,Bengaluru City,Yelahanka,12.8939,77.6378,2024-02-05 21:18:00,Solved,"Sec 454, 457, 380 IPC",High,87.1,High Risk Zone
KSP/MAN/2024/00796,MISSING PERSON,Mangaluru,Panambur,12.8751,74.7962,2024-08-17 00:57:00,Pending,Sec 363 IPC,Medium,93.8,Standard Monitoring
KSP/BEN/2025/00797,MOTOR VEHICLE ACCIDENTS NON-FATAL,Bengaluru City,Yelahanka,12.9873,77.5727,2025-03-02 12:07:00,Charge Sheeted,"Sec 279, 337 IPC",Medium,89.6,Standard Monitoring
KSP/BEN/2025/00798,MOTOR VEHICLE ACCIDENTS NON-FATAL,Bengaluru City,Jayanagar,12.901,77.6623,2025-06-21 18:58:00,Solved,"Sec 279, 337 IPC",Medium,93.6,Standard Monitoring
KSP/BEN/2024/00799,CrPC OFFENCES,Bengaluru City,Cubbon Park,12.9598,77.6436,2024-08-23 18:26:00,Charge Sheeted,"Sec 107, 151 CrPC",Low,88.4,Standard Monitoring
KSP/BEL/2025/00800,MOTOR VEHICLE ACCIDENTS NON-FATAL,Belagavi,Tilakwadi,15.8345,74.4487,2025-06-16 23:39:00,Closed,"Sec 279, 337 IPC",Medium,98.3,Standard Monitoring
KSP/BEN/2024/00801,THEFT,Bengaluru City,Cubbon Park,12.9892,77.5561,2024-12-07 17:17:00,Closed,Sec 379 IPC,Medium,98.1,Standard Monitoring
KSP/SHI/2025/00802,MISSING PERSON,Shivamogga,Doddapet,13.9338,75.5346,2025-03-09 03:06:00,Charge Sheeted,Sec 363 IPC,Medium,98.0,Standard Monitoring
KSP/BEL/2025/00803,CrPC OFFENCES,Belagavi,Tilakwadi,15.8341,74.5326,2025-10-01 08:22:00,Closed,"Sec 107, 151 CrPC",Low,90.7,Standard Monitoring
KSP/BEN/2025/00804,NARCOTICS (NDPS),Bengaluru City,Jayanagar,13.03,77.5584,2025-04-13 07:02:00,Charge Sheeted,"Sec 20(b), 22 NDPS Act",Critical,92.0,High Risk Zone
KSP/KAL/2024/00805,THEFT,Kalaburagi,Station Bazar,17.3766,76.8384,2024-07-12 11:49:00,Pending,Sec 379 IPC,Medium,86.6,Standard Monitoring
KSP/BEL/2026/00806,MOTOR VEHICLE ACCIDENTS NON-FATAL,Belagavi,Khade Bazar,15.8269,74.5545,2026-03-01 08:59:00,Investigating,"Sec 279, 337 IPC",Medium,87.5,Standard Monitoring
KSP/UDU/2025/00807,HURT / ASSAULT,Udupi,Manipal,13.2725,74.7053,2025-08-01 15:41:00,Charge Sheeted,"Sec 323, 324, 504 IPC",High,92.0,High Risk Zone
KSP/BEN/2025/00808,MOTOR VEHICLE ACCIDENTS NON-FATAL,Bengaluru City,Koramangala,13.0125,77.6149,2025-01-26 02:17:00,Closed,"Sec 279, 337 IPC",Medium,95.8,Standard Monitoring
KSP/RAI/2026/00809,CrPC OFFENCES,Raichur,Sindhanur,16.1992,77.3692,2026-04-25 20:49:00,Charge Sheeted,"Sec 107, 151 CrPC",Low,92.6,Standard Monitoring
KSP/DAV/2026/00810,THEFT,Davanagere,Harihar,14.473,75.9544,2026-02-19 23:09:00,Investigating,Sec 379 IPC,Medium,96.1,Standard Monitoring
KSP/BAL/2025/00811,MOTOR VEHICLE ACCIDENTS NON-FATAL,Ballari,Brucepet,15.113,76.9276,2025-01-24 22:20:00,Pending,"Sec 279, 337 IPC",Medium,96.7,Standard Monitoring
KSP/BEN/2024/00812,CrPC OFFENCES,Bengaluru City,Electronic City,12.9622,77.6157,2024-03-17 20:18:00,Investigating,"Sec 107, 151 CrPC",Low,97.6,Standard Monitoring
KSP/CHA/2025/00813,HURT / ASSAULT,Chamarajanagar,Kollegal,12.0018,76.8887,2025-10-08 09:54:00,Charge Sheeted,"Sec 323, 324, 504 IPC",High,87.3,High Risk Zone
KSP/BEN/2025/00814,MOTOR VEHICLE ACCIDENTS NON-FATAL,Bengaluru City,Jayanagar,12.9171,77.5532,2025-06-19 03:20:00,Investigating,"Sec 279, 337 IPC",Medium,89.0,Standard Monitoring
KSP/CHI/2025/00815,CrPC OFFENCES,Chikkaballapura,Gauribidanur,13.4907,77.6785,2025-09-14 23:42:00,Pending,"Sec 107, 151 CrPC",Low,87.3,Standard Monitoring
KSP/BEN/2025/00816,THEFT,Bengaluru City,Koramangala,12.9735,77.5821,2025-03-18 02:41:00,Solved,Sec 379 IPC,Medium,91.6,Standard Monitoring
KSP/BEN/2024/00817,BURGLARY / HOUSE BREAKING,Bengaluru City,Hebbal,12.9041,77.6404,2024-02-04 15:19:00,Investigating,"Sec 454, 457, 380 IPC",High,88.9,High Risk Zone
KSP/BID/2025/00818,BURGLARY / HOUSE BREAKING,Bidar,Bhalki,17.903,77.4625,2025-03-07 06:38:00,Pending,"Sec 454, 457, 380 IPC",High,88.4,High Risk Zone
KSP/CHI/2025/00819,CrPC OFFENCES,Chikkamagaluru,Tarikere,13.3369,75.8044,2025-02-12 09:59:00,Closed,"Sec 107, 151 CrPC",Low,95.8,Standard Monitoring
KSP/HUB/2024/00820,MOTOR VEHICLE ACCIDENTS NON-FATAL,Hubballi-Dharwad,Gokul Road,15.3616,75.1929,2024-04-27 04:30:00,Pending,"Sec 279, 337 IPC",Medium,96.6,Standard Monitoring
KSP/MAN/2025/00821,CYBER CRIME & FRAUD,Mangaluru,Barkarke,12.8972,74.8809,2025-12-24 04:23:00,Investigating,"Sec 66D IT Act, 420 IPC",High,88.8,High Risk Zone
KSP/BEN/2024/00822,NARCOTICS (NDPS),Bengaluru City,Whitefield,12.9172,77.6693,2024-03-03 18:25:00,Charge Sheeted,"Sec 20(b), 22 NDPS Act",Critical,88.9,High Risk Zone
KSP/KOL/2024/00823,HURT / ASSAULT,Kolar,Gulpet,13.1379,78.0635,2024-07-07 10:34:00,Solved,"Sec 323, 324, 504 IPC",High,88.0,High Risk Zone
KSP/BEN/2024/00824,MISSING PERSON,Bengaluru City,Electronic City,13.0018,77.6688,2024-07-11 07:34:00,Investigating,Sec 363 IPC,Medium,85.9,Standard Monitoring
KSP/BEN/2025/00825,CYBER CRIME & FRAUD,Bengaluru City,Jayanagar,12.9037,77.6497,2025-08-12 07:50:00,Investigating,"Sec 66D IT Act, 420 IPC",High,94.8,High Risk Zone
KSP/MAN/2024/00826,THEFT,Mangaluru,Urwa,12.8878,74.7999,2024-10-04 08:31:00,Pending,Sec 379 IPC,Medium,87.0,Standard Monitoring
KSP/KOL/2026/00827,ROBBERY / DACOITY,Kolar,Gulpet,13.1144,78.1998,2026-05-06 18:54:00,Solved,"Sec 392, 395 IPC",Critical,91.8,High Risk Zone
KSP/BEN/2024/00828,THEFT,Bengaluru Dist,Devanahalli,13.0978,77.6121,2024-11-02 21:38:00,Closed,Sec 379 IPC,Medium,95.8,Standard Monitoring
KSP/BEN/2025/00829,MISSING PERSON,Bengaluru Dist,Doddaballapura,13.1397,77.6178,2025-11-29 15:42:00,Charge Sheeted,Sec 363 IPC,Medium,88.7,Standard Monitoring
KSP/BEN/2026/00830,THEFT,Bengaluru City,Yelahanka,12.9188,77.6484,2026-02-05 17:44:00,Charge Sheeted,Sec 379 IPC,Medium,86.4,Standard Monitoring
KSP/HUB/2024/00831,CrPC OFFENCES,Hubballi-Dharwad,Kamripeth,15.3176,75.1602,2024-06-27 14:18:00,Charge Sheeted,"Sec 107, 151 CrPC",Low,97.4,Standard Monitoring
KSP/BEN/2025/00832,CrPC OFFENCES,Bengaluru Dist,Doddaballapura,13.1618,77.6044,2025-07-25 18:15:00,Pending,"Sec 107, 151 CrPC",Low,90.5,Standard Monitoring
KSP/BEN/2025/00833,CrPC OFFENCES,Bengaluru City,Indiranagar,12.9953,77.54,2025-09-23 15:43:00,Charge Sheeted,"Sec 107, 151 CrPC",Low,94.4,Standard Monitoring
KSP/BEN/2025/00834,CrPC OFFENCES,Bengaluru City,Indiranagar,12.93,77.6643,2025-06-29 22:30:00,Charge Sheeted,"Sec 107, 151 CrPC",Low,97.7,Standard Monitoring
KSP/BEN/2025/00835,MOTOR VEHICLE ACCIDENTS NON-FATAL,Bengaluru City,Indiranagar,13.0478,77.6274,2025-10-22 02:56:00,Charge Sheeted,"Sec 279, 337 IPC",Medium,98.4,Standard Monitoring
KSP/BEN/2025/00836,NARCOTICS (NDPS),Bengaluru City,Koramangala,13.0042,77.524,2025-03-03 08:03:00,Closed,"Sec 20(b), 22 NDPS Act",Critical,95.8,High Risk Zone
KSP/BEN/2026/00837,CrPC OFFENCES,Bengaluru City,Cubbon Park,12.9568,77.6071,2026-06-28 13:09:00,Solved,"Sec 107, 151 CrPC",Low,91.4,Standard Monitoring
KSP/BEN/2025/00838,KPA 1963 VIOLATIONS,Bengaluru City,Whitefield,13.0277,77.6306,2025-09-13 09:44:00,Investigating,"Sec 78, 87 KPA",Low,98.1,Standard Monitoring
KSP/TUM/2025/00839,MISSING PERSON,Tumakuru,Kyatsandra,13.3486,77.1716,2025-05-04 15:09:00,Solved,Sec 363 IPC,Medium,89.6,Standard Monitoring
KSP/BEN/2025/00840,ROBBERY / DACOITY,Bengaluru Dist,Doddaballapura,13.1137,77.5577,2025-07-28 06:53:00,Solved,"Sec 392, 395 IPC",Critical,98.1,High Risk Zone
KSP/HUB/2025/00841,CrPC OFFENCES,Hubballi-Dharwad,Gokul Road,15.4001,75.1641,2025-04-01 23:47:00,Pending,"Sec 107, 151 CrPC",Low,85.2,Standard Monitoring
KSP/BEN/2025/00842,MOTOR VEHICLE ACCIDENTS NON-FATAL,Bengaluru City,Koramangala,12.9717,77.656,2025-07-14 01:32:00,Closed,"Sec 279, 337 IPC",Medium,85.7,Standard Monitoring
KSP/BEN/2026/00843,ROBBERY / DACOITY,Bengaluru City,Electronic City,12.9308,77.5291,2026-05-10 21:57:00,Charge Sheeted,"Sec 392, 395 IPC",Critical,86.8,High Risk Zone
KSP/BEN/2024/00844,THEFT,Bengaluru City,Yelahanka,12.9367,77.5601,2024-10-03 03:51:00,Pending,Sec 379 IPC,Medium,93.4,Standard Monitoring
KSP/BEN/2025/00845,THEFT,Bengaluru City,Yelahanka,12.9324,77.6139,2025-07-30 00:00:00,Closed,Sec 379 IPC,Medium,86.0,Standard Monitoring
KSP/BEN/2026/00846,THEFT,Bengaluru City,Jayanagar,12.983,77.6261,2026-02-11 19:27:00,Charge Sheeted,Sec 379 IPC,Medium,93.5,Standard Monitoring
KSP/RAI/2024/00847,MOTOR VEHICLE ACCIDENTS NON-FATAL,Raichur,Manvi,16.1475,77.2773,2024-07-26 10:12:00,Charge Sheeted,"Sec 279, 337 IPC",Medium,96.6,Standard Monitoring
KSP/KOL/2025/00848,ROBBERY / DACOITY,Kolar,Robertsonpet,13.2155,78.0723,2025-03-26 14:31:00,Investigating,"Sec 392, 395 IPC",Critical,85.9,High Risk Zone
KSP/BEN/2024/00849,THEFT,Bengaluru City,Electronic City,12.9996,77.5998,2024-08-26 08:06:00,Closed,Sec 379 IPC,Medium,93.9,Standard Monitoring
KSP/SHI/2024/00850,THEFT,Shivamogga,Doddapet,14.0041,75.5028,2024-11-17 15:13:00,Solved,Sec 379 IPC,Medium,95.0,Standard Monitoring
KSP/RAM/2025/00851,HURT / ASSAULT,Ramanagara,Magadi,12.742,77.2418,2025-06-24 14:38:00,Charge Sheeted,"Sec 323, 324, 504 IPC",High,97.7,High Risk Zone
KSP/DAV/2024/00852,MOTOR VEHICLE ACCIDENTS NON-FATAL,Davanagere,PJ Extension,14.4505,75.9264,2024-05-07 05:07:00,Investigating,"Sec 279, 337 IPC",Medium,88.1,Standard Monitoring
KSP/BEL/2026/00853,CYBER CRIME & FRAUD,Belagavi,Gokak,15.8957,74.5698,2026-01-03 10:58:00,Charge Sheeted,"Sec 66D IT Act, 420 IPC",High,90.3,High Risk Zone
KSP/BAG/2024/00854,BURGLARY / HOUSE BREAKING,Bagalkote,Jamkhandi,16.2238,75.7641,2024-05-09 22:26:00,Solved,"Sec 454, 457, 380 IPC",High,95.3,High Risk Zone
KSP/MYS/2024/00855,NARCOTICS (NDPS),Mysuru,Devaraja PS,12.2986,76.6462,2024-09-18 08:46:00,Charge Sheeted,"Sec 20(b), 22 NDPS Act",Critical,96.0,High Risk Zone
KSP/MYS/2025/00856,KPA 1963 VIOLATIONS,Mysuru,Vidyaranyapuram,12.3273,76.5996,2025-11-12 12:47:00,Investigating,"Sec 78, 87 KPA",Low,93.0,Standard Monitoring
KSP/CHI/2025/00857,KPA 1963 VIOLATIONS,Chikkamagaluru,Town PS,13.2946,75.6963,2025-01-21 21:13:00,Investigating,"Sec 78, 87 KPA",Low,92.6,Standard Monitoring
KSP/RAM/2024/00858,HURT / ASSAULT,Ramanagara,Kanakapura,12.6449,77.2996,2024-07-25 20:40:00,Investigating,"Sec 323, 324, 504 IPC",High,96.1,High Risk Zone
KSP/RAI/2025/00859,THEFT,Raichur,Sadabad,16.2416,77.4136,2025-04-20 11:53:00,Solved,Sec 379 IPC,Medium,93.5,Standard Monitoring
KSP/BEN/2025/00860,MOTOR VEHICLE ACCIDENTS NON-FATAL,Bengaluru City,Jayanagar,13.0347,77.6053,2025-11-04 19:53:00,Investigating,"Sec 279, 337 IPC",Medium,88.0,Standard Monitoring
KSP/BEN/2024/00861,KPA 1963 VIOLATIONS,Bengaluru Dist,Devanahalli,13.0538,77.5723,2024-04-05 02:24:00,Investigating,"Sec 78, 87 KPA",Low,96.6,Standard Monitoring
KSP/BEN/2025/00862,MOTOR VEHICLE ACCIDENTS NON-FATAL,Bengaluru Dist,Hosakote,13.034,77.5974,2025-11-24 14:50:00,Solved,"Sec 279, 337 IPC",Medium,90.4,Standard Monitoring
KSP/BEN/2025/00863,CrPC OFFENCES,Bengaluru Dist,Nelamangala,13.1394,77.6075,2025-10-14 11:36:00,Pending,"Sec 107, 151 CrPC",Low,85.4,Standard Monitoring
KSP/RAI/2024/00864,CrPC OFFENCES,Raichur,Sadabad,16.1634,77.3405,2024-04-16 03:03:00,Solved,"Sec 107, 151 CrPC",Low,87.0,Standard Monitoring
KSP/GAD/2024/00865,HURT / ASSAULT,Gadag,Town PS,15.4888,75.6552,2024-10-30 19:10:00,Charge Sheeted,"Sec 323, 324, 504 IPC",High,89.6,High Risk Zone
KSP/BEN/2024/00866,MOTOR VEHICLE ACCIDENTS NON-FATAL,Bengaluru City,Hebbal,13.0378,77.643,2024-11-28 11:09:00,Closed,"Sec 279, 337 IPC",Medium,94.8,Standard Monitoring
KSP/MAN/2025/00867,MOTOR VEHICLE ACCIDENTS NON-FATAL,Mangaluru,Barkarke,12.8555,74.8908,2025-08-22 01:22:00,Pending,"Sec 279, 337 IPC",Medium,91.9,Standard Monitoring
KSP/BEN/2026/00868,CrPC OFFENCES,Bengaluru Dist,Doddaballapura,13.0092,77.5772,2026-03-17 01:50:00,Closed,"Sec 107, 151 CrPC",Low,91.7,Standard Monitoring
KSP/HAV/2024/00869,HURT / ASSAULT,Haveri,Town PS,14.8681,75.3834,2024-01-31 16:45:00,Charge Sheeted,"Sec 323, 324, 504 IPC",High,86.2,High Risk Zone
KSP/BID/2024/00870,MOTOR VEHICLE ACCIDENTS NON-FATAL,Bidar,Basavakalyan,17.9685,77.4509,2024-05-08 09:31:00,Investigating,"Sec 279, 337 IPC",Medium,88.5,Standard Monitoring
KSP/SHI/2024/00871,MOTOR VEHICLE ACCIDENTS NON-FATAL,Shivamogga,Vinoba Nagar,13.9075,75.5534,2024-03-15 05:18:00,Solved,"Sec 279, 337 IPC",Medium,85.9,Standard Monitoring
KSP/MAN/2024/00872,THEFT,Mangaluru,Surathkal,12.9786,74.804,2024-05-05 18:48:00,Pending,Sec 379 IPC,Medium,88.6,Standard Monitoring
KSP/BEN/2025/00873,THEFT,Bengaluru City,Yelahanka,12.9247,77.6113,2025-06-24 23:39:00,Charge Sheeted,Sec 379 IPC,Medium,98.2,Standard Monitoring
KSP/KOP/2026/00874,BURGLARY / HOUSE BREAKING,Koppal,Kushtagi,15.4124,76.184,2026-05-28 05:21:00,Investigating,"Sec 454, 457, 380 IPC",High,96.5,High Risk Zone
KSP/CHA/2025/00875,HURT / ASSAULT,Chamarajanagar,Kollegal,11.8495,76.8644,2025-03-19 11:46:00,Solved,"Sec 323, 324, 504 IPC",High,90.9,High Risk Zone
KSP/BEN/2024/00876,THEFT,Bengaluru City,Whitefield,12.9233,77.5887,2024-06-09 01:02:00,Charge Sheeted,Sec 379 IPC,Medium,87.5,Standard Monitoring
KSP/MYS/2024/00877,THEFT,Mysuru,Nazarbad,12.2863,76.6035,2024-05-15 20:25:00,Investigating,Sec 379 IPC,Medium,89.5,Standard Monitoring
KSP/BAG/2025/00878,MISSING PERSON,Bagalkote,Jamkhandi,16.2563,75.7149,2025-01-31 14:19:00,Closed,Sec 363 IPC,Medium,88.4,Standard Monitoring
KSP/BEN/2025/00879,MOTOR VEHICLE ACCIDENTS NON-FATAL,Bengaluru City,Indiranagar,12.9432,77.5642,2025-11-19 03:24:00,Investigating,"Sec 279, 337 IPC",Medium,86.0,Standard Monitoring
KSP/MAN/2024/00880,MOTOR VEHICLE ACCIDENTS NON-FATAL,Mangaluru,Panambur,12.8839,74.8138,2024-07-05 08:02:00,Solved,"Sec 279, 337 IPC",Medium,89.8,Standard Monitoring
KSP/BEN/2024/00881,MOTOR VEHICLE ACCIDENTS NON-FATAL,Bengaluru City,Indiranagar,12.9527,77.6678,2024-02-06 06:28:00,Closed,"Sec 279, 337 IPC",Medium,87.0,Standard Monitoring
KSP/MYS/2024/00882,THEFT,Mysuru,KRS Road,12.3078,76.6436,2024-06-17 14:44:00,Solved,Sec 379 IPC,Medium,87.1,Standard Monitoring
KSP/RAI/2026/00883,MOTOR VEHICLE ACCIDENTS NON-FATAL,Raichur,Manvi,16.2178,77.2822,2026-04-06 15:20:00,Closed,"Sec 279, 337 IPC",Medium,97.9,Standard Monitoring
KSP/BEN/2025/00884,THEFT,Bengaluru Dist,Hosakote,13.1106,77.5376,2025-01-22 02:38:00,Investigating,Sec 379 IPC,Medium,87.9,Standard Monitoring
KSP/TUM/2026/00885,HURT / ASSAULT,Tumakuru,Kyatsandra,13.3443,77.0371,2026-01-21 23:53:00,Solved,"Sec 323, 324, 504 IPC",High,88.2,High Risk Zone
KSP/BEN/2026/00886,BURGLARY / HOUSE BREAKING,Bengaluru City,Indiranagar,12.9567,77.5797,2026-05-15 04:06:00,Closed,"Sec 454, 457, 380 IPC",High,85.3,High Risk Zone
KSP/BEN/2025/00887,MOTOR VEHICLE ACCIDENTS NON-FATAL,Bengaluru Dist,Hosakote,13.1126,77.5811,2025-05-12 15:48:00,Charge Sheeted,"Sec 279, 337 IPC",Medium,85.0,Standard Monitoring
KSP/TUM/2025/00888,HURT / ASSAULT,Tumakuru,Gubbi,13.2892,77.0376,2025-04-16 20:36:00,Closed,"Sec 323, 324, 504 IPC",High,86.7,High Risk Zone
KSP/BEN/2026/00889,MOTOR VEHICLE ACCIDENTS NON-FATAL,Bengaluru Dist,Hosakote,13.1212,77.6628,2026-06-25 14:42:00,Investigating,"Sec 279, 337 IPC",Medium,89.5,Standard Monitoring
KSP/BEN/2024/00890,MOTOR VEHICLE ACCIDENTS NON-FATAL,Bengaluru Dist,Nelamangala,13.1292,77.5271,2024-04-21 18:19:00,Charge Sheeted,"Sec 279, 337 IPC",Medium,96.3,Standard Monitoring
KSP/HAV/2025/00891,CYBER CRIME & FRAUD,Haveri,Ranebennur,14.7454,75.4699,2025-04-15 09:38:00,Solved,"Sec 66D IT Act, 420 IPC",High,90.3,High Risk Zone
KSP/BEN/2025/00892,HURT / ASSAULT,Bengaluru City,Indiranagar,12.994,77.613,2025-03-30 10:35:00,Charge Sheeted,"Sec 323, 324, 504 IPC",High,96.2,High Risk Zone
KSP/HAV/2025/00893,MOTOR VEHICLE ACCIDENTS NON-FATAL,Haveri,Town PS,14.7566,75.3591,2025-10-25 00:16:00,Solved,"Sec 279, 337 IPC",Medium,89.3,Standard Monitoring
KSP/DAV/2025/00894,CYBER CRIME & FRAUD,Davanagere,PJ Extension,14.5148,75.9904,2025-01-02 16:46:00,Pending,"Sec 66D IT Act, 420 IPC",High,91.6,High Risk Zone
KSP/BEN/2025/00895,CrPC OFFENCES,Bengaluru Dist,Hosakote,13.0291,77.6036,2025-05-26 09:20:00,Charge Sheeted,"Sec 107, 151 CrPC",Low,92.9,Standard Monitoring
KSP/BID/2026/00896,BURGLARY / HOUSE BREAKING,Bidar,Gandhi Gunj,17.9087,77.5543,2026-06-23 06:49:00,Charge Sheeted,"Sec 454, 457, 380 IPC",High,93.0,High Risk Zone
KSP/UTT/2025/00897,MISSING PERSON,Uttara Kannada,Bhatkal,14.7602,74.1075,2025-01-10 10:01:00,Investigating,Sec 363 IPC,Medium,97.1,Standard Monitoring
KSP/BEL/2024/00898,KPA 1963 VIOLATIONS,Belagavi,Market PS,15.7826,74.5332,2024-09-04 20:39:00,Investigating,"Sec 78, 87 KPA",Low,93.6,Standard Monitoring
KSP/BEN/2026/00899,MOTOR VEHICLE ACCIDENTS NON-FATAL,Bengaluru Dist,Devanahalli,13.0181,77.5964,2026-01-19 00:42:00,Pending,"Sec 279, 337 IPC",Medium,92.3,Standard Monitoring
KSP/MAN/2024/00900,MOTOR VEHICLE ACCIDENTS NON-FATAL,Mangaluru,Panambur,12.9355,74.7924,2024-10-22 00:01:00,Closed,"Sec 279, 337 IPC",Medium,95.5,Standard Monitoring
KSP/DAV/2026/00901,MISSING PERSON,Davanagere,Vidyanagar,14.5052,75.8773,2026-06-28 00:45:00,Closed,Sec 363 IPC,Medium,89.6,Standard Monitoring
KSP/BEN/2025/00902,BURGLARY / HOUSE BREAKING,Bengaluru Dist,Nelamangala,13.1032,77.5667,2025-12-16 12:43:00,Pending,"Sec 454, 457, 380 IPC",High,89.9,High Risk Zone
KSP/HUB/2024/00903,BURGLARY / HOUSE BREAKING,Hubballi-Dharwad,Kamripeth,15.2913,75.1851,2024-10-04 07:04:00,Investigating,"Sec 454, 457, 380 IPC",High,90.4,High Risk Zone
KSP/RAM/2024/00904,HURT / ASSAULT,Ramanagara,Kanakapura,12.7117,77.2093,2024-12-01 16:46:00,Pending,"Sec 323, 324, 504 IPC",High,85.5,High Risk Zone
KSP/TUM/2025/00905,MISSING PERSON,Tumakuru,Town PS,13.3462,77.0504,2025-02-15 14:29:00,Pending,Sec 363 IPC,Medium,93.7,Standard Monitoring
KSP/BEN/2025/00906,KPA 1963 VIOLATIONS,Bengaluru City,Hebbal,12.9018,77.5835,2025-08-24 09:31:00,Solved,"Sec 78, 87 KPA",Low,87.3,Standard Monitoring
KSP/KAL/2024/00907,HURT / ASSAULT,Kalaburagi,Ashok Nagar,17.3758,76.8278,2024-07-24 12:02:00,Pending,"Sec 323, 324, 504 IPC",High,87.0,High Risk Zone
KSP/BEN/2024/00908,CYBER CRIME & FRAUD,Bengaluru City,Whitefield,13.0137,77.5619,2024-04-04 21:59:00,Solved,"Sec 66D IT Act, 420 IPC",High,90.8,High Risk Zone
KSP/BEL/2024/00909,HURT / ASSAULT,Belagavi,Camp PS,15.8519,74.5741,2024-08-18 19:01:00,Solved,"Sec 323, 324, 504 IPC",High,86.3,High Risk Zone
KSP/RAM/2025/00910,MOTOR VEHICLE ACCIDENTS NON-FATAL,Ramanagara,Kanakapura,12.6466,77.2508,2025-03-22 10:47:00,Solved,"Sec 279, 337 IPC",Medium,97.6,Standard Monitoring
KSP/KAL/2025/00911,CrPC OFFENCES,Kalaburagi,University PS,17.2796,76.8411,2025-01-17 03:17:00,Solved,"Sec 107, 151 CrPC",Low,96.1,Standard Monitoring
KSP/BEN/2024/00912,MOTOR VEHICLE ACCIDENTS NON-FATAL,Bengaluru City,Cubbon Park,13.0222,77.6008,2024-05-04 15:56:00,Closed,"Sec 279, 337 IPC",Medium,96.8,Standard Monitoring
KSP/BAL/2025/00913,MOTOR VEHICLE ACCIDENTS NON-FATAL,Ballari,Hospet Town,15.1226,76.9356,2025-03-24 07:13:00,Solved,"Sec 279, 337 IPC",Medium,91.5,Standard Monitoring
KSP/CHI/2024/00914,NARCOTICS (NDPS),Chikkaballapura,Gauribidanur,13.4665,77.7038,2024-06-14 20:54:00,Closed,"Sec 20(b), 22 NDPS Act",Critical,88.9,High Risk Zone
KSP/BEN/2024/00915,CrPC OFFENCES,Bengaluru City,Electronic City,12.9,77.6256,2024-12-06 15:46:00,Investigating,"Sec 107, 151 CrPC",Low,85.3,Standard Monitoring
KSP/MYS/2025/00916,MOTOR VEHICLE ACCIDENTS NON-FATAL,Mysuru,Devaraja PS,12.3607,76.5768,2025-12-26 17:45:00,Investigating,"Sec 279, 337 IPC",Medium,96.9,Standard Monitoring
KSP/BEN/2026/00917,MOTOR VEHICLE ACCIDENTS NON-FATAL,Bengaluru City,Cubbon Park,13.0336,77.6591,2026-06-21 19:40:00,Pending,"Sec 279, 337 IPC",Medium,97.8,Standard Monitoring
KSP/VIJ/2026/00918,MISSING PERSON,Vijayapura,Indi,16.8434,75.642,2026-03-31 04:48:00,Charge Sheeted,Sec 363 IPC,Medium,85.0,Standard Monitoring
KSP/VIJ/2025/00919,MOTOR VEHICLE ACCIDENTS NON-FATAL,Vijayapura,Gandhi Chowk,16.8732,75.7518,2025-03-05 16:30:00,Pending,"Sec 279, 337 IPC",Medium,85.2,Standard Monitoring
KSP/KOL/2025/00920,CrPC OFFENCES,Kolar,Bangarapet,13.199,78.13,2025-09-12 18:57:00,Pending,"Sec 107, 151 CrPC",Low,94.9,Standard Monitoring
KSP/HUB/2025/00921,THEFT,Hubballi-Dharwad,Vidyagiri,15.4118,75.147,2025-06-24 01:58:00,Investigating,Sec 379 IPC,Medium,90.0,Standard Monitoring
KSP/BEN/2025/00922,MOTOR VEHICLE ACCIDENTS NON-FATAL,Bengaluru City,Electronic City,12.9577,77.5587,2025-04-21 19:45:00,Pending,"Sec 279, 337 IPC",Medium,92.0,Standard Monitoring
KSP/HAS/2026/00923,NARCOTICS (NDPS),Hassan,Arsikere,13.0596,76.1388,2026-01-27 01:06:00,Investigating,"Sec 20(b), 22 NDPS Act",Critical,91.9,High Risk Zone
KSP/BEN/2026/00924,CrPC OFFENCES,Bengaluru City,Cubbon Park,13.0341,77.6602,2026-06-18 06:53:00,Charge Sheeted,"Sec 107, 151 CrPC",Low,95.7,Standard Monitoring
KSP/BEN/2026/00925,CrPC OFFENCES,Bengaluru City,Whitefield,13.0181,77.6119,2026-05-04 06:55:00,Investigating,"Sec 107, 151 CrPC",Low,93.9,Standard Monitoring
KSP/TUM/2024/00926,NARCOTICS (NDPS),Tumakuru,Sira,13.3622,77.0857,2024-02-29 02:49:00,Pending,"Sec 20(b), 22 NDPS Act",Critical,95.7,High Risk Zone
KSP/MAN/2025/00927,CYBER CRIME & FRAUD,Mandya,Srirangapatna,12.4613,76.9109,2025-01-14 02:58:00,Closed,"Sec 66D IT Act, 420 IPC",High,97.5,High Risk Zone
KSP/UDU/2026/00928,MOTOR VEHICLE ACCIDENTS NON-FATAL,Udupi,Town PS,13.3437,74.7524,2026-05-11 00:19:00,Pending,"Sec 279, 337 IPC",Medium,98.1,Standard Monitoring
KSP/MAN/2025/00929,CrPC OFFENCES,Mangaluru,Kadri,12.9416,74.9289,2025-07-18 03:45:00,Investigating,"Sec 107, 151 CrPC",Low,88.6,Standard Monitoring
KSP/BID/2024/00930,MISSING PERSON,Bidar,Market PS,17.9481,77.5452,2024-08-05 07:31:00,Solved,Sec 363 IPC,Medium,89.7,Standard Monitoring
KSP/BEN/2024/00931,MISSING PERSON,Bengaluru City,Cubbon Park,13.0066,77.5987,2024-12-03 17:45:00,Charge Sheeted,Sec 363 IPC,Medium,94.8,Standard Monitoring
KSP/CHI/2026/00932,HURT / ASSAULT,Chitradurga,Challakere,14.1458,76.3251,2026-05-20 08:29:00,Charge Sheeted,"Sec 323, 324, 504 IPC",High,93.0,High Risk Zone
KSP/BEN/2025/00933,BURGLARY / HOUSE BREAKING,Bengaluru City,Koramangala,13.0257,77.672,2025-04-30 09:50:00,Pending,"Sec 454, 457, 380 IPC",High,97.8,High Risk Zone
KSP/MYS/2026/00934,CYBER CRIME & FRAUD,Mysuru,Devaraja PS,12.3379,76.633,2026-06-17 08:01:00,Investigating,"Sec 66D IT Act, 420 IPC",High,87.4,High Risk Zone
KSP/BEN/2025/00935,KPA 1963 VIOLATIONS,Bengaluru Dist,Nelamangala,13.0028,77.5675,2025-10-17 17:41:00,Investigating,"Sec 78, 87 KPA",Low,93.0,Standard Monitoring
KSP/BEN/2025/00936,KPA 1963 VIOLATIONS,Bengaluru Dist,Doddaballapura,13.0034,77.6351,2025-08-04 11:59:00,Pending,"Sec 78, 87 KPA",Low,96.6,Standard Monitoring
KSP/HUB/2025/00937,MISSING PERSON,Hubballi-Dharwad,Suburban PS,15.3196,75.0632,2025-02-17 02:32:00,Investigating,Sec 363 IPC,Medium,88.9,Standard Monitoring
KSP/UDU/2026/00938,CrPC OFFENCES,Udupi,Malpe,13.2844,74.7298,2026-02-12 01:02:00,Solved,"Sec 107, 151 CrPC",Low,85.9,Standard Monitoring
KSP/BEL/2026/00939,THEFT,Belagavi,Tilakwadi,15.7941,74.4899,2026-02-11 05:24:00,Charge Sheeted,Sec 379 IPC,Medium,90.8,Standard Monitoring
KSP/BEL/2025/00940,BURGLARY / HOUSE BREAKING,Belagavi,Khade Bazar,15.7892,74.5143,2025-02-11 02:01:00,Charge Sheeted,"Sec 454, 457, 380 IPC",High,98.4,High Risk Zone
KSP/MAN/2024/00941,THEFT,Mangaluru,Panambur,12.86,74.9037,2024-11-05 19:29:00,Charge Sheeted,Sec 379 IPC,Medium,86.4,Standard Monitoring
KSP/BAL/2026/00942,MOTOR VEHICLE ACCIDENTS NON-FATAL,Ballari,Brucepet,15.1777,76.9499,2026-05-20 15:18:00,Investigating,"Sec 279, 337 IPC",Medium,95.0,Standard Monitoring
KSP/SHI/2026/00943,BURGLARY / HOUSE BREAKING,Shivamogga,Tunga Nagar,13.9293,75.5508,2026-07-02 06:17:00,Charge Sheeted,"Sec 454, 457, 380 IPC",High,92.4,High Risk Zone
KSP/CHI/2026/00944,BURGLARY / HOUSE BREAKING,Chikkaballapura,Town PS,13.4569,77.7729,2026-03-31 17:01:00,Charge Sheeted,"Sec 454, 457, 380 IPC",High,86.2,High Risk Zone
KSP/VIJ/2026/00945,THEFT,Vijayanagara,Hospet Town,15.245,76.4083,2026-03-31 07:58:00,Solved,Sec 379 IPC,Medium,97.2,Standard Monitoring
KSP/GAD/2025/00946,MOTOR VEHICLE ACCIDENTS NON-FATAL,Gadag,Town PS,15.4434,75.6948,2025-10-01 15:21:00,Charge Sheeted,"Sec 279, 337 IPC",Medium,98.0,Standard Monitoring
KSP/MAN/2024/00947,MISSING PERSON,Mangaluru,Urwa,12.8917,74.8859,2024-10-14 17:00:00,Charge Sheeted,Sec 363 IPC,Medium,90.6,Standard Monitoring
KSP/UTT/2025/00948,MISSING PERSON,Uttara Kannada,Dandeli,14.8576,74.1612,2025-10-29 09:17:00,Pending,Sec 363 IPC,Medium,85.0,Standard Monitoring
KSP/BEN/2024/00949,BURGLARY / HOUSE BREAKING,Bengaluru Dist,Nelamangala,13.1538,77.5891,2024-04-15 08:09:00,Closed,"Sec 454, 457, 380 IPC",High,89.4,High Risk Zone
KSP/UDU/2024/00950,MOTOR VEHICLE ACCIDENTS NON-FATAL,Udupi,Manipal,13.3971,74.7772,2024-02-21 22:20:00,Pending,"Sec 279, 337 IPC",Medium,90.0,Standard Monitoring
KSP/BEN/2026/00951,CYBER CRIME & FRAUD,Bengaluru Dist,Nelamangala,13.0147,77.6223,2026-03-12 03:10:00,Solved,"Sec 66D IT Act, 420 IPC",High,87.5,High Risk Zone
KSP/BEN/2024/00952,MOTOR VEHICLE ACCIDENTS NON-FATAL,Bengaluru City,Whitefield,12.9574,77.5882,2024-03-27 12:15:00,Closed,"Sec 279, 337 IPC",Medium,87.4,Standard Monitoring
KSP/KAL/2025/00953,MISSING PERSON,Kalaburagi,Ashok Nagar,17.3754,76.8143,2025-02-24 13:24:00,Solved,Sec 363 IPC,Medium,93.7,Standard Monitoring
KSP/BEN/2026/00954,MISSING PERSON,Bengaluru City,Yelahanka,12.9767,77.6712,2026-05-26 01:21:00,Charge Sheeted,Sec 363 IPC,Medium,89.7,Standard Monitoring
KSP/BEN/2026/00955,MOTOR VEHICLE ACCIDENTS NON-FATAL,Bengaluru City,Hebbal,12.9749,77.5321,2026-06-21 23:18:00,Closed,"Sec 279, 337 IPC",Medium,92.0,Standard Monitoring
KSP/MAN/2024/00956,CrPC OFFENCES,Mangaluru,Panambur,12.9425,74.9285,2024-02-05 03:18:00,Closed,"Sec 107, 151 CrPC",Low,91.0,Standard Monitoring
KSP/HUB/2024/00957,BURGLARY / HOUSE BREAKING,Hubballi-Dharwad,Kamripeth,15.3953,75.1908,2024-06-03 06:42:00,Charge Sheeted,"Sec 454, 457, 380 IPC",High,96.7,High Risk Zone
KSP/VIJ/2026/00958,THEFT,Vijayapura,Gandhi Chowk,16.7537,75.6419,2026-05-01 23:47:00,Solved,Sec 379 IPC,Medium,97.2,Standard Monitoring
KSP/BEN/2025/00959,THEFT,Bengaluru City,Cubbon Park,12.9331,77.5309,2025-01-03 20:10:00,Solved,Sec 379 IPC,Medium,94.1,Standard Monitoring
KSP/MYS/2024/00960,MOTOR VEHICLE ACCIDENTS NON-FATAL,Mysuru,Nazarbad,12.2844,76.6292,2024-09-24 03:40:00,Pending,"Sec 279, 337 IPC",Medium,87.9,Standard Monitoring
KSP/BEN/2024/00961,ROBBERY / DACOITY,Bengaluru City,Cubbon Park,13.0348,77.5516,2024-06-07 04:48:00,Closed,"Sec 392, 395 IPC",Critical,86.3,High Risk Zone
KSP/BEN/2025/00962,HURT / ASSAULT,Bengaluru City,Koramangala,12.981,77.5694,2025-10-27 04:26:00,Pending,"Sec 323, 324, 504 IPC",High,88.7,High Risk Zone
KSP/KOL/2024/00963,MOTOR VEHICLE ACCIDENTS NON-FATAL,Kolar,Gulpet,13.1088,78.2066,2024-08-23 09:17:00,Charge Sheeted,"Sec 279, 337 IPC",Medium,94.2,Standard Monitoring
KSP/KAL/2025/00964,MOTOR VEHICLE ACCIDENTS NON-FATAL,Kalaburagi,Station Bazar,17.3966,76.8446,2025-03-31 18:21:00,Charge Sheeted,"Sec 279, 337 IPC",Medium,90.5,Standard Monitoring
KSP/MYS/2024/00965,MOTOR VEHICLE ACCIDENTS NON-FATAL,Mysuru,KRS Road,12.2315,76.7177,2024-10-05 14:06:00,Investigating,"Sec 279, 337 IPC",Medium,91.9,Standard Monitoring
KSP/UTT/2024/00966,HURT / ASSAULT,Uttara Kannada,Karwar Town,14.7283,74.1659,2024-05-10 15:56:00,Solved,"Sec 323, 324, 504 IPC",High,91.3,High Risk Zone
KSP/BEN/2025/00967,CrPC OFFENCES,Bengaluru City,Electronic City,12.9034,77.5268,2025-05-09 18:53:00,Charge Sheeted,"Sec 107, 151 CrPC",Low,88.5,Standard Monitoring
KSP/HUB/2026/00968,MISSING PERSON,Hubballi-Dharwad,Gokul Road,15.3436,75.0963,2026-02-24 18:10:00,Solved,Sec 363 IPC,Medium,88.6,Standard Monitoring
KSP/BAL/2024/00969,ROBBERY / DACOITY,Ballari,Hospet Town,15.21,76.9207,2024-07-07 00:46:00,Closed,"Sec 392, 395 IPC",Critical,97.1,High Risk Zone
KSP/BEL/2026/00970,HURT / ASSAULT,Belagavi,Camp PS,15.8109,74.5761,2026-01-27 17:30:00,Investigating,"Sec 323, 324, 504 IPC",High,85.8,High Risk Zone
KSP/BEN/2025/00971,CrPC OFFENCES,Bengaluru City,Hebbal,12.9182,77.6612,2025-03-01 21:26:00,Solved,"Sec 107, 151 CrPC",Low,87.3,Standard Monitoring
KSP/GAD/2024/00972,KPA 1963 VIOLATIONS,Gadag,Betageri,15.4626,75.612,2024-05-29 16:02:00,Pending,"Sec 78, 87 KPA",Low,94.8,Standard Monitoring
KSP/BEN/2025/00973,CrPC OFFENCES,Bengaluru City,Whitefield,12.99,77.5245,2025-08-12 14:44:00,Investigating,"Sec 107, 151 CrPC",Low,91.9,Standard Monitoring
KSP/BEN/2024/00974,KPA 1963 VIOLATIONS,Bengaluru City,Cubbon Park,12.917,77.5579,2024-02-07 22:28:00,Investigating,"Sec 78, 87 KPA",Low,93.3,Standard Monitoring
KSP/DAV/2024/00975,KPA 1963 VIOLATIONS,Davanagere,Vidyanagar,14.5157,75.9062,2024-01-05 12:47:00,Charge Sheeted,"Sec 78, 87 KPA",Low,98.0,Standard Monitoring
KSP/BEN/2024/00976,CrPC OFFENCES,Bengaluru City,Koramangala,12.9171,77.5403,2024-01-15 04:38:00,Investigating,"Sec 107, 151 CrPC",Low,93.2,Standard Monitoring
KSP/HUB/2024/00977,THEFT,Hubballi-Dharwad,Kamripeth,15.3868,75.0802,2024-02-20 23:53:00,Charge Sheeted,Sec 379 IPC,Medium,87.7,Standard Monitoring
KSP/BEN/2024/00978,NARCOTICS (NDPS),Bengaluru City,Indiranagar,13.032,77.6322,2024-02-03 23:23:00,Closed,"Sec 20(b), 22 NDPS Act",Critical,88.2,High Risk Zone
KSP/BEL/2024/00979,MOTOR VEHICLE ACCIDENTS NON-FATAL,Belagavi,Tilakwadi,15.8519,74.545,2024-06-09 10:42:00,Solved,"Sec 279, 337 IPC",Medium,89.9,Standard Monitoring
KSP/VIJ/2024/00980,CrPC OFFENCES,Vijayapura,Indi,16.7956,75.6924,2024-06-12 18:43:00,Pending,"Sec 107, 151 CrPC",Low,97.6,Standard Monitoring
KSP/BEN/2024/00981,MOTOR VEHICLE ACCIDENTS NON-FATAL,Bengaluru City,Indiranagar,12.9604,77.5447,2024-01-12 16:57:00,Solved,"Sec 279, 337 IPC",Medium,91.6,Standard Monitoring
KSP/MYS/2026/00982,KPA 1963 VIOLATIONS,Mysuru,KRS Road,12.3006,76.6757,2026-07-07 13:49:00,Investigating,"Sec 78, 87 KPA",Low,97.8,Standard Monitoring
KSP/KAL/2024/00983,CrPC OFFENCES,Kalaburagi,Station Bazar,17.3364,76.8103,2024-12-23 20:06:00,Pending,"Sec 107, 151 CrPC",Low,85.1,Standard Monitoring
KSP/BEN/2026/00984,MOTOR VEHICLE ACCIDENTS NON-FATAL,Bengaluru Dist,Doddaballapura,13.0949,77.5281,2026-06-19 09:12:00,Closed,"Sec 279, 337 IPC",Medium,94.6,Standard Monitoring
KSP/BEL/2025/00985,MISSING PERSON,Belagavi,Market PS,15.8144,74.4616,2025-03-15 10:18:00,Solved,Sec 363 IPC,Medium,94.1,Standard Monitoring
KSP/YAD/2025/00986,THEFT,Yadgir,Shorapur,16.7981,77.2128,2025-06-21 19:17:00,Pending,Sec 379 IPC,Medium,98.3,Standard Monitoring
KSP/BEN/2024/00987,THEFT,Bengaluru City,Electronic City,12.9405,77.6146,2024-08-31 12:10:00,Pending,Sec 379 IPC,Medium,92.3,Standard Monitoring
KSP/BEL/2025/00988,THEFT,Belagavi,Market PS,15.7948,74.5239,2025-12-05 03:10:00,Charge Sheeted,Sec 379 IPC,Medium,94.7,Standard Monitoring
KSP/MYS/2026/00989,HURT / ASSAULT,Mysuru,KRS Road,12.3621,76.5775,2026-06-06 01:51:00,Charge Sheeted,"Sec 323, 324, 504 IPC",High,86.6,High Risk Zone
KSP/UDU/2024/00990,MISSING PERSON,Udupi,Manipal,13.3875,74.7064,2024-11-28 01:36:00,Solved,Sec 363 IPC,Medium,85.2,Standard Monitoring
KSP/UDU/2024/00991,ROBBERY / DACOITY,Udupi,Manipal,13.307,74.808,2024-01-06 04:51:00,Solved,"Sec 392, 395 IPC",Critical,90.6,High Risk Zone
KSP/TUM/2024/00992,THEFT,Tumakuru,Tiptur,13.3475,77.1381,2024-01-07 21:32:00,Investigating,Sec 379 IPC,Medium,85.1,Standard Monitoring
KSP/TUM/2026/00993,BURGLARY / HOUSE BREAKING,Tumakuru,Kyatsandra,13.3428,77.0264,2026-06-12 09:26:00,Charge Sheeted,"Sec 454, 457, 380 IPC",High,92.0,High Risk Zone
KSP/BEN/2024/00994,MISSING PERSON,Bengaluru Dist,Hosakote,13.005,77.663,2024-09-20 07:53:00,Pending,Sec 363 IPC,Medium,98.5,Standard Monitoring
KSP/VIJ/2025/00995,KPA 1963 VIOLATIONS,Vijayapura,Adarsh Nagar,16.8335,75.696,2025-07-13 12:03:00,Solved,"Sec 78, 87 KPA",Low,87.5,Standard Monitoring
KSP/BEL/2024/00996,MOTOR VEHICLE ACCIDENTS NON-FATAL,Belagavi,Tilakwadi,15.845,74.5275,2024-09-29 02:32:00,Charge Sheeted,"Sec 279, 337 IPC",Medium,86.0,Standard Monitoring
KSP/HUB/2025/00997,MOTOR VEHICLE ACCIDENTS NON-FATAL,Hubballi-Dharwad,Dharwad Town,15.3049,75.1002,2025-09-08 12:48:00,Pending,"Sec 279, 337 IPC",Medium,95.1,Standard Monitoring
KSP/BAL/2025/00998,HURT / ASSAULT,Ballari,Brucepet,15.2072,76.9537,2025-11-16 18:01:00,Solved,"Sec 323, 324, 504 IPC",High,91.0,High Risk Zone
KSP/RAM/2024/00999,NARCOTICS (NDPS),Ramanagara,Ijoor PS,12.7942,77.3253,2024-04-03 11:33:00,Closed,"Sec 20(b), 22 NDPS Act",Critical,95.4,High Risk Zone
KSP/BEN/2025/01000,CYBER CRIME & FRAUD,Bengaluru City,Cubbon Park,12.9019,77.6465,2025-03-05 18:47:00,Pending,"Sec 66D IT Act, 420 IPC",High,91.7,High Risk Zone
KSP/BEN/2024/01001,HURT / ASSAULT,Bengaluru City,Cubbon Park,12.9896,77.6101,2024-08-04 11:13:00,Charge Sheeted,"Sec 323, 324, 504 IPC",High,88.2,High Risk Zone
KSP/YAD/2024/01002,KPA 1963 VIOLATIONS,Yadgir,Town PS,16.8017,77.1571,2024-12-15 04:30:00,Pending,"Sec 78, 87 KPA",Low,86.1,Standard Monitoring
KSP/BEN/2025/01003,NARCOTICS (NDPS),Bengaluru City,Hebbal,12.9504,77.557,2025-11-13 22:00:00,Pending,"Sec 20(b), 22 NDPS Act",Critical,92.5,High Risk Zone
KSP/BEN/2025/01004,CrPC OFFENCES,Bengaluru Dist,Hosakote,13.0202,77.5755,2025-06-30 13:15:00,Charge Sheeted,"Sec 107, 151 CrPC",Low,91.6,Standard Monitoring
KSP/HUB/2024/01005,ROBBERY / DACOITY,Hubballi-Dharwad,Kamripeth,15.4204,75.1172,2024-10-04 08:57:00,Pending,"Sec 392, 395 IPC",Critical,95.1,High Risk Zone
KSP/MYS/2025/01006,MOTOR VEHICLE ACCIDENTS NON-FATAL,Mysuru,Devaraja PS,12.2939,76.7115,2025-08-11 20:35:00,Solved,"Sec 279, 337 IPC",Medium,92.9,Standard Monitoring
KSP/MYS/2024/01007,THEFT,Mysuru,KRS Road,12.3494,76.6134,2024-12-26 01:17:00,Investigating,Sec 379 IPC,Medium,93.2,Standard Monitoring
KSP/BAL/2026/01008,CYBER CRIME & FRAUD,Ballari,Brucepet,15.1431,76.9211,2026-06-14 07:48:00,Closed,"Sec 66D IT Act, 420 IPC",High,91.2,High Risk Zone
KSP/BEN/2025/01009,CrPC OFFENCES,Bengaluru City,Yelahanka,12.9106,77.6719,2025-07-19 13:42:00,Pending,"Sec 107, 151 CrPC",Low,95.9,Standard Monitoring
KSP/BEN/2024/01010,ROBBERY / DACOITY,Bengaluru City,Electronic City,12.9943,77.5687,2024-10-26 13:06:00,Solved,"Sec 392, 395 IPC",Critical,90.0,High Risk Zone
KSP/BAL/2025/01011,MISSING PERSON,Ballari,Hospet Town,15.2015,76.8562,2025-06-05 16:47:00,Investigating,Sec 363 IPC,Medium,97.5,Standard Monitoring
KSP/DAV/2025/01012,MOTOR VEHICLE ACCIDENTS NON-FATAL,Davanagere,PJ Extension,14.4979,75.9104,2025-12-17 16:51:00,Solved,"Sec 279, 337 IPC",Medium,92.9,Standard Monitoring
KSP/BEN/2024/01013,THEFT,Bengaluru Dist,Doddaballapura,13.083,77.6296,2024-08-14 22:07:00,Investigating,Sec 379 IPC,Medium,96.3,Standard Monitoring
KSP/BEN/2024/01014,HURT / ASSAULT,Bengaluru Dist,Nelamangala,13.0338,77.5205,2024-05-07 20:07:00,Investigating,"Sec 323, 324, 504 IPC",High,95.9,High Risk Zone
KSP/MYS/2024/01015,NARCOTICS (NDPS),Mysuru,Nazarbad,12.3585,76.6655,2024-06-17 12:39:00,Pending,"Sec 20(b), 22 NDPS Act",Critical,97.9,High Risk Zone
KSP/VIJ/2025/01016,BURGLARY / HOUSE BREAKING,Vijayapura,Adarsh Nagar,16.7611,75.7298,2025-04-18 15:50:00,Closed,"Sec 454, 457, 380 IPC",High,88.0,High Risk Zone
KSP/BEN/2025/01017,HURT / ASSAULT,Bengaluru City,Whitefield,13.0244,77.6114,2025-09-25 07:29:00,Closed,"Sec 323, 324, 504 IPC",High,85.9,High Risk Zone
KSP/BEN/2024/01018,CYBER CRIME & FRAUD,Bengaluru City,Yelahanka,12.9353,77.6275,2024-03-02 06:17:00,Investigating,"Sec 66D IT Act, 420 IPC",High,85.5,High Risk Zone
KSP/RAM/2025/01019,MOTOR VEHICLE ACCIDENTS NON-FATAL,Ramanagara,Ijoor PS,12.7106,77.2542,2025-08-12 13:02:00,Solved,"Sec 279, 337 IPC",Medium,95.4,Standard Monitoring
KSP/KOP/2024/01020,ROBBERY / DACOITY,Koppal,Gangavathi,15.3125,76.1991,2024-05-28 00:20:00,Charge Sheeted,"Sec 392, 395 IPC",Critical,85.4,High Risk Zone
KSP/CHI/2026/01021,CrPC OFFENCES,Chikkamagaluru,Tarikere,13.2799,75.8401,2026-05-21 12:27:00,Pending,"Sec 107, 151 CrPC",Low,93.3,Standard Monitoring
KSP/BEN/2024/01022,HURT / ASSAULT,Bengaluru Dist,Nelamangala,13.151,77.5236,2024-02-15 04:57:00,Pending,"Sec 323, 324, 504 IPC",High,91.9,High Risk Zone
KSP/MAN/2024/01023,MOTOR VEHICLE ACCIDENTS NON-FATAL,Mangaluru,Surathkal,12.9666,74.8658,2024-01-10 22:38:00,Charge Sheeted,"Sec 279, 337 IPC",Medium,89.9,Standard Monitoring
KSP/CHI/2024/01024,MOTOR VEHICLE ACCIDENTS NON-FATAL,Chitradurga,Town PS,14.1623,76.4288,2024-12-18 11:56:00,Charge Sheeted,"Sec 279, 337 IPC",Medium,92.7,Standard Monitoring
KSP/DAV/2024/01025,HURT / ASSAULT,Davanagere,Harihar,14.4939,75.8586,2024-07-12 07:06:00,Investigating,"Sec 323, 324, 504 IPC",High,89.5,High Risk Zone
KSP/BEN/2026/01026,BURGLARY / HOUSE BREAKING,Bengaluru City,Electronic City,12.9718,77.5557,2026-04-15 10:44:00,Closed,"Sec 454, 457, 380 IPC",High,86.4,High Risk Zone
KSP/KOL/2024/01027,MOTOR VEHICLE ACCIDENTS NON-FATAL,Kolar,Robertsonpet,13.1389,78.1534,2024-11-09 21:34:00,Solved,"Sec 279, 337 IPC",Medium,87.1,Standard Monitoring
KSP/BEN/2026/01028,MOTOR VEHICLE ACCIDENTS NON-FATAL,Bengaluru City,Koramangala,13.0086,77.6272,2026-01-25 20:21:00,Charge Sheeted,"Sec 279, 337 IPC",Medium,85.1,Standard Monitoring
KSP/BEN/2025/01029,CrPC OFFENCES,Bengaluru Dist,Doddaballapura,13.0996,77.6579,2025-07-27 06:23:00,Solved,"Sec 107, 151 CrPC",Low,98.0,Standard Monitoring
KSP/HUB/2026/01030,MOTOR VEHICLE ACCIDENTS NON-FATAL,Hubballi-Dharwad,Gokul Road,15.348,75.1185,2026-04-20 23:18:00,Charge Sheeted,"Sec 279, 337 IPC",Medium,94.5,Standard Monitoring
KSP/RAM/2025/01031,ROBBERY / DACOITY,Ramanagara,Ijoor PS,12.7354,77.2409,2025-01-02 02:28:00,Pending,"Sec 392, 395 IPC",Critical,89.9,High Risk Zone
KSP/CHI/2025/01032,MISSING PERSON,Chikkaballapura,Town PS,13.4656,77.7325,2025-10-14 06:58:00,Investigating,Sec 363 IPC,Medium,89.7,Standard Monitoring
KSP/KAL/2025/01033,BURGLARY / HOUSE BREAKING,Kalaburagi,Ashok Nagar,17.2873,76.7711,2025-11-04 13:23:00,Charge Sheeted,"Sec 454, 457, 380 IPC",High,92.1,High Risk Zone
KSP/BEN/2024/01034,KPA 1963 VIOLATIONS,Bengaluru City,Yelahanka,12.9759,77.6175,2024-03-25 12:31:00,Solved,"Sec 78, 87 KPA",Low,85.1,Standard Monitoring
KSP/BEN/2024/01035,BURGLARY / HOUSE BREAKING,Bengaluru City,Yelahanka,12.9805,77.6372,2024-05-15 17:35:00,Pending,"Sec 454, 457, 380 IPC",High,91.9,High Risk Zone
KSP/DAV/2025/01036,MISSING PERSON,Davanagere,Vidyanagar,14.3936,75.9525,2025-08-25 23:43:00,Solved,Sec 363 IPC,Medium,96.2,Standard Monitoring
KSP/BEN/2025/01037,HURT / ASSAULT,Bengaluru Dist,Doddaballapura,13.077,77.5553,2025-09-10 14:43:00,Investigating,"Sec 323, 324, 504 IPC",High,98.1,High Risk Zone
KSP/BEN/2024/01038,BURGLARY / HOUSE BREAKING,Bengaluru Dist,Hosakote,13.1269,77.664,2024-08-07 02:21:00,Investigating,"Sec 454, 457, 380 IPC",High,96.7,High Risk Zone
KSP/KAL/2024/01039,MOTOR VEHICLE ACCIDENTS NON-FATAL,Kalaburagi,University PS,17.3989,76.8415,2024-05-08 03:41:00,Investigating,"Sec 279, 337 IPC",Medium,90.3,Standard Monitoring
KSP/SHI/2024/01040,MOTOR VEHICLE ACCIDENTS NON-FATAL,Shivamogga,Bhadravathi,13.9965,75.5064,2024-10-26 05:06:00,Investigating,"Sec 279, 337 IPC",Medium,88.7,Standard Monitoring
KSP/BEN/2025/01041,NARCOTICS (NDPS),Bengaluru City,Hebbal,13.0066,77.6124,2025-11-14 10:28:00,Investigating,"Sec 20(b), 22 NDPS Act",Critical,98.0,High Risk Zone
KSP/KOP/2026/01042,HURT / ASSAULT,Koppal,Town PS,15.3533,76.1431,2026-06-30 20:42:00,Solved,"Sec 323, 324, 504 IPC",High,86.8,High Risk Zone
KSP/TUM/2025/01043,MOTOR VEHICLE ACCIDENTS NON-FATAL,Tumakuru,Gubbi,13.269,77.1362,2025-04-08 08:38:00,Investigating,"Sec 279, 337 IPC",Medium,94.3,Standard Monitoring
KSP/MAN/2025/01044,MOTOR VEHICLE ACCIDENTS NON-FATAL,Mangaluru,Surathkal,12.958,74.8105,2025-01-22 08:41:00,Closed,"Sec 279, 337 IPC",Medium,95.7,Standard Monitoring
KSP/BEN/2025/01045,MOTOR VEHICLE ACCIDENTS NON-FATAL,Bengaluru City,Koramangala,12.9466,77.5774,2025-05-17 12:54:00,Solved,"Sec 279, 337 IPC",Medium,95.4,Standard Monitoring
KSP/BEL/2024/01046,MOTOR VEHICLE ACCIDENTS NON-FATAL,Belagavi,Gokak,15.848,74.5421,2024-09-02 19:34:00,Closed,"Sec 279, 337 IPC",Medium,89.9,Standard Monitoring
KSP/BEN/2025/01047,MOTOR VEHICLE ACCIDENTS NON-FATAL,Bengaluru City,Yelahanka,12.9192,77.5275,2025-10-04 09:55:00,Solved,"Sec 279, 337 IPC",Medium,88.0,Standard Monitoring
KSP/GAD/2025/01048,THEFT,Gadag,Nargund,15.4497,75.6349,2025-01-09 09:02:00,Charge Sheeted,Sec 379 IPC,Medium,87.7,Standard Monitoring
KSP/BEN/2026/01049,CrPC OFFENCES,Bengaluru City,Whitefield,13.0318,77.641,2026-07-15 12:56:00,Charge Sheeted,"Sec 107, 151 CrPC",Low,92.8,Standard Monitoring
KSP/BEN/2024/01050,MOTOR VEHICLE ACCIDENTS NON-FATAL,Bengaluru Dist,Devanahalli,13.0446,77.5926,2024-12-26 10:26:00,Solved,"Sec 279, 337 IPC",Medium,86.6,Standard Monitoring
KSP/YAD/2025/01051,THEFT,Yadgir,Town PS,16.6928,77.2095,2025-11-08 14:05:00,Investigating,Sec 379 IPC,Medium,89.8,Standard Monitoring
KSP/BEN/2024/01052,MOTOR VEHICLE ACCIDENTS NON-FATAL,Bengaluru Dist,Nelamangala,13.0922,77.6117,2024-04-19 15:27:00,Pending,"Sec 279, 337 IPC",Medium,95.1,Standard Monitoring
KSP/RAM/2024/01053,HURT / ASSAULT,Ramanagara,Magadi,12.6552,77.2957,2024-06-03 05:20:00,Closed,"Sec 323, 324, 504 IPC",High,86.9,High Risk Zone
KSP/BEN/2025/01054,MOTOR VEHICLE ACCIDENTS NON-FATAL,Bengaluru City,Hebbal,13.0329,77.5479,2025-01-06 00:56:00,Pending,"Sec 279, 337 IPC",Medium,94.4,Standard Monitoring
KSP/SHI/2025/01055,HURT / ASSAULT,Shivamogga,Doddapet,13.9194,75.4888,2025-10-20 00:47:00,Solved,"Sec 323, 324, 504 IPC",High,85.9,High Risk Zone
KSP/BEN/2024/01056,CrPC OFFENCES,Bengaluru Dist,Doddaballapura,13.0981,77.5174,2024-05-14 17:36:00,Charge Sheeted,"Sec 107, 151 CrPC",Low,93.6,Standard Monitoring
KSP/BEL/2025/01057,MISSING PERSON,Belagavi,Gokak,15.9249,74.4422,2025-02-21 14:08:00,Pending,Sec 363 IPC,Medium,96.9,Standard Monitoring
KSP/SHI/2025/01058,ROBBERY / DACOITY,Shivamogga,Tunga Nagar,14.0031,75.5705,2025-10-13 20:24:00,Charge Sheeted,"Sec 392, 395 IPC",Critical,94.8,High Risk Zone
KSP/BEN/2025/01059,MOTOR VEHICLE ACCIDENTS NON-FATAL,Bengaluru City,Cubbon Park,13.0382,77.5325,2025-03-02 10:28:00,Closed,"Sec 279, 337 IPC",Medium,92.6,Standard Monitoring
KSP/BEN/2025/01060,KPA 1963 VIOLATIONS,Bengaluru City,Cubbon Park,12.9996,77.6032,2025-07-19 00:49:00,Closed,"Sec 78, 87 KPA",Low,85.4,Standard Monitoring
KSP/BEN/2026/01061,KPA 1963 VIOLATIONS,Bengaluru City,Yelahanka,12.929,77.6069,2026-06-01 00:28:00,Investigating,"Sec 78, 87 KPA",Low,94.3,Standard Monitoring
KSP/BAG/2024/01062,NARCOTICS (NDPS),Bagalkote,Ilkal,16.1394,75.6802,2024-11-02 16:49:00,Pending,"Sec 20(b), 22 NDPS Act",Critical,98.5,High Risk Zone
KSP/TUM/2025/01063,THEFT,Tumakuru,Gubbi,13.3561,77.0353,2025-08-31 23:56:00,Solved,Sec 379 IPC,Medium,91.1,Standard Monitoring
KSP/MYS/2024/01064,NARCOTICS (NDPS),Mysuru,KRS Road,12.2751,76.5996,2024-07-06 10:44:00,Pending,"Sec 20(b), 22 NDPS Act",Critical,86.6,High Risk Zone
KSP/SHI/2024/01065,CrPC OFFENCES,Shivamogga,Bhadravathi,13.8586,75.5867,2024-11-05 13:44:00,Investigating,"Sec 107, 151 CrPC",Low,86.3,Standard Monitoring
KSP/MAN/2026/01066,BURGLARY / HOUSE BREAKING,Mangaluru,Urwa,12.8766,74.902,2026-01-06 17:21:00,Closed,"Sec 454, 457, 380 IPC",High,91.7,High Risk Zone
KSP/BEN/2025/01067,THEFT,Bengaluru City,Whitefield,13.0198,77.5275,2025-07-09 14:22:00,Solved,Sec 379 IPC,Medium,93.5,Standard Monitoring
KSP/MAN/2026/01068,BURGLARY / HOUSE BREAKING,Mangaluru,Panambur,12.9253,74.8562,2026-07-09 18:13:00,Investigating,"Sec 454, 457, 380 IPC",High,89.8,High Risk Zone
KSP/BEN/2024/01069,KPA 1963 VIOLATIONS,Bengaluru City,Indiranagar,12.9408,77.5349,2024-09-05 02:16:00,Charge Sheeted,"Sec 78, 87 KPA",Low,91.5,Standard Monitoring
KSP/BEN/2025/01070,CrPC OFFENCES,Bengaluru Dist,Doddaballapura,13.0062,77.5448,2025-08-22 17:38:00,Investigating,"Sec 107, 151 CrPC",Low,94.4,Standard Monitoring
KSP/TUM/2024/01071,CrPC OFFENCES,Tumakuru,Gubbi,13.4017,77.1031,2024-02-07 07:20:00,Charge Sheeted,"Sec 107, 151 CrPC",Low,91.8,Standard Monitoring
KSP/MAN/2024/01072,MISSING PERSON,Mangaluru,Barkarke,12.8354,74.923,2024-03-17 12:03:00,Pending,Sec 363 IPC,Medium,90.2,Standard Monitoring
KSP/RAM/2024/01073,MISSING PERSON,Ramanagara,Kanakapura,12.6462,77.3384,2024-12-23 03:45:00,Charge Sheeted,Sec 363 IPC,Medium,97.2,Standard Monitoring
KSP/VIJ/2026/01074,MOTOR VEHICLE ACCIDENTS NON-FATAL,Vijayapura,Gandhi Chowk,16.8469,75.6544,2026-07-18 17:01:00,Pending,"Sec 279, 337 IPC",Medium,85.2,Standard Monitoring
KSP/BEN/2025/01075,MOTOR VEHICLE ACCIDENTS NON-FATAL,Bengaluru Dist,Hosakote,13.0948,77.5584,2025-07-12 03:34:00,Pending,"Sec 279, 337 IPC",Medium,87.7,Standard Monitoring
KSP/HUB/2025/01076,THEFT,Hubballi-Dharwad,Suburban PS,15.321,75.1236,2025-07-18 19:36:00,Closed,Sec 379 IPC,Medium,95.7,Standard Monitoring
KSP/BEN/2025/01077,MOTOR VEHICLE ACCIDENTS NON-FATAL,Bengaluru Dist,Doddaballapura,13.1053,77.6258,2025-01-28 00:03:00,Charge Sheeted,"Sec 279, 337 IPC",Medium,86.3,Standard Monitoring
KSP/CHI/2025/01078,ROBBERY / DACOITY,Chitradurga,Challakere,14.1911,76.3705,2025-10-05 00:58:00,Pending,"Sec 392, 395 IPC",Critical,87.0,High Risk Zone
KSP/BEN/2025/01079,THEFT,Bengaluru City,Electronic City,12.9928,77.5871,2025-05-23 12:15:00,Investigating,Sec 379 IPC,Medium,88.5,Standard Monitoring
KSP/BEL/2024/01080,HURT / ASSAULT,Belagavi,Tilakwadi,15.8534,74.5634,2024-02-23 14:46:00,Pending,"Sec 323, 324, 504 IPC",High,95.7,High Risk Zone
KSP/BEN/2025/01081,KPA 1963 VIOLATIONS,Bengaluru City,Koramangala,12.9691,77.585,2025-02-28 05:25:00,Solved,"Sec 78, 87 KPA",Low,86.8,Standard Monitoring
KSP/KAL/2024/01082,CrPC OFFENCES,Kalaburagi,Brahampur,17.3325,76.7668,2024-04-20 08:24:00,Closed,"Sec 107, 151 CrPC",Low,91.1,Standard Monitoring
KSP/KOL/2025/01083,CrPC OFFENCES,Kolar,Town PS,13.1339,78.0974,2025-08-16 06:46:00,Investigating,"Sec 107, 151 CrPC",Low,89.6,Standard Monitoring
KSP/HAS/2026/01084,THEFT,Hassan,City PS,12.9693,76.0629,2026-07-21 23:30:00,Pending,Sec 379 IPC,Medium,92.5,Standard Monitoring
KSP/BEN/2025/01085,MISSING PERSON,Bengaluru City,Whitefield,13.0438,77.6353,2025-03-06 12:44:00,Closed,Sec 363 IPC,Medium,96.3,Standard Monitoring
KSP/BEN/2026/01086,MOTOR VEHICLE ACCIDENTS NON-FATAL,Bengaluru City,Yelahanka,13.0124,77.6174,2026-07-17 05:34:00,Investigating,"Sec 279, 337 IPC",Medium,93.2,Standard Monitoring
KSP/BEN/2026/01087,CrPC OFFENCES,Bengaluru City,Yelahanka,12.9198,77.5233,2026-07-08 10:26:00,Solved,"Sec 107, 151 CrPC",Low,93.8,Standard Monitoring
KSP/BEN/2024/01088,ROBBERY / DACOITY,Bengaluru City,Hebbal,12.956,77.5308,2024-02-21 12:15:00,Investigating,"Sec 392, 395 IPC",Critical,90.0,High Risk Zone
KSP/BEN/2025/01089,KPA 1963 VIOLATIONS,Bengaluru City,Indiranagar,13.0013,77.5593,2025-04-19 23:23:00,Closed,"Sec 78, 87 KPA",Low,85.2,Standard Monitoring
KSP/HAV/2025/01090,KPA 1963 VIOLATIONS,Haveri,Ranebennur,14.8243,75.4239,2025-12-25 06:48:00,Closed,"Sec 78, 87 KPA",Low,95.1,Standard Monitoring
KSP/CHI/2025/01091,KPA 1963 VIOLATIONS,Chikkamagaluru,Town PS,13.3486,75.7487,2025-08-15 10:36:00,Charge Sheeted,"Sec 78, 87 KPA",Low,91.4,Standard Monitoring
KSP/BAL/2025/01092,MOTOR VEHICLE ACCIDENTS NON-FATAL,Ballari,Brucepet,15.1265,76.848,2025-01-24 15:05:00,Investigating,"Sec 279, 337 IPC",Medium,88.7,Standard Monitoring
KSP/BEN/2026/01093,MOTOR VEHICLE ACCIDENTS NON-FATAL,Bengaluru Dist,Nelamangala,13.0415,77.5892,2026-04-18 20:31:00,Pending,"Sec 279, 337 IPC",Medium,96.5,Standard Monitoring
KSP/MYS/2026/01094,KPA 1963 VIOLATIONS,Mysuru,Nazarbad,12.3567,76.6425,2026-01-29 11:55:00,Charge Sheeted,"Sec 78, 87 KPA",Low,97.9,Standard Monitoring
KSP/BEN/2025/01095,CYBER CRIME & FRAUD,Bengaluru City,Hebbal,13.0232,77.6363,2025-07-28 14:31:00,Investigating,"Sec 66D IT Act, 420 IPC",High,98.0,High Risk Zone
KSP/BEN/2024/01096,BURGLARY / HOUSE BREAKING,Bengaluru Dist,Nelamangala,13.017,77.6167,2024-09-20 20:27:00,Charge Sheeted,"Sec 454, 457, 380 IPC",High,87.0,High Risk Zone
KSP/KOL/2024/01097,NARCOTICS (NDPS),Kolar,Robertsonpet,13.0611,78.1099,2024-10-20 18:32:00,Charge Sheeted,"Sec 20(b), 22 NDPS Act",Critical,92.0,High Risk Zone
KSP/HUB/2024/01098,MOTOR VEHICLE ACCIDENTS NON-FATAL,Hubballi-Dharwad,Suburban PS,15.4177,75.0465,2024-07-29 03:37:00,Pending,"Sec 279, 337 IPC",Medium,94.8,Standard Monitoring
KSP/VIJ/2024/01099,MOTOR VEHICLE ACCIDENTS NON-FATAL,Vijayanagara,Harapanahalli,15.308,76.3469,2024-06-08 14:01:00,Pending,"Sec 279, 337 IPC",Medium,96.1,Standard Monitoring
KSP/BAG/2025/01100,NARCOTICS (NDPS),Bagalkote,Ilkal,16.2255,75.7661,2025-01-22 00:08:00,Solved,"Sec 20(b), 22 NDPS Act",Critical,94.3,High Risk Zone
KSP/TUM/2024/01101,MOTOR VEHICLE ACCIDENTS NON-FATAL,Tumakuru,Town PS,13.2917,77.0815,2024-12-19 23:36:00,Pending,"Sec 279, 337 IPC",Medium,92.0,Standard Monitoring
KSP/HUB/2026/01102,MISSING PERSON,Hubballi-Dharwad,Kamripeth,15.3393,75.1483,2026-05-02 02:21:00,Investigating,Sec 363 IPC,Medium,90.3,Standard Monitoring
KSP/MYS/2024/01103,MOTOR VEHICLE ACCIDENTS NON-FATAL,Mysuru,KRS Road,12.3286,76.6065,2024-08-03 00:33:00,Investigating,"Sec 279, 337 IPC",Medium,93.6,Standard Monitoring
KSP/CHI/2026/01104,BURGLARY / HOUSE BREAKING,Chitradurga,Challakere,14.26,76.4069,2026-06-01 00:01:00,Pending,"Sec 454, 457, 380 IPC",High,95.3,High Risk Zone
KSP/BID/2024/01105,MOTOR VEHICLE ACCIDENTS NON-FATAL,Bidar,Market PS,17.8665,77.5053,2024-01-20 06:22:00,Closed,"Sec 279, 337 IPC",Medium,93.8,Standard Monitoring
KSP/MYS/2026/01106,HURT / ASSAULT,Mysuru,Nazarbad,12.3319,76.6403,2026-02-06 17:47:00,Solved,"Sec 323, 324, 504 IPC",High,92.3,High Risk Zone
KSP/KOP/2025/01107,THEFT,Koppal,Town PS,15.3072,76.0782,2025-03-01 09:22:00,Investigating,Sec 379 IPC,Medium,86.7,Standard Monitoring
KSP/CHI/2024/01108,CrPC OFFENCES,Chikkamagaluru,Tarikere,13.2468,75.714,2024-03-16 20:23:00,Pending,"Sec 107, 151 CrPC",Low,90.9,Standard Monitoring
KSP/BEN/2024/01109,ROBBERY / DACOITY,Bengaluru City,Koramangala,13.0082,77.6109,2024-02-01 02:32:00,Solved,"Sec 392, 395 IPC",Critical,90.6,High Risk Zone
KSP/UDU/2024/01110,MISSING PERSON,Udupi,Town PS,13.4136,74.6679,2024-09-21 14:50:00,Charge Sheeted,Sec 363 IPC,Medium,94.6,Standard Monitoring
KSP/MYS/2026/01111,HURT / ASSAULT,Mysuru,Nazarbad,12.227,76.7014,2026-01-23 16:43:00,Charge Sheeted,"Sec 323, 324, 504 IPC",High,98.3,High Risk Zone
KSP/BEN/2024/01112,NARCOTICS (NDPS),Bengaluru City,Yelahanka,13.0284,77.6017,2024-08-07 03:40:00,Solved,"Sec 20(b), 22 NDPS Act",Critical,87.0,High Risk Zone
KSP/TUM/2025/01113,THEFT,Tumakuru,Kyatsandra,13.3035,77.0864,2025-09-02 08:56:00,Solved,Sec 379 IPC,Medium,96.5,Standard Monitoring
KSP/BEL/2024/01114,THEFT,Belagavi,Tilakwadi,15.8433,74.5266,2024-06-06 02:56:00,Investigating,Sec 379 IPC,Medium,97.6,Standard Monitoring
KSP/UDU/2024/01115,THEFT,Udupi,Kundapura,13.3024,74.733,2024-04-05 15:53:00,Investigating,Sec 379 IPC,Medium,89.0,Standard Monitoring
KSP/UDU/2026/01116,HURT / ASSAULT,Udupi,Town PS,13.3001,74.7513,2026-04-06 19:08:00,Solved,"Sec 323, 324, 504 IPC",High,95.1,High Risk Zone
KSP/BEN/2025/01117,HURT / ASSAULT,Bengaluru City,Jayanagar,12.9364,77.5881,2025-07-03 20:59:00,Pending,"Sec 323, 324, 504 IPC",High,98.0,High Risk Zone
KSP/BID/2025/01118,KPA 1963 VIOLATIONS,Bidar,Bhalki,17.89,77.4603,2025-02-08 15:17:00,Closed,"Sec 78, 87 KPA",Low,97.1,Standard Monitoring
KSP/UDU/2025/01119,THEFT,Udupi,Manipal,13.2825,74.7076,2025-05-29 11:58:00,Solved,Sec 379 IPC,Medium,95.6,Standard Monitoring
KSP/BEN/2026/01120,HURT / ASSAULT,Bengaluru City,Hebbal,13.0255,77.5892,2026-01-14 22:21:00,Solved,"Sec 323, 324, 504 IPC",High,97.1,High Risk Zone
KSP/HUB/2025/01121,MOTOR VEHICLE ACCIDENTS NON-FATAL,Hubballi-Dharwad,Suburban PS,15.4147,75.0728,2025-01-02 15:05:00,Investigating,"Sec 279, 337 IPC",Medium,96.4,Standard Monitoring
KSP/BEN/2025/01122,HURT / ASSAULT,Bengaluru City,Cubbon Park,12.988,77.5444,2025-06-10 21:09:00,Charge Sheeted,"Sec 323, 324, 504 IPC",High,94.7,High Risk Zone
KSP/BEN/2026/01123,CrPC OFFENCES,Bengaluru City,Hebbal,12.9172,77.5881,2026-03-27 10:18:00,Investigating,"Sec 107, 151 CrPC",Low,90.9,Standard Monitoring
KSP/CHI/2025/01124,CrPC OFFENCES,Chikkaballapura,Town PS,13.389,77.7928,2025-09-19 01:19:00,Charge Sheeted,"Sec 107, 151 CrPC",Low,90.7,Standard Monitoring
KSP/MYS/2025/01125,HURT / ASSAULT,Mysuru,Nazarbad,12.3683,76.6423,2025-05-21 14:02:00,Investigating,"Sec 323, 324, 504 IPC",High,91.2,High Risk Zone
KSP/RAM/2026/01126,BURGLARY / HOUSE BREAKING,Ramanagara,Channapatna,12.7609,77.3564,2026-02-07 10:39:00,Solved,"Sec 454, 457, 380 IPC",High,94.9,High Risk Zone
KSP/CHA/2026/01127,MISSING PERSON,Chamarajanagar,Gundlupet,11.8747,76.8843,2026-01-10 20:32:00,Charge Sheeted,Sec 363 IPC,Medium,86.3,Standard Monitoring
KSP/BEN/2024/01128,MOTOR VEHICLE ACCIDENTS NON-FATAL,Bengaluru City,Hebbal,12.961,77.6627,2024-03-01 19:41:00,Investigating,"Sec 279, 337 IPC",Medium,85.8,Standard Monitoring
KSP/BEN/2025/01129,CrPC OFFENCES,Bengaluru City,Whitefield,12.9438,77.6185,2025-04-04 00:21:00,Solved,"Sec 107, 151 CrPC",Low,97.9,Standard Monitoring
KSP/BAL/2025/01130,MOTOR VEHICLE ACCIDENTS NON-FATAL,Ballari,Gandhinagar,15.1334,76.9709,2025-07-22 21:13:00,Charge Sheeted,"Sec 279, 337 IPC",Medium,94.5,Standard Monitoring
KSP/BEN/2024/01131,MOTOR VEHICLE ACCIDENTS NON-FATAL,Bengaluru Dist,Devanahalli,13.0537,77.6058,2024-10-16 05:00:00,Investigating,"Sec 279, 337 IPC",Medium,94.1,Standard Monitoring
KSP/UTT/2024/01132,MISSING PERSON,Uttara Kannada,Sirsi Town,14.8517,74.1878,2024-07-27 04:44:00,Solved,Sec 363 IPC,Medium,88.5,Standard Monitoring
KSP/BAL/2026/01133,MISSING PERSON,Ballari,Hospet Town,15.1844,76.875,2026-02-17 09:05:00,Closed,Sec 363 IPC,Medium,88.2,Standard Monitoring
KSP/MYS/2026/01134,CYBER CRIME & FRAUD,Mysuru,Vidyaranyapuram,12.3096,76.6534,2026-06-05 17:53:00,Pending,"Sec 66D IT Act, 420 IPC",High,96.8,High Risk Zone
KSP/BEL/2024/01135,ROBBERY / DACOITY,Belagavi,Market PS,15.7758,74.5028,2024-05-04 02:45:00,Closed,"Sec 392, 395 IPC",Critical,92.2,High Risk Zone
KSP/DAV/2025/01136,MISSING PERSON,Davanagere,Harihar,14.5115,75.9107,2025-10-10 11:02:00,Solved,Sec 363 IPC,Medium,94.5,Standard Monitoring
KSP/MAN/2024/01137,HURT / ASSAULT,Mandya,Maddur,12.5816,76.8695,2024-10-22 03:14:00,Pending,"Sec 323, 324, 504 IPC",High,90.5,High Risk Zone
KSP/BEN/2025/01138,THEFT,Bengaluru City,Hebbal,12.9572,77.5197,2025-06-04 03:57:00,Investigating,Sec 379 IPC,Medium,87.6,Standard Monitoring
KSP/MYS/2024/01139,HURT / ASSAULT,Mysuru,Lashkar PS,12.3395,76.6324,2024-01-21 13:48:00,Pending,"Sec 323, 324, 504 IPC",High,91.2,High Risk Zone
KSP/CHA/2024/01140,ROBBERY / DACOITY,Chamarajanagar,Gundlupet,11.9276,76.9133,2024-05-26 11:54:00,Solved,"Sec 392, 395 IPC",Critical,97.0,High Risk Zone
KSP/BEN/2025/01141,NARCOTICS (NDPS),Bengaluru City,Cubbon Park,12.8986,77.5398,2025-07-29 07:28:00,Closed,"Sec 20(b), 22 NDPS Act",Critical,89.8,High Risk Zone
KSP/BEN/2024/01142,HURT / ASSAULT,Bengaluru City,Jayanagar,12.9954,77.5765,2024-01-07 09:49:00,Charge Sheeted,"Sec 323, 324, 504 IPC",High,94.3,High Risk Zone
KSP/BEL/2025/01143,MOTOR VEHICLE ACCIDENTS NON-FATAL,Belagavi,Tilakwadi,15.8496,74.4498,2025-02-01 23:39:00,Pending,"Sec 279, 337 IPC",Medium,91.8,Standard Monitoring
KSP/BEN/2024/01144,MOTOR VEHICLE ACCIDENTS NON-FATAL,Bengaluru City,Cubbon Park,12.9608,77.6538,2024-08-23 09:37:00,Closed,"Sec 279, 337 IPC",Medium,87.0,Standard Monitoring
KSP/KOD/2026/01145,CrPC OFFENCES,Kodagu,Gonikoppal,12.4459,75.736,2026-03-11 20:11:00,Investigating,"Sec 107, 151 CrPC",Low,92.8,Standard Monitoring
KSP/BEN/2026/01146,ROBBERY / DACOITY,Bengaluru City,Hebbal,12.9056,77.6381,2026-07-13 04:10:00,Investigating,"Sec 392, 395 IPC",Critical,93.1,High Risk Zone
KSP/BAL/2026/01147,HURT / ASSAULT,Ballari,Gandhinagar,15.1706,76.8916,2026-05-13 13:09:00,Solved,"Sec 323, 324, 504 IPC",High,93.7,High Risk Zone
KSP/BID/2025/01148,KPA 1963 VIOLATIONS,Bidar,Basavakalyan,17.9708,77.5104,2025-08-15 04:32:00,Pending,"Sec 78, 87 KPA",Low,92.9,Standard Monitoring
KSP/BEN/2024/01149,THEFT,Bengaluru City,Electronic City,12.9928,77.5334,2024-01-12 06:05:00,Investigating,Sec 379 IPC,Medium,88.7,Standard Monitoring
KSP/KOD/2025/01150,CrPC OFFENCES,Kodagu,Somwarpet,12.455,75.7571,2025-01-24 04:39:00,Closed,"Sec 107, 151 CrPC",Low,98.2,Standard Monitoring
KSP/UDU/2024/01151,MOTOR VEHICLE ACCIDENTS NON-FATAL,Udupi,Malpe,13.3981,74.7195,2024-10-16 18:37:00,Pending,"Sec 279, 337 IPC",Medium,97.5,Standard Monitoring
KSP/BEN/2025/01152,CrPC OFFENCES,Bengaluru City,Indiranagar,12.9883,77.5547,2025-12-06 22:24:00,Closed,"Sec 107, 151 CrPC",Low,95.7,Standard Monitoring
KSP/KOL/2024/01153,ROBBERY / DACOITY,Kolar,Bangarapet,13.0803,78.0888,2024-02-07 21:56:00,Solved,"Sec 392, 395 IPC",Critical,95.7,High Risk Zone
KSP/TUM/2026/01154,MOTOR VEHICLE ACCIDENTS NON-FATAL,Tumakuru,Tiptur,13.3254,77.1656,2026-06-23 03:47:00,Pending,"Sec 279, 337 IPC",Medium,94.2,Standard Monitoring
KSP/HUB/2025/01155,THEFT,Hubballi-Dharwad,Dharwad Town,15.3738,75.0835,2025-10-06 11:15:00,Solved,Sec 379 IPC,Medium,89.3,Standard Monitoring
KSP/BEN/2025/01156,ROBBERY / DACOITY,Bengaluru Dist,Hosakote,13.0462,77.6626,2025-07-25 22:04:00,Investigating,"Sec 392, 395 IPC",Critical,93.9,High Risk Zone
KSP/RAM/2024/01157,MISSING PERSON,Ramanagara,Channapatna,12.6687,77.352,2024-02-07 05:04:00,Charge Sheeted,Sec 363 IPC,Medium,95.7,Standard Monitoring
KSP/MAN/2024/01158,CrPC OFFENCES,Mangaluru,Surathkal,12.9039,74.8226,2024-06-25 12:09:00,Solved,"Sec 107, 151 CrPC",Low,94.3,Standard Monitoring
KSP/BEL/2025/01159,MOTOR VEHICLE ACCIDENTS NON-FATAL,Belagavi,Gokak,15.7833,74.4649,2025-07-15 06:08:00,Investigating,"Sec 279, 337 IPC",Medium,89.9,Standard Monitoring
KSP/DAV/2026/01160,THEFT,Davanagere,Harihar,14.4845,75.9643,2026-04-30 05:32:00,Investigating,Sec 379 IPC,Medium,90.8,Standard Monitoring
KSP/BEN/2025/01161,KPA 1963 VIOLATIONS,Bengaluru City,Hebbal,12.9975,77.5658,2025-08-11 11:42:00,Solved,"Sec 78, 87 KPA",Low,93.5,Standard Monitoring
KSP/MAN/2026/01162,MOTOR VEHICLE ACCIDENTS NON-FATAL,Mandya,Maddur,12.5338,76.8551,2026-02-08 04:19:00,Solved,"Sec 279, 337 IPC",Medium,88.0,Standard Monitoring
KSP/CHI/2025/01163,ROBBERY / DACOITY,Chitradurga,Town PS,14.228,76.3984,2025-02-13 19:02:00,Closed,"Sec 392, 395 IPC",Critical,91.5,High Risk Zone
KSP/RAM/2025/01164,MOTOR VEHICLE ACCIDENTS NON-FATAL,Ramanagara,Kanakapura,12.7885,77.2761,2025-03-30 06:50:00,Charge Sheeted,"Sec 279, 337 IPC",Medium,87.7,Standard Monitoring
KSP/BEN/2025/01165,CrPC OFFENCES,Bengaluru Dist,Nelamangala,13.009,77.6471,2025-09-23 23:17:00,Solved,"Sec 107, 151 CrPC",Low,87.3,Standard Monitoring
KSP/CHI/2024/01166,BURGLARY / HOUSE BREAKING,Chitradurga,Challakere,14.1888,76.3793,2024-03-02 17:44:00,Investigating,"Sec 454, 457, 380 IPC",High,88.7,High Risk Zone
KSP/BEN/2026/01167,MOTOR VEHICLE ACCIDENTS NON-FATAL,Bengaluru City,Electronic City,13.0389,77.665,2026-02-09 22:31:00,Closed,"Sec 279, 337 IPC",Medium,93.5,Standard Monitoring
KSP/TUM/2026/01168,MISSING PERSON,Tumakuru,Gubbi,13.3476,77.1205,2026-07-03 04:45:00,Closed,Sec 363 IPC,Medium,95.9,Standard Monitoring
KSP/KOL/2026/01169,CrPC OFFENCES,Kolar,Robertsonpet,13.112,78.1616,2026-03-15 17:02:00,Investigating,"Sec 107, 151 CrPC",Low,97.0,Standard Monitoring
KSP/BEN/2026/01170,CrPC OFFENCES,Bengaluru City,Jayanagar,12.9157,77.5296,2026-07-22 23:51:00,Closed,"Sec 107, 151 CrPC",Low,95.1,Standard Monitoring
KSP/MYS/2024/01171,THEFT,Mysuru,Vidyaranyapuram,12.3715,76.6796,2024-12-12 13:56:00,Investigating,Sec 379 IPC,Medium,87.0,Standard Monitoring
KSP/UTT/2025/01172,ROBBERY / DACOITY,Uttara Kannada,Bhatkal,14.8749,74.1764,2025-07-18 11:22:00,Investigating,"Sec 392, 395 IPC",Critical,92.8,High Risk Zone
KSP/MYS/2024/01173,NARCOTICS (NDPS),Mysuru,Devaraja PS,12.3742,76.7096,2024-09-02 16:36:00,Investigating,"Sec 20(b), 22 NDPS Act",Critical,95.1,High Risk Zone
KSP/KAL/2024/01174,KPA 1963 VIOLATIONS,Kalaburagi,Station Bazar,17.3627,76.7952,2024-09-04 20:06:00,Charge Sheeted,"Sec 78, 87 KPA",Low,87.0,Standard Monitoring
KSP/YAD/2025/01175,KPA 1963 VIOLATIONS,Yadgir,Shorapur,16.7027,77.2156,2025-04-22 22:25:00,Charge Sheeted,"Sec 78, 87 KPA",Low,94.0,Standard Monitoring
KSP/BEL/2024/01176,THEFT,Belagavi,Camp PS,15.7845,74.521,2024-08-27 03:21:00,Pending,Sec 379 IPC,Medium,91.2,Standard Monitoring
KSP/BEN/2024/01177,HURT / ASSAULT,Bengaluru Dist,Hosakote,13.0529,77.6019,2024-04-17 18:45:00,Investigating,"Sec 323, 324, 504 IPC",High,92.9,High Risk Zone
KSP/DAV/2024/01178,ROBBERY / DACOITY,Davanagere,PJ Extension,14.5097,75.9855,2024-11-03 07:06:00,Solved,"Sec 392, 395 IPC",Critical,96.0,High Risk Zone
KSP/MYS/2025/01179,THEFT,Mysuru,KRS Road,12.2356,76.6543,2025-12-10 01:28:00,Solved,Sec 379 IPC,Medium,89.0,Standard Monitoring
KSP/MAN/2025/01180,CrPC OFFENCES,Mandya,East PS,12.5577,76.9713,2025-12-13 23:25:00,Charge Sheeted,"Sec 107, 151 CrPC",Low,88.8,Standard Monitoring
KSP/UDU/2026/01181,CYBER CRIME & FRAUD,Udupi,Kundapura,13.3825,74.799,2026-01-25 23:43:00,Pending,"Sec 66D IT Act, 420 IPC",High,91.1,High Risk Zone
KSP/BEN/2025/01182,CrPC OFFENCES,Bengaluru City,Cubbon Park,13.0249,77.5642,2025-12-20 15:35:00,Investigating,"Sec 107, 151 CrPC",Low,98.5,Standard Monitoring
KSP/HAV/2025/01183,MOTOR VEHICLE ACCIDENTS NON-FATAL,Haveri,Town PS,14.7377,75.3782,2025-12-11 04:49:00,Solved,"Sec 279, 337 IPC",Medium,91.0,Standard Monitoring
KSP/HUB/2025/01184,KPA 1963 VIOLATIONS,Hubballi-Dharwad,Suburban PS,15.3463,75.0507,2025-05-06 16:55:00,Investigating,"Sec 78, 87 KPA",Low,86.5,Standard Monitoring
KSP/BEN/2026/01185,NARCOTICS (NDPS),Bengaluru Dist,Devanahalli,13.1622,77.6068,2026-07-11 03:40:00,Closed,"Sec 20(b), 22 NDPS Act",Critical,91.8,High Risk Zone
KSP/CHI/2026/01186,KPA 1963 VIOLATIONS,Chikkaballapura,Chintamani,13.5061,77.7894,2026-07-05 14:10:00,Solved,"Sec 78, 87 KPA",Low,95.5,Standard Monitoring
KSP/MYS/2026/01187,KPA 1963 VIOLATIONS,Mysuru,Nazarbad,12.3424,76.6446,2026-03-01 20:38:00,Solved,"Sec 78, 87 KPA",Low,98.2,Standard Monitoring
KSP/HUB/2026/01188,MISSING PERSON,Hubballi-Dharwad,Gokul Road,15.2937,75.1226,2026-06-26 00:35:00,Charge Sheeted,Sec 363 IPC,Medium,94.0,Standard Monitoring
KSP/YAD/2024/01189,HURT / ASSAULT,Yadgir,Shorapur,16.6886,77.1401,2024-11-11 23:32:00,Pending,"Sec 323, 324, 504 IPC",High,85.1,High Risk Zone
KSP/BEN/2025/01190,MOTOR VEHICLE ACCIDENTS NON-FATAL,Bengaluru City,Jayanagar,13.0136,77.6638,2025-02-11 07:41:00,Charge Sheeted,"Sec 279, 337 IPC",Medium,97.9,Standard Monitoring
KSP/KOP/2024/01191,MISSING PERSON,Koppal,Kushtagi,15.3962,76.0877,2024-11-14 13:52:00,Charge Sheeted,Sec 363 IPC,Medium,89.6,Standard Monitoring
KSP/BEL/2025/01192,CrPC OFFENCES,Belagavi,Market PS,15.8655,74.4709,2025-10-19 10:54:00,Pending,"Sec 107, 151 CrPC",Low,96.1,Standard Monitoring
KSP/RAM/2025/01193,HURT / ASSAULT,Ramanagara,Ijoor PS,12.6806,77.2961,2025-02-05 10:20:00,Solved,"Sec 323, 324, 504 IPC",High,93.4,High Risk Zone
KSP/BEN/2025/01194,NARCOTICS (NDPS),Bengaluru Dist,Devanahalli,13.0263,77.5801,2025-11-22 13:35:00,Investigating,"Sec 20(b), 22 NDPS Act",Critical,97.1,High Risk Zone
KSP/BEN/2025/01195,MISSING PERSON,Bengaluru City,Koramangala,13.0302,77.528,2025-06-11 04:38:00,Investigating,Sec 363 IPC,Medium,93.5,Standard Monitoring
KSP/RAM/2024/01196,NARCOTICS (NDPS),Ramanagara,Channapatna,12.6769,77.2172,2024-11-02 17:46:00,Closed,"Sec 20(b), 22 NDPS Act",Critical,88.3,High Risk Zone
KSP/UTT/2024/01197,HURT / ASSAULT,Uttara Kannada,Karwar Town,14.7727,74.0839,2024-07-10 15:45:00,Pending,"Sec 323, 324, 504 IPC",High,95.6,High Risk Zone
KSP/BEL/2024/01198,KPA 1963 VIOLATIONS,Belagavi,Khade Bazar,15.8931,74.5803,2024-10-18 16:28:00,Charge Sheeted,"Sec 78, 87 KPA",Low,91.4,Standard Monitoring
KSP/MAN/2024/01199,THEFT,Mangaluru,Urwa,12.8479,74.8835,2024-12-28 16:01:00,Solved,Sec 379 IPC,Medium,85.3,Standard Monitoring
KSP/HUB/2024/01200,MISSING PERSON,Hubballi-Dharwad,Suburban PS,15.3365,75.0628,2024-02-07 23:15:00,Investigating,Sec 363 IPC,Medium,92.0,Standard Monitoring
KSP/BEN/2025/01201,MISSING PERSON,Bengaluru City,Jayanagar,13.0325,77.6714,2025-01-12 06:24:00,Solved,Sec 363 IPC,Medium,96.8,Standard Monitoring
KSP/BEN/2026/01202,MOTOR VEHICLE ACCIDENTS NON-FATAL,Bengaluru Dist,Nelamangala,13.0274,77.6654,2026-04-20 06:09:00,Charge Sheeted,"Sec 279, 337 IPC",Medium,90.7,Standard Monitoring
KSP/BEN/2024/01203,HURT / ASSAULT,Bengaluru City,Jayanagar,13.0023,77.5911,2024-08-30 12:56:00,Charge Sheeted,"Sec 323, 324, 504 IPC",High,96.3,High Risk Zone
KSP/MYS/2025/01204,HURT / ASSAULT,Mysuru,Lashkar PS,12.3554,76.7243,2025-09-08 03:36:00,Pending,"Sec 323, 324, 504 IPC",High,93.0,High Risk Zone
KSP/HAS/2024/01205,KPA 1963 VIOLATIONS,Hassan,Arsikere,12.932,76.0261,2024-01-24 01:22:00,Closed,"Sec 78, 87 KPA",Low,90.4,Standard Monitoring
KSP/BEN/2026/01206,MISSING PERSON,Bengaluru City,Hebbal,12.9908,77.6369,2026-06-19 06:41:00,Closed,Sec 363 IPC,Medium,95.7,Standard Monitoring
KSP/TUM/2024/01207,BURGLARY / HOUSE BREAKING,Tumakuru,Town PS,13.3002,77.0606,2024-02-20 08:18:00,Closed,"Sec 454, 457, 380 IPC",High,85.3,High Risk Zone
KSP/BEN/2025/01208,NARCOTICS (NDPS),Bengaluru City,Jayanagar,12.9492,77.6213,2025-09-19 06:21:00,Pending,"Sec 20(b), 22 NDPS Act",Critical,96.6,High Risk Zone
KSP/KOP/2025/01209,MOTOR VEHICLE ACCIDENTS NON-FATAL,Koppal,Kushtagi,15.4313,76.0881,2025-05-03 05:48:00,Pending,"Sec 279, 337 IPC",Medium,97.7,Standard Monitoring
KSP/BAL/2025/01210,THEFT,Ballari,Hospet Town,15.19,76.8965,2025-03-30 21:50:00,Closed,Sec 379 IPC,Medium,88.2,Standard Monitoring
KSP/CHI/2025/01211,HURT / ASSAULT,Chitradurga,Kote PS,14.162,76.4648,2025-09-14 13:09:00,Investigating,"Sec 323, 324, 504 IPC",High,96.5,High Risk Zone
KSP/BEN/2025/01212,CrPC OFFENCES,Bengaluru City,Yelahanka,12.9367,77.5598,2025-08-25 00:26:00,Charge Sheeted,"Sec 107, 151 CrPC",Low,95.1,Standard Monitoring
KSP/BEN/2024/01213,BURGLARY / HOUSE BREAKING,Bengaluru City,Koramangala,12.9621,77.5688,2024-03-09 02:39:00,Charge Sheeted,"Sec 454, 457, 380 IPC",High,97.3,High Risk Zone
KSP/MYS/2026/01214,CrPC OFFENCES,Mysuru,Vidyaranyapuram,12.3587,76.69,2026-01-29 22:25:00,Investigating,"Sec 107, 151 CrPC",Low,86.4,Standard Monitoring
KSP/BID/2025/01215,THEFT,Bidar,Gandhi Gunj,17.9043,77.5311,2025-05-18 15:33:00,Closed,Sec 379 IPC,Medium,94.6,Standard Monitoring
KSP/BEN/2024/01216,KPA 1963 VIOLATIONS,Bengaluru City,Indiranagar,13.0194,77.6229,2024-02-24 07:24:00,Charge Sheeted,"Sec 78, 87 KPA",Low,86.2,Standard Monitoring
KSP/BEN/2025/01217,CrPC OFFENCES,Bengaluru City,Hebbal,13.0026,77.6738,2025-09-23 01:01:00,Pending,"Sec 107, 151 CrPC",Low,88.0,Standard Monitoring
KSP/VIJ/2025/01218,MISSING PERSON,Vijayanagara,Kudligi,15.3203,76.3483,2025-08-16 12:13:00,Closed,Sec 363 IPC,Medium,90.0,Standard Monitoring
KSP/BEN/2025/01219,ROBBERY / DACOITY,Bengaluru City,Electronic City,13.029,77.5282,2025-01-07 04:37:00,Charge Sheeted,"Sec 392, 395 IPC",Critical,94.9,High Risk Zone
KSP/CHA/2025/01220,MOTOR VEHICLE ACCIDENTS NON-FATAL,Chamarajanagar,Kollegal,11.9201,77.0087,2025-05-02 11:10:00,Pending,"Sec 279, 337 IPC",Medium,87.1,Standard Monitoring
KSP/BEN/2024/01221,HURT / ASSAULT,Bengaluru City,Electronic City,12.9299,77.6023,2024-07-03 08:35:00,Charge Sheeted,"Sec 323, 324, 504 IPC",High,97.9,High Risk Zone
KSP/HAV/2024/01222,CrPC OFFENCES,Haveri,Ranebennur,14.8634,75.406,2024-08-15 17:07:00,Charge Sheeted,"Sec 107, 151 CrPC",Low,94.7,Standard Monitoring
KSP/BEN/2026/01223,KPA 1963 VIOLATIONS,Bengaluru City,Hebbal,13.0177,77.5457,2026-02-08 02:29:00,Closed,"Sec 78, 87 KPA",Low,93.7,Standard Monitoring
KSP/BEN/2024/01224,CrPC OFFENCES,Bengaluru City,Yelahanka,12.9627,77.6364,2024-01-11 01:01:00,Solved,"Sec 107, 151 CrPC",Low,98.1,Standard Monitoring
KSP/MYS/2025/01225,KPA 1963 VIOLATIONS,Mysuru,Lashkar PS,12.2572,76.6205,2025-11-13 15:55:00,Charge Sheeted,"Sec 78, 87 KPA",Low,86.6,Standard Monitoring
KSP/TUM/2026/01226,THEFT,Tumakuru,Gubbi,13.2678,77.1662,2026-06-09 14:04:00,Charge Sheeted,Sec 379 IPC,Medium,88.7,Standard Monitoring
KSP/BEN/2025/01227,THEFT,Bengaluru City,Whitefield,12.9205,77.5304,2025-05-23 04:53:00,Closed,Sec 379 IPC,Medium,90.2,Standard Monitoring
KSP/KOL/2024/01228,HURT / ASSAULT,Kolar,Bangarapet,13.1399,78.1071,2024-03-22 02:19:00,Pending,"Sec 323, 324, 504 IPC",High,85.1,High Risk Zone
KSP/HAS/2024/01229,MOTOR VEHICLE ACCIDENTS NON-FATAL,Hassan,Pension Mohalla,12.9936,76.1522,2024-06-21 00:45:00,Pending,"Sec 279, 337 IPC",Medium,91.0,Standard Monitoring
KSP/HAV/2025/01230,MISSING PERSON,Haveri,Byadgi,14.7979,75.4486,2025-07-20 15:31:00,Investigating,Sec 363 IPC,Medium,94.6,Standard Monitoring
KSP/MAN/2025/01231,KPA 1963 VIOLATIONS,Mangaluru,Kadri,12.8908,74.7768,2025-11-13 13:15:00,Charge Sheeted,"Sec 78, 87 KPA",Low,92.7,Standard Monitoring
KSP/VIJ/2025/01232,HURT / ASSAULT,Vijayapura,Gandhi Chowk,16.815,75.6633,2025-03-02 00:04:00,Charge Sheeted,"Sec 323, 324, 504 IPC",High,95.6,High Risk Zone
KSP/BEN/2025/01233,CrPC OFFENCES,Bengaluru City,Hebbal,12.9431,77.6658,2025-05-06 08:14:00,Solved,"Sec 107, 151 CrPC",Low,98.4,Standard Monitoring
KSP/BEN/2025/01234,CrPC OFFENCES,Bengaluru City,Yelahanka,12.9394,77.5674,2025-12-28 16:48:00,Pending,"Sec 107, 151 CrPC",Low,93.1,Standard Monitoring
KSP/UDU/2025/01235,MOTOR VEHICLE ACCIDENTS NON-FATAL,Udupi,Manipal,13.3451,74.7363,2025-12-31 15:45:00,Investigating,"Sec 279, 337 IPC",Medium,91.4,Standard Monitoring
KSP/MYS/2025/01236,HURT / ASSAULT,Mysuru,Vidyaranyapuram,12.3234,76.6718,2025-02-24 07:32:00,Solved,"Sec 323, 324, 504 IPC",High,93.6,High Risk Zone
KSP/BEN/2026/01237,THEFT,Bengaluru City,Yelahanka,12.9823,77.5868,2026-03-28 20:23:00,Pending,Sec 379 IPC,Medium,91.5,Standard Monitoring
KSP/KAL/2026/01238,CYBER CRIME & FRAUD,Kalaburagi,University PS,17.2703,76.8011,2026-07-14 00:37:00,Pending,"Sec 66D IT Act, 420 IPC",High,89.5,High Risk Zone
KSP/BEN/2026/01239,THEFT,Bengaluru City,Hebbal,12.9964,77.6028,2026-05-06 09:00:00,Pending,Sec 379 IPC,Medium,89.1,Standard Monitoring
KSP/RAI/2025/01240,MOTOR VEHICLE ACCIDENTS NON-FATAL,Raichur,Sindhanur,16.1934,77.3653,2025-06-11 10:08:00,Investigating,"Sec 279, 337 IPC",Medium,89.0,Standard Monitoring
KSP/KAL/2026/01241,CYBER CRIME & FRAUD,Kalaburagi,Station Bazar,17.3468,76.8453,2026-01-07 17:00:00,Charge Sheeted,"Sec 66D IT Act, 420 IPC",High,85.5,High Risk Zone
KSP/VIJ/2026/01242,THEFT,Vijayanagara,Kudligi,15.2387,76.4604,2026-05-31 03:58:00,Pending,Sec 379 IPC,Medium,90.0,Standard Monitoring
KSP/GAD/2024/01243,KPA 1963 VIOLATIONS,Gadag,Town PS,15.3714,75.6449,2024-09-30 10:39:00,Charge Sheeted,"Sec 78, 87 KPA",Low,86.7,Standard Monitoring
KSP/DAV/2024/01244,ROBBERY / DACOITY,Davanagere,Harihar,14.4235,75.8783,2024-02-05 08:58:00,Solved,"Sec 392, 395 IPC",Critical,86.5,High Risk Zone
KSP/BAG/2025/01245,KPA 1963 VIOLATIONS,Bagalkote,Town PS,16.1344,75.7563,2025-07-04 20:49:00,Charge Sheeted,"Sec 78, 87 KPA",Low,94.0,Standard Monitoring
KSP/TUM/2024/01246,KPA 1963 VIOLATIONS,Tumakuru,Gubbi,13.4076,77.1485,2024-12-19 17:29:00,Pending,"Sec 78, 87 KPA",Low,95.4,Standard Monitoring
KSP/SHI/2024/01247,MOTOR VEHICLE ACCIDENTS NON-FATAL,Shivamogga,Bhadravathi,13.914,75.5598,2024-10-05 12:34:00,Pending,"Sec 279, 337 IPC",Medium,97.8,Standard Monitoring
KSP/BEL/2024/01248,MISSING PERSON,Belagavi,Gokak,15.7792,74.4399,2024-01-10 09:59:00,Investigating,Sec 363 IPC,Medium,96.0,Standard Monitoring
KSP/DAV/2026/01249,KPA 1963 VIOLATIONS,Davanagere,Azad Nagar,14.4781,75.8524,2026-04-29 14:12:00,Charge Sheeted,"Sec 78, 87 KPA",Low,94.6,Standard Monitoring
KSP/BEN/2024/01250,THEFT,Bengaluru Dist,Nelamangala,13.0725,77.5695,2024-02-21 06:09:00,Closed,Sec 379 IPC,Medium,98.0,Standard Monitoring
KSP/CHI/2026/01251,KPA 1963 VIOLATIONS,Chikkaballapura,Chintamani,13.4952,77.6548,2026-07-05 20:28:00,Investigating,"Sec 78, 87 KPA",Low,98.3,Standard Monitoring
KSP/BEN/2025/01252,MOTOR VEHICLE ACCIDENTS NON-FATAL,Bengaluru City,Electronic City,13.0086,77.593,2025-05-17 05:45:00,Charge Sheeted,"Sec 279, 337 IPC",Medium,94.0,Standard Monitoring
KSP/KOD/2024/01253,HURT / ASSAULT,Kodagu,Madikeri Town,12.4433,75.7132,2024-08-07 15:30:00,Solved,"Sec 323, 324, 504 IPC",High,94.3,High Risk Zone
KSP/MAN/2025/01254,BURGLARY / HOUSE BREAKING,Mangaluru,Surathkal,12.9226,74.8743,2025-04-20 15:39:00,Solved,"Sec 454, 457, 380 IPC",High,87.4,High Risk Zone
KSP/HUB/2024/01255,BURGLARY / HOUSE BREAKING,Hubballi-Dharwad,Vidyagiri,15.3983,75.0753,2024-04-30 17:04:00,Charge Sheeted,"Sec 454, 457, 380 IPC",High,86.4,High Risk Zone
KSP/BEL/2026/01256,CrPC OFFENCES,Belagavi,Khade Bazar,15.8498,74.5293,2026-06-25 17:03:00,Solved,"Sec 107, 151 CrPC",Low,87.0,Standard Monitoring
KSP/RAI/2025/01257,CYBER CRIME & FRAUD,Raichur,Sindhanur,16.2714,77.3367,2025-08-16 23:22:00,Closed,"Sec 66D IT Act, 420 IPC",High,85.4,High Risk Zone
KSP/BEL/2025/01258,BURGLARY / HOUSE BREAKING,Belagavi,Camp PS,15.8939,74.5832,2025-05-19 13:50:00,Investigating,"Sec 454, 457, 380 IPC",High,96.7,High Risk Zone
KSP/HUB/2025/01259,MISSING PERSON,Hubballi-Dharwad,Gokul Road,15.3683,75.0553,2025-12-01 15:54:00,Investigating,Sec 363 IPC,Medium,92.2,Standard Monitoring
KSP/KOD/2026/01260,CrPC OFFENCES,Kodagu,Kushalnagar,12.4504,75.8043,2026-02-19 18:52:00,Solved,"Sec 107, 151 CrPC",Low,88.1,Standard Monitoring
KSP/SHI/2024/01261,THEFT,Shivamogga,Vinoba Nagar,13.9498,75.533,2024-12-24 07:20:00,Charge Sheeted,Sec 379 IPC,Medium,93.3,Standard Monitoring
KSP/KAL/2026/01262,THEFT,Kalaburagi,Brahampur,17.2718,76.8511,2026-03-30 20:35:00,Investigating,Sec 379 IPC,Medium,93.3,Standard Monitoring
KSP/VIJ/2024/01263,MISSING PERSON,Vijayanagara,Kudligi,15.2434,76.3682,2024-05-04 09:24:00,Closed,Sec 363 IPC,Medium,87.6,Standard Monitoring
KSP/BEN/2026/01264,CrPC OFFENCES,Bengaluru City,Electronic City,12.9384,77.6594,2026-04-20 08:28:00,Investigating,"Sec 107, 151 CrPC",Low,86.9,Standard Monitoring
KSP/BEN/2024/01265,HURT / ASSAULT,Bengaluru City,Cubbon Park,12.9379,77.5501,2024-10-27 08:05:00,Charge Sheeted,"Sec 323, 324, 504 IPC",High,85.2,High Risk Zone
KSP/UDU/2024/01266,BURGLARY / HOUSE BREAKING,Udupi,Manipal,13.2691,74.7983,2024-01-23 16:49:00,Investigating,"Sec 454, 457, 380 IPC",High,95.1,High Risk Zone
KSP/VIJ/2025/01267,HURT / ASSAULT,Vijayanagara,Kudligi,15.3212,76.4368,2025-05-31 14:36:00,Investigating,"Sec 323, 324, 504 IPC",High,97.0,High Risk Zone
KSP/HUB/2024/01268,CrPC OFFENCES,Hubballi-Dharwad,Kamripeth,15.3152,75.0716,2024-04-21 07:23:00,Pending,"Sec 107, 151 CrPC",Low,96.5,Standard Monitoring
KSP/YAD/2025/01269,KPA 1963 VIOLATIONS,Yadgir,Shahapur,16.7739,77.1833,2025-01-25 08:55:00,Investigating,"Sec 78, 87 KPA",Low,91.0,Standard Monitoring
KSP/SHI/2025/01270,MOTOR VEHICLE ACCIDENTS NON-FATAL,Shivamogga,Vinoba Nagar,13.9996,75.5768,2025-02-27 11:17:00,Investigating,"Sec 279, 337 IPC",Medium,90.8,Standard Monitoring
KSP/BEN/2024/01271,CrPC OFFENCES,Bengaluru City,Whitefield,12.9397,77.6398,2024-04-05 10:59:00,Pending,"Sec 107, 151 CrPC",Low,87.5,Standard Monitoring
KSP/CHI/2024/01272,NARCOTICS (NDPS),Chikkaballapura,Chintamani,13.4289,77.703,2024-11-26 11:58:00,Charge Sheeted,"Sec 20(b), 22 NDPS Act",Critical,85.6,High Risk Zone
KSP/BAL/2025/01273,THEFT,Ballari,Gandhinagar,15.0969,76.9834,2025-03-17 14:10:00,Pending,Sec 379 IPC,Medium,90.7,Standard Monitoring
KSP/BEN/2025/01274,CrPC OFFENCES,Bengaluru City,Cubbon Park,13.032,77.5223,2025-06-12 04:39:00,Charge Sheeted,"Sec 107, 151 CrPC",Low,89.3,Standard Monitoring
KSP/BEN/2024/01275,CrPC OFFENCES,Bengaluru Dist,Hosakote,13.0247,77.528,2024-05-11 00:41:00,Solved,"Sec 107, 151 CrPC",Low,86.1,Standard Monitoring
KSP/MYS/2025/01276,MOTOR VEHICLE ACCIDENTS NON-FATAL,Mysuru,Nazarbad,12.2746,76.6414,2025-04-16 15:15:00,Pending,"Sec 279, 337 IPC",Medium,87.7,Standard Monitoring
KSP/BEN/2025/01277,MOTOR VEHICLE ACCIDENTS NON-FATAL,Bengaluru City,Hebbal,12.948,77.6417,2025-06-28 11:31:00,Solved,"Sec 279, 337 IPC",Medium,89.5,Standard Monitoring
KSP/MAN/2026/01278,BURGLARY / HOUSE BREAKING,Mangaluru,Barkarke,12.8476,74.8571,2026-04-27 23:01:00,Investigating,"Sec 454, 457, 380 IPC",High,92.8,High Risk Zone
KSP/BEN/2025/01279,THEFT,Bengaluru Dist,Doddaballapura,13.0924,77.5516,2025-08-13 15:06:00,Charge Sheeted,Sec 379 IPC,Medium,87.5,Standard Monitoring
KSP/BEN/2025/01280,MOTOR VEHICLE ACCIDENTS NON-FATAL,Bengaluru City,Yelahanka,13.0136,77.5667,2025-07-19 19:52:00,Solved,"Sec 279, 337 IPC",Medium,96.1,Standard Monitoring
KSP/BEN/2024/01281,THEFT,Bengaluru City,Hebbal,12.895,77.6316,2024-08-26 20:36:00,Investigating,Sec 379 IPC,Medium,87.5,Standard Monitoring
KSP/BAG/2025/01282,MOTOR VEHICLE ACCIDENTS NON-FATAL,Bagalkote,Jamkhandi,16.1667,75.7489,2025-08-10 17:44:00,Closed,"Sec 279, 337 IPC",Medium,87.4,Standard Monitoring
KSP/BEN/2026/01283,NARCOTICS (NDPS),Bengaluru City,Jayanagar,12.9186,77.634,2026-01-05 19:09:00,Closed,"Sec 20(b), 22 NDPS Act",Critical,90.2,High Risk Zone
KSP/HUB/2026/01284,HURT / ASSAULT,Hubballi-Dharwad,Dharwad Town,15.391,75.1603,2026-06-23 21:15:00,Solved,"Sec 323, 324, 504 IPC",High,92.2,High Risk Zone
KSP/TUM/2024/01285,CrPC OFFENCES,Tumakuru,Town PS,13.2871,77.0803,2024-08-02 23:12:00,Charge Sheeted,"Sec 107, 151 CrPC",Low,93.9,Standard Monitoring
KSP/VIJ/2025/01286,HURT / ASSAULT,Vijayapura,Gol Gumbaz PS,16.8433,75.7061,2025-11-21 19:34:00,Charge Sheeted,"Sec 323, 324, 504 IPC",High,85.9,High Risk Zone
KSP/UTT/2025/01287,MOTOR VEHICLE ACCIDENTS NON-FATAL,Uttara Kannada,Karwar Town,14.7775,74.0841,2025-07-11 20:45:00,Solved,"Sec 279, 337 IPC",Medium,89.4,Standard Monitoring
KSP/BEN/2024/01288,HURT / ASSAULT,Bengaluru City,Cubbon Park,13.0145,77.5609,2024-09-21 12:39:00,Investigating,"Sec 323, 324, 504 IPC",High,85.8,High Risk Zone
KSP/BEN/2026/01289,HURT / ASSAULT,Bengaluru City,Whitefield,12.9518,77.638,2026-04-01 20:12:00,Charge Sheeted,"Sec 323, 324, 504 IPC",High,88.4,High Risk Zone
KSP/MAN/2024/01290,MOTOR VEHICLE ACCIDENTS NON-FATAL,Mangaluru,Panambur,12.8545,74.9302,2024-09-13 04:49:00,Charge Sheeted,"Sec 279, 337 IPC",Medium,94.4,Standard Monitoring
KSP/BEN/2026/01291,CYBER CRIME & FRAUD,Bengaluru City,Cubbon Park,12.9828,77.58,2026-05-11 19:19:00,Solved,"Sec 66D IT Act, 420 IPC",High,88.4,High Risk Zone
KSP/HUB/2024/01292,MOTOR VEHICLE ACCIDENTS NON-FATAL,Hubballi-Dharwad,Suburban PS,15.3961,75.1545,2024-02-26 23:09:00,Pending,"Sec 279, 337 IPC",Medium,85.5,Standard Monitoring
KSP/BEN/2025/01293,MOTOR VEHICLE ACCIDENTS NON-FATAL,Bengaluru City,Koramangala,13.0464,77.6112,2025-06-24 04:25:00,Closed,"Sec 279, 337 IPC",Medium,93.2,Standard Monitoring
KSP/VIJ/2025/01294,BURGLARY / HOUSE BREAKING,Vijayanagara,Kudligi,15.2336,76.4332,2025-09-25 18:59:00,Closed,"Sec 454, 457, 380 IPC",High,93.0,High Risk Zone
KSP/TUM/2025/01295,CrPC OFFENCES,Tumakuru,Kyatsandra,13.2608,77.0619,2025-12-21 05:32:00,Solved,"Sec 107, 151 CrPC",Low,86.5,Standard Monitoring
KSP/RAI/2024/01296,HURT / ASSAULT,Raichur,Manvi,16.1487,77.3494,2024-06-07 15:32:00,Investigating,"Sec 323, 324, 504 IPC",High,86.2,High Risk Zone
KSP/RAI/2025/01297,CrPC OFFENCES,Raichur,Market PS,16.2157,77.3112,2025-10-08 20:42:00,Investigating,"Sec 107, 151 CrPC",Low,97.5,Standard Monitoring
KSP/BEN/2026/01298,ROBBERY / DACOITY,Bengaluru City,Jayanagar,13.0442,77.5865,2026-07-11 01:31:00,Solved,"Sec 392, 395 IPC",Critical,96.4,High Risk Zone
KSP/BAL/2025/01299,THEFT,Ballari,Gandhinagar,15.1208,76.8569,2025-02-01 19:09:00,Charge Sheeted,Sec 379 IPC,Medium,86.4,Standard Monitoring
KSP/BEN/2024/01300,MOTOR VEHICLE ACCIDENTS NON-FATAL,Bengaluru City,Cubbon Park,12.9377,77.6166,2024-09-23 04:17:00,Charge Sheeted,"Sec 279, 337 IPC",Medium,85.9,Standard Monitoring
KSP/BEL/2025/01301,CrPC OFFENCES,Belagavi,Market PS,15.7916,74.5126,2025-03-04 23:30:00,Solved,"Sec 107, 151 CrPC",Low,88.0,Standard Monitoring
KSP/BEN/2024/01302,KPA 1963 VIOLATIONS,Bengaluru Dist,Devanahalli,13.0827,77.604,2024-08-15 22:55:00,Closed,"Sec 78, 87 KPA",Low,98.3,Standard Monitoring
KSP/SHI/2025/01303,ROBBERY / DACOITY,Shivamogga,Tunga Nagar,13.9337,75.5673,2025-07-15 15:28:00,Closed,"Sec 392, 395 IPC",Critical,94.5,High Risk Zone
KSP/HUB/2026/01304,KPA 1963 VIOLATIONS,Hubballi-Dharwad,Gokul Road,15.4407,75.1223,2026-07-19 16:02:00,Solved,"Sec 78, 87 KPA",Low,92.0,Standard Monitoring
KSP/SHI/2026/01305,MISSING PERSON,Shivamogga,Doddapet,13.9956,75.5023,2026-05-09 08:38:00,Investigating,Sec 363 IPC,Medium,96.2,Standard Monitoring
KSP/KOP/2026/01306,HURT / ASSAULT,Koppal,Town PS,15.3542,76.1016,2026-02-25 23:52:00,Pending,"Sec 323, 324, 504 IPC",High,97.6,High Risk Zone
KSP/MAN/2025/01307,CrPC OFFENCES,Mangaluru,Barkarke,12.9701,74.8915,2025-12-23 06:51:00,Solved,"Sec 107, 151 CrPC",Low,86.3,Standard Monitoring
KSP/BEN/2025/01308,THEFT,Bengaluru City,Whitefield,13.0423,77.5168,2025-05-24 04:49:00,Closed,Sec 379 IPC,Medium,96.5,Standard Monitoring
KSP/BEL/2024/01309,MISSING PERSON,Belagavi,Tilakwadi,15.8724,74.4856,2024-02-21 00:42:00,Charge Sheeted,Sec 363 IPC,Medium,93.4,Standard Monitoring
KSP/BEN/2025/01310,HURT / ASSAULT,Bengaluru City,Koramangala,12.9798,77.5536,2025-11-14 03:48:00,Closed,"Sec 323, 324, 504 IPC",High,97.3,High Risk Zone
KSP/BEN/2024/01311,BURGLARY / HOUSE BREAKING,Bengaluru Dist,Hosakote,13.0437,77.6133,2024-02-09 20:05:00,Investigating,"Sec 454, 457, 380 IPC",High,90.4,High Risk Zone
KSP/YAD/2026/01312,THEFT,Yadgir,Shahapur,16.7689,77.1049,2026-05-09 22:07:00,Solved,Sec 379 IPC,Medium,96.3,Standard Monitoring
KSP/UDU/2024/01313,THEFT,Udupi,Malpe,13.3511,74.7124,2024-09-10 10:32:00,Investigating,Sec 379 IPC,Medium,86.2,Standard Monitoring
KSP/MAN/2024/01314,MISSING PERSON,Mangaluru,Kadri,12.9907,74.7784,2024-01-05 07:15:00,Closed,Sec 363 IPC,Medium,86.3,Standard Monitoring
KSP/KAL/2026/01315,MOTOR VEHICLE ACCIDENTS NON-FATAL,Kalaburagi,University PS,17.2719,76.8743,2026-01-10 21:18:00,Charge Sheeted,"Sec 279, 337 IPC",Medium,94.7,Standard Monitoring
KSP/KOP/2025/01316,ROBBERY / DACOITY,Koppal,Town PS,15.3016,76.2088,2025-08-01 16:05:00,Closed,"Sec 392, 395 IPC",Critical,96.8,High Risk Zone
KSP/TUM/2026/01317,MISSING PERSON,Tumakuru,Tiptur,13.3398,77.1009,2026-02-21 09:11:00,Pending,Sec 363 IPC,Medium,90.8,Standard Monitoring
KSP/BEN/2024/01318,MOTOR VEHICLE ACCIDENTS NON-FATAL,Bengaluru City,Indiranagar,12.9819,77.6701,2024-06-05 03:11:00,Investigating,"Sec 279, 337 IPC",Medium,94.3,Standard Monitoring
KSP/UTT/2024/01319,ROBBERY / DACOITY,Uttara Kannada,Dandeli,14.7456,74.0709,2024-08-04 05:29:00,Closed,"Sec 392, 395 IPC",Critical,89.9,High Risk Zone
KSP/MAN/2025/01320,CrPC OFFENCES,Mangaluru,Urwa,12.9764,74.9058,2025-01-17 11:09:00,Investigating,"Sec 107, 151 CrPC",Low,95.9,Standard Monitoring
KSP/UTT/2025/01321,THEFT,Uttara Kannada,Bhatkal,14.8501,74.1929,2025-12-29 23:40:00,Charge Sheeted,Sec 379 IPC,Medium,91.4,Standard Monitoring
KSP/TUM/2026/01322,MISSING PERSON,Tumakuru,Tiptur,13.333,77.0666,2026-05-01 03:50:00,Investigating,Sec 363 IPC,Medium,98.1,Standard Monitoring
KSP/BEN/2025/01323,HURT / ASSAULT,Bengaluru City,Indiranagar,12.9636,77.6215,2025-01-03 19:12:00,Closed,"Sec 323, 324, 504 IPC",High,90.6,High Risk Zone
KSP/BEN/2025/01324,MOTOR VEHICLE ACCIDENTS NON-FATAL,Bengaluru City,Whitefield,13.0429,77.6636,2025-03-07 17:45:00,Solved,"Sec 279, 337 IPC",Medium,86.0,Standard Monitoring
KSP/VIJ/2026/01325,MOTOR VEHICLE ACCIDENTS NON-FATAL,Vijayanagara,Harapanahalli,15.2499,76.3227,2026-05-31 14:23:00,Investigating,"Sec 279, 337 IPC",Medium,87.5,Standard Monitoring
KSP/BEN/2025/01326,THEFT,Bengaluru City,Whitefield,13.0117,77.6652,2025-08-12 23:57:00,Investigating,Sec 379 IPC,Medium,94.7,Standard Monitoring
KSP/CHA/2024/01327,MOTOR VEHICLE ACCIDENTS NON-FATAL,Chamarajanagar,Gundlupet,11.9881,77.0067,2024-07-08 13:15:00,Charge Sheeted,"Sec 279, 337 IPC",Medium,89.5,Standard Monitoring
KSP/MYS/2024/01328,MOTOR VEHICLE ACCIDENTS NON-FATAL,Mysuru,Lashkar PS,12.2403,76.6609,2024-12-13 14:53:00,Closed,"Sec 279, 337 IPC",Medium,85.5,Standard Monitoring
KSP/DAV/2026/01329,MOTOR VEHICLE ACCIDENTS NON-FATAL,Davanagere,Harihar,14.5225,75.8701,2026-07-04 15:24:00,Closed,"Sec 279, 337 IPC",Medium,95.2,Standard Monitoring
KSP/BEN/2024/01330,ROBBERY / DACOITY,Bengaluru City,Electronic City,12.9807,77.5742,2024-09-24 15:31:00,Solved,"Sec 392, 395 IPC",Critical,85.1,High Risk Zone
KSP/VIJ/2024/01331,ROBBERY / DACOITY,Vijayapura,Indi,16.7566,75.7218,2024-08-17 05:05:00,Solved,"Sec 392, 395 IPC",Critical,88.6,High Risk Zone
KSP/HUB/2024/01332,CrPC OFFENCES,Hubballi-Dharwad,Vidyagiri,15.2865,75.1835,2024-10-12 23:22:00,Charge Sheeted,"Sec 107, 151 CrPC",Low,89.4,Standard Monitoring
KSP/BEN/2024/01333,MOTOR VEHICLE ACCIDENTS NON-FATAL,Bengaluru City,Indiranagar,12.9116,77.6682,2024-04-11 07:50:00,Charge Sheeted,"Sec 279, 337 IPC",Medium,92.5,Standard Monitoring
KSP/BAG/2026/01334,HURT / ASSAULT,Bagalkote,Town PS,16.1966,75.6726,2026-01-13 00:55:00,Closed,"Sec 323, 324, 504 IPC",High,90.9,High Risk Zone
KSP/BEN/2024/01335,MISSING PERSON,Bengaluru Dist,Doddaballapura,13.0893,77.5697,2024-07-31 16:01:00,Solved,Sec 363 IPC,Medium,87.4,Standard Monitoring
KSP/MAN/2026/01336,HURT / ASSAULT,Mandya,Maddur,12.5556,76.895,2026-05-11 19:11:00,Charge Sheeted,"Sec 323, 324, 504 IPC",High,94.8,High Risk Zone
KSP/KOL/2026/01337,MOTOR VEHICLE ACCIDENTS NON-FATAL,Kolar,Robertsonpet,13.1741,78.0618,2026-03-15 15:23:00,Investigating,"Sec 279, 337 IPC",Medium,87.3,Standard Monitoring
KSP/HUB/2024/01338,MISSING PERSON,Hubballi-Dharwad,Gokul Road,15.4384,75.0541,2024-11-09 09:40:00,Pending,Sec 363 IPC,Medium,91.2,Standard Monitoring
KSP/BEN/2026/01339,HURT / ASSAULT,Bengaluru City,Electronic City,12.9862,77.5363,2026-07-16 12:26:00,Investigating,"Sec 323, 324, 504 IPC",High,98.5,High Risk Zone
KSP/BEN/2026/01340,MOTOR VEHICLE ACCIDENTS NON-FATAL,Bengaluru City,Jayanagar,12.9276,77.6059,2026-02-02 02:06:00,Pending,"Sec 279, 337 IPC",Medium,90.2,Standard Monitoring
KSP/SHI/2025/01341,THEFT,Shivamogga,Bhadravathi,13.9036,75.6292,2025-10-25 10:19:00,Solved,Sec 379 IPC,Medium,87.6,Standard Monitoring
KSP/DAV/2024/01342,HURT / ASSAULT,Davanagere,PJ Extension,14.5072,75.8956,2024-09-08 20:38:00,Solved,"Sec 323, 324, 504 IPC",High,89.0,High Risk Zone
KSP/HAS/2024/01343,MISSING PERSON,Hassan,Gorur,13.057,76.128,2024-01-29 06:49:00,Closed,Sec 363 IPC,Medium,91.8,Standard Monitoring
KSP/BEN/2024/01344,CYBER CRIME & FRAUD,Bengaluru City,Cubbon Park,12.9493,77.5242,2024-08-10 01:02:00,Closed,"Sec 66D IT Act, 420 IPC",High,91.0,High Risk Zone
KSP/CHA/2026/01345,CrPC OFFENCES,Chamarajanagar,Gundlupet,11.9107,76.888,2026-03-19 19:04:00,Investigating,"Sec 107, 151 CrPC",Low,87.1,Standard Monitoring
KSP/BEN/2024/01346,MISSING PERSON,Bengaluru City,Cubbon Park,13.0493,77.5476,2024-07-25 04:44:00,Investigating,Sec 363 IPC,Medium,92.2,Standard Monitoring
KSP/RAI/2026/01347,CYBER CRIME & FRAUD,Raichur,Manvi,16.2073,77.2905,2026-06-09 10:52:00,Pending,"Sec 66D IT Act, 420 IPC",High,97.1,High Risk Zone
KSP/BEN/2025/01348,MISSING PERSON,Bengaluru Dist,Doddaballapura,13.1213,77.6455,2025-06-06 19:31:00,Investigating,Sec 363 IPC,Medium,88.4,Standard Monitoring
KSP/BEN/2024/01349,HURT / ASSAULT,Bengaluru Dist,Devanahalli,13.1184,77.5578,2024-10-31 00:47:00,Solved,"Sec 323, 324, 504 IPC",High,94.0,High Risk Zone
KSP/BEN/2026/01350,MOTOR VEHICLE ACCIDENTS NON-FATAL,Bengaluru City,Hebbal,12.9497,77.6677,2026-05-12 03:46:00,Investigating,"Sec 279, 337 IPC",Medium,87.6,Standard Monitoring
KSP/BEN/2025/01351,KPA 1963 VIOLATIONS,Bengaluru Dist,Hosakote,13.0702,77.5638,2025-10-04 22:56:00,Investigating,"Sec 78, 87 KPA",Low,95.0,Standard Monitoring
KSP/UDU/2024/01352,MISSING PERSON,Udupi,Town PS,13.3204,74.7933,2024-03-05 14:55:00,Solved,Sec 363 IPC,Medium,90.7,Standard Monitoring
KSP/SHI/2024/01353,HURT / ASSAULT,Shivamogga,Bhadravathi,14.0101,75.6153,2024-08-19 20:22:00,Investigating,"Sec 323, 324, 504 IPC",High,93.8,High Risk Zone
KSP/KAL/2026/01354,HURT / ASSAULT,Kalaburagi,Station Bazar,17.319,76.7732,2026-06-13 20:50:00,Solved,"Sec 323, 324, 504 IPC",High,89.6,High Risk Zone
KSP/UTT/2026/01355,MOTOR VEHICLE ACCIDENTS NON-FATAL,Uttara Kannada,Dandeli,14.8849,74.1731,2026-04-30 01:24:00,Solved,"Sec 279, 337 IPC",Medium,95.6,Standard Monitoring
KSP/CHI/2025/01356,HURT / ASSAULT,Chikkaballapura,Town PS,13.4404,77.6954,2025-05-31 10:00:00,Solved,"Sec 323, 324, 504 IPC",High,95.8,High Risk Zone
KSP/BEN/2025/01357,MISSING PERSON,Bengaluru City,Yelahanka,13.0139,77.583,2025-03-29 15:10:00,Closed,Sec 363 IPC,Medium,85.7,Standard Monitoring
KSP/CHA/2025/01358,MISSING PERSON,Chamarajanagar,Gundlupet,11.8733,76.9649,2025-09-26 05:50:00,Closed,Sec 363 IPC,Medium,87.2,Standard Monitoring
KSP/TUM/2024/01359,CYBER CRIME & FRAUD,Tumakuru,Sira,13.2598,77.0501,2024-11-26 06:30:00,Solved,"Sec 66D IT Act, 420 IPC",High,87.9,High Risk Zone
KSP/VIJ/2025/01360,MOTOR VEHICLE ACCIDENTS NON-FATAL,Vijayanagara,Hospet Town,15.2099,76.4357,2025-01-18 05:18:00,Charge Sheeted,"Sec 279, 337 IPC",Medium,87.6,Standard Monitoring
KSP/MAN/2026/01361,MISSING PERSON,Mangaluru,Surathkal,12.9105,74.9,2026-04-11 05:10:00,Closed,Sec 363 IPC,Medium,86.9,Standard Monitoring
KSP/VIJ/2024/01362,CrPC OFFENCES,Vijayapura,Adarsh Nagar,16.9087,75.7661,2024-08-22 01:22:00,Pending,"Sec 107, 151 CrPC",Low,91.0,Standard Monitoring
KSP/BEN/2026/01363,MISSING PERSON,Bengaluru Dist,Devanahalli,13.1248,77.6338,2026-05-08 21:08:00,Closed,Sec 363 IPC,Medium,89.8,Standard Monitoring
KSP/DAV/2025/01364,THEFT,Davanagere,PJ Extension,14.5215,75.9872,2025-07-01 04:52:00,Charge Sheeted,Sec 379 IPC,Medium,89.5,Standard Monitoring
KSP/BEL/2025/01365,MOTOR VEHICLE ACCIDENTS NON-FATAL,Belagavi,Gokak,15.8652,74.556,2025-04-09 15:31:00,Solved,"Sec 279, 337 IPC",Medium,91.1,Standard Monitoring
KSP/BEN/2024/01366,BURGLARY / HOUSE BREAKING,Bengaluru City,Koramangala,12.9516,77.6471,2024-09-13 15:54:00,Investigating,"Sec 454, 457, 380 IPC",High,88.1,High Risk Zone
KSP/BEN/2024/01367,CYBER CRIME & FRAUD,Bengaluru City,Jayanagar,12.9496,77.6534,2024-09-18 03:51:00,Pending,"Sec 66D IT Act, 420 IPC",High,86.5,High Risk Zone
KSP/BEN/2026/01368,MOTOR VEHICLE ACCIDENTS NON-FATAL,Bengaluru City,Koramangala,12.8964,77.6643,2026-01-21 22:44:00,Investigating,"Sec 279, 337 IPC",Medium,95.6,Standard Monitoring
KSP/RAM/2026/01369,CYBER CRIME & FRAUD,Ramanagara,Kanakapura,12.7003,77.2773,2026-01-12 08:00:00,Solved,"Sec 66D IT Act, 420 IPC",High,97.1,High Risk Zone
KSP/BEN/2025/01370,MOTOR VEHICLE ACCIDENTS NON-FATAL,Bengaluru City,Indiranagar,12.952,77.6639,2025-03-20 09:51:00,Solved,"Sec 279, 337 IPC",Medium,96.9,Standard Monitoring
KSP/DAV/2024/01371,CrPC OFFENCES,Davanagere,Azad Nagar,14.4121,75.8668,2024-05-20 04:18:00,Pending,"Sec 107, 151 CrPC",Low,96.2,Standard Monitoring
KSP/HAV/2025/01372,KPA 1963 VIOLATIONS,Haveri,Byadgi,14.8312,75.4104,2025-05-30 15:14:00,Closed,"Sec 78, 87 KPA",Low,95.1,Standard Monitoring
KSP/HAS/2024/01373,THEFT,Hassan,Arsikere,13.0025,76.1166,2024-02-28 17:13:00,Solved,Sec 379 IPC,Medium,86.4,Standard Monitoring
KSP/BEN/2025/01374,MOTOR VEHICLE ACCIDENTS NON-FATAL,Bengaluru City,Hebbal,13.0213,77.5445,2025-03-31 00:35:00,Solved,"Sec 279, 337 IPC",Medium,85.3,Standard Monitoring
KSP/SHI/2026/01375,MOTOR VEHICLE ACCIDENTS NON-FATAL,Shivamogga,Tunga Nagar,13.8962,75.4934,2026-05-13 12:42:00,Investigating,"Sec 279, 337 IPC",Medium,94.6,Standard Monitoring
KSP/BEN/2025/01376,BURGLARY / HOUSE BREAKING,Bengaluru City,Electronic City,13.031,77.6319,2025-05-24 14:06:00,Closed,"Sec 454, 457, 380 IPC",High,89.3,High Risk Zone
KSP/BID/2025/01377,ROBBERY / DACOITY,Bidar,Market PS,17.8521,77.5724,2025-04-03 04:24:00,Pending,"Sec 392, 395 IPC",Critical,93.4,High Risk Zone
KSP/TUM/2026/01378,CYBER CRIME & FRAUD,Tumakuru,Gubbi,13.3637,77.0966,2026-02-28 06:22:00,Pending,"Sec 66D IT Act, 420 IPC",High,89.9,High Risk Zone
KSP/BEL/2024/01379,CrPC OFFENCES,Belagavi,Market PS,15.7863,74.5133,2024-12-01 05:36:00,Closed,"Sec 107, 151 CrPC",Low,94.9,Standard Monitoring
KSP/CHI/2025/01380,KPA 1963 VIOLATIONS,Chikkamagaluru,Basavanahalli,13.2636,75.7602,2025-08-21 03:56:00,Closed,"Sec 78, 87 KPA",Low,90.0,Standard Monitoring
KSP/DAV/2025/01381,CrPC OFFENCES,Davanagere,PJ Extension,14.4407,75.9958,2025-06-04 11:21:00,Solved,"Sec 107, 151 CrPC",Low,94.6,Standard Monitoring
KSP/KAL/2025/01382,HURT / ASSAULT,Kalaburagi,Brahampur,17.3412,76.7962,2025-12-01 10:05:00,Pending,"Sec 323, 324, 504 IPC",High,95.7,High Risk Zone
KSP/YAD/2026/01383,HURT / ASSAULT,Yadgir,Town PS,16.8362,77.0842,2026-05-26 07:33:00,Charge Sheeted,"Sec 323, 324, 504 IPC",High,95.9,High Risk Zone
KSP/BAL/2024/01384,CrPC OFFENCES,Ballari,Cowl Bazar,15.0847,76.964,2024-12-13 08:10:00,Investigating,"Sec 107, 151 CrPC",Low,90.8,Standard Monitoring
KSP/BEN/2026/01385,BURGLARY / HOUSE BREAKING,Bengaluru City,Koramangala,12.8918,77.5638,2026-04-28 05:31:00,Investigating,"Sec 454, 457, 380 IPC",High,89.7,High Risk Zone
KSP/KAL/2024/01386,MOTOR VEHICLE ACCIDENTS NON-FATAL,Kalaburagi,Ashok Nagar,17.3616,76.8898,2024-09-03 05:16:00,Charge Sheeted,"Sec 279, 337 IPC",Medium,95.5,Standard Monitoring
KSP/BEN/2025/01387,THEFT,Bengaluru City,Yelahanka,13.0174,77.5303,2025-06-13 04:59:00,Investigating,Sec 379 IPC,Medium,85.1,Standard Monitoring
KSP/YAD/2024/01388,ROBBERY / DACOITY,Yadgir,Shorapur,16.7795,77.1262,2024-09-18 18:42:00,Investigating,"Sec 392, 395 IPC",Critical,89.3,High Risk Zone
KSP/BID/2024/01389,MISSING PERSON,Bidar,Gandhi Gunj,17.9822,77.5147,2024-11-07 03:14:00,Solved,Sec 363 IPC,Medium,87.4,Standard Monitoring
KSP/BEN/2024/01390,ROBBERY / DACOITY,Bengaluru City,Electronic City,13.0367,77.5343,2024-05-19 03:00:00,Closed,"Sec 392, 395 IPC",Critical,97.4,High Risk Zone
KSP/BEN/2025/01391,CrPC OFFENCES,Bengaluru City,Indiranagar,13.0073,77.6655,2025-09-20 18:57:00,Charge Sheeted,"Sec 107, 151 CrPC",Low,98.4,Standard Monitoring
KSP/BEN/2024/01392,MISSING PERSON,Bengaluru City,Whitefield,12.9471,77.6248,2024-02-15 04:33:00,Solved,Sec 363 IPC,Medium,89.1,Standard Monitoring
KSP/BEN/2024/01393,CrPC OFFENCES,Bengaluru City,Cubbon Park,12.896,77.5398,2024-10-27 09:51:00,Charge Sheeted,"Sec 107, 151 CrPC",Low,87.9,Standard Monitoring
KSP/RAI/2025/01394,ROBBERY / DACOITY,Raichur,Sindhanur,16.2511,77.3102,2025-05-25 07:59:00,Charge Sheeted,"Sec 392, 395 IPC",Critical,97.3,High Risk Zone
KSP/BEN/2025/01395,MOTOR VEHICLE ACCIDENTS NON-FATAL,Bengaluru Dist,Devanahalli,13.1211,77.518,2025-12-10 19:11:00,Solved,"Sec 279, 337 IPC",Medium,92.4,Standard Monitoring
KSP/BAL/2026/01396,CrPC OFFENCES,Ballari,Gandhinagar,15.137,76.9416,2026-03-28 17:25:00,Charge Sheeted,"Sec 107, 151 CrPC",Low,89.3,Standard Monitoring
KSP/BID/2025/01397,THEFT,Bidar,Market PS,17.9331,77.4531,2025-01-18 08:45:00,Closed,Sec 379 IPC,Medium,91.8,Standard Monitoring
KSP/BEL/2025/01398,KPA 1963 VIOLATIONS,Belagavi,Camp PS,15.9017,74.4478,2025-04-05 08:59:00,Investigating,"Sec 78, 87 KPA",Low,97.3,Standard Monitoring
KSP/BEN/2024/01399,MOTOR VEHICLE ACCIDENTS NON-FATAL,Bengaluru City,Jayanagar,13.0371,77.6291,2024-01-23 17:41:00,Solved,"Sec 279, 337 IPC",Medium,89.1,Standard Monitoring
KSP/BEN/2025/01400,BURGLARY / HOUSE BREAKING,Bengaluru Dist,Devanahalli,13.0108,77.5776,2025-07-21 09:13:00,Pending,"Sec 454, 457, 380 IPC",High,97.4,High Risk Zone
KSP/BEN/2024/01401,MOTOR VEHICLE ACCIDENTS NON-FATAL,Bengaluru City,Hebbal,12.9166,77.5989,2024-03-15 15:56:00,Investigating,"Sec 279, 337 IPC",Medium,95.0,Standard Monitoring
KSP/BEL/2024/01402,THEFT,Belagavi,Gokak,15.8102,74.552,2024-09-10 03:39:00,Investigating,Sec 379 IPC,Medium,88.7,Standard Monitoring
KSP/HAV/2024/01403,BURGLARY / HOUSE BREAKING,Haveri,Byadgi,14.8564,75.3771,2024-08-14 18:41:00,Investigating,"Sec 454, 457, 380 IPC",High,88.6,High Risk Zone
KSP/CHI/2025/01404,NARCOTICS (NDPS),Chitradurga,Town PS,14.1768,76.4323,2025-09-14 02:28:00,Solved,"Sec 20(b), 22 NDPS Act",Critical,93.6,High Risk Zone
KSP/HAS/2024/01405,CrPC OFFENCES,Hassan,Gorur,13.0602,76.0496,2024-01-08 07:05:00,Solved,"Sec 107, 151 CrPC",Low,92.9,Standard Monitoring
KSP/BEN/2025/01406,THEFT,Bengaluru City,Jayanagar,12.948,77.5338,2025-03-16 21:28:00,Solved,Sec 379 IPC,Medium,87.8,Standard Monitoring
KSP/VIJ/2024/01407,CYBER CRIME & FRAUD,Vijayanagara,Harapanahalli,15.2468,76.4492,2024-06-12 21:08:00,Closed,"Sec 66D IT Act, 420 IPC",High,91.9,High Risk Zone
KSP/BEN/2024/01408,THEFT,Bengaluru City,Cubbon Park,13.0352,77.6309,2024-07-07 05:05:00,Pending,Sec 379 IPC,Medium,91.5,Standard Monitoring
KSP/RAM/2025/01409,THEFT,Ramanagara,Channapatna,12.6376,77.209,2025-09-04 22:46:00,Investigating,Sec 379 IPC,Medium,96.6,Standard Monitoring
KSP/TUM/2025/01410,NARCOTICS (NDPS),Tumakuru,Kyatsandra,13.3051,77.0998,2025-08-07 10:13:00,Charge Sheeted,"Sec 20(b), 22 NDPS Act",Critical,97.7,High Risk Zone
KSP/MAN/2026/01411,KPA 1963 VIOLATIONS,Mangaluru,Barkarke,12.8562,74.919,2026-04-30 08:39:00,Investigating,"Sec 78, 87 KPA",Low,87.4,Standard Monitoring
KSP/MYS/2025/01412,KPA 1963 VIOLATIONS,Mysuru,Devaraja PS,12.3702,76.6732,2025-01-07 07:57:00,Closed,"Sec 78, 87 KPA",Low,89.8,Standard Monitoring
KSP/HUB/2024/01413,MOTOR VEHICLE ACCIDENTS NON-FATAL,Hubballi-Dharwad,Suburban PS,15.4023,75.0975,2024-06-02 13:48:00,Charge Sheeted,"Sec 279, 337 IPC",Medium,96.4,Standard Monitoring
KSP/DAV/2024/01414,BURGLARY / HOUSE BREAKING,Davanagere,PJ Extension,14.4302,75.912,2024-09-22 13:08:00,Charge Sheeted,"Sec 454, 457, 380 IPC",High,94.3,High Risk Zone
KSP/TUM/2025/01415,KPA 1963 VIOLATIONS,Tumakuru,Kyatsandra,13.3234,77.0227,2025-06-26 22:19:00,Pending,"Sec 78, 87 KPA",Low,89.9,Standard Monitoring
KSP/BEL/2025/01416,BURGLARY / HOUSE BREAKING,Belagavi,Camp PS,15.8584,74.5232,2025-04-29 08:30:00,Investigating,"Sec 454, 457, 380 IPC",High,96.3,High Risk Zone
KSP/HAV/2024/01417,CYBER CRIME & FRAUD,Haveri,Town PS,14.8052,75.429,2024-08-14 17:32:00,Investigating,"Sec 66D IT Act, 420 IPC",High,94.7,High Risk Zone
KSP/BEN/2025/01418,ROBBERY / DACOITY,Bengaluru City,Jayanagar,12.9468,77.6354,2025-07-20 22:22:00,Investigating,"Sec 392, 395 IPC",Critical,92.3,High Risk Zone
KSP/BEN/2024/01419,MOTOR VEHICLE ACCIDENTS NON-FATAL,Bengaluru Dist,Doddaballapura,13.0502,77.5462,2024-03-08 21:49:00,Charge Sheeted,"Sec 279, 337 IPC",Medium,94.9,Standard Monitoring
KSP/RAM/2024/01420,THEFT,Ramanagara,Channapatna,12.6717,77.2213,2024-07-28 18:17:00,Investigating,Sec 379 IPC,Medium,95.4,Standard Monitoring
KSP/UDU/2025/01421,HURT / ASSAULT,Udupi,Kundapura,13.4169,74.7638,2025-11-04 14:06:00,Closed,"Sec 323, 324, 504 IPC",High,93.4,High Risk Zone
KSP/BAL/2025/01422,MOTOR VEHICLE ACCIDENTS NON-FATAL,Ballari,Gandhinagar,15.1774,76.917,2025-02-20 01:56:00,Charge Sheeted,"Sec 279, 337 IPC",Medium,87.8,Standard Monitoring
KSP/MYS/2025/01423,MOTOR VEHICLE ACCIDENTS NON-FATAL,Mysuru,Nazarbad,12.3497,76.6212,2025-10-22 13:40:00,Charge Sheeted,"Sec 279, 337 IPC",Medium,86.2,Standard Monitoring
KSP/HUB/2025/01424,HURT / ASSAULT,Hubballi-Dharwad,Suburban PS,15.3025,75.1362,2025-02-04 20:18:00,Charge Sheeted,"Sec 323, 324, 504 IPC",High,87.5,High Risk Zone
KSP/BEN/2024/01425,BURGLARY / HOUSE BREAKING,Bengaluru City,Indiranagar,12.927,77.5161,2024-08-11 15:56:00,Pending,"Sec 454, 457, 380 IPC",High,96.3,High Risk Zone
KSP/BEN/2026/01426,MOTOR VEHICLE ACCIDENTS NON-FATAL,Bengaluru City,Koramangala,13.0051,77.6384,2026-01-11 14:30:00,Investigating,"Sec 279, 337 IPC",Medium,97.6,Standard Monitoring
KSP/BEN/2026/01427,HURT / ASSAULT,Bengaluru City,Koramangala,12.901,77.6185,2026-01-11 03:46:00,Pending,"Sec 323, 324, 504 IPC",High,89.4,High Risk Zone
KSP/KOP/2024/01428,CrPC OFFENCES,Koppal,Town PS,15.4007,76.1691,2024-10-05 19:33:00,Closed,"Sec 107, 151 CrPC",Low,89.0,Standard Monitoring
KSP/HUB/2024/01429,ROBBERY / DACOITY,Hubballi-Dharwad,Kamripeth,15.4028,75.1854,2024-05-19 03:35:00,Pending,"Sec 392, 395 IPC",Critical,96.5,High Risk Zone
KSP/BEN/2025/01430,CrPC OFFENCES,Bengaluru City,Cubbon Park,12.9616,77.5763,2025-05-28 13:08:00,Charge Sheeted,"Sec 107, 151 CrPC",Low,88.5,Standard Monitoring
KSP/BEN/2024/01431,MOTOR VEHICLE ACCIDENTS NON-FATAL,Bengaluru Dist,Devanahalli,13.0266,77.6395,2024-12-01 09:58:00,Pending,"Sec 279, 337 IPC",Medium,93.1,Standard Monitoring
KSP/MAN/2024/01432,MOTOR VEHICLE ACCIDENTS NON-FATAL,Mangaluru,Kadri,12.9602,74.7914,2024-05-14 09:39:00,Closed,"Sec 279, 337 IPC",Medium,89.5,Standard Monitoring
KSP/HUB/2025/01433,KPA 1963 VIOLATIONS,Hubballi-Dharwad,Kamripeth,15.2915,75.1689,2025-01-03 15:09:00,Charge Sheeted,"Sec 78, 87 KPA",Low,91.4,Standard Monitoring
KSP/BEN/2025/01434,ROBBERY / DACOITY,Bengaluru City,Cubbon Park,12.9853,77.518,2025-02-26 13:54:00,Solved,"Sec 392, 395 IPC",Critical,96.5,High Risk Zone
KSP/GAD/2025/01435,CrPC OFFENCES,Gadag,Betageri,15.5023,75.7095,2025-01-21 06:50:00,Pending,"Sec 107, 151 CrPC",Low,96.1,Standard Monitoring
KSP/MYS/2025/01436,MISSING PERSON,Mysuru,Devaraja PS,12.3498,76.6372,2025-07-07 19:31:00,Solved,Sec 363 IPC,Medium,98.1,Standard Monitoring
KSP/VIJ/2024/01437,HURT / ASSAULT,Vijayanagara,Kudligi,15.3333,76.3978,2024-11-28 04:41:00,Pending,"Sec 323, 324, 504 IPC",High,87.8,High Risk Zone
KSP/GAD/2025/01438,MISSING PERSON,Gadag,Betageri,15.4332,75.6842,2025-08-15 14:15:00,Pending,Sec 363 IPC,Medium,97.3,Standard Monitoring
KSP/CHI/2025/01439,CYBER CRIME & FRAUD,Chikkaballapura,Chintamani,13.4444,77.6913,2025-05-04 22:24:00,Solved,"Sec 66D IT Act, 420 IPC",High,98.4,High Risk Zone
KSP/HAS/2025/01440,CrPC OFFENCES,Hassan,Arsikere,13.0189,76.1303,2025-03-01 06:00:00,Pending,"Sec 107, 151 CrPC",Low,95.9,Standard Monitoring
KSP/UTT/2026/01441,MOTOR VEHICLE ACCIDENTS NON-FATAL,Uttara Kannada,Dandeli,14.8013,74.1095,2026-02-05 05:03:00,Pending,"Sec 279, 337 IPC",Medium,92.6,Standard Monitoring
KSP/BEN/2024/01442,KPA 1963 VIOLATIONS,Bengaluru Dist,Doddaballapura,13.0096,77.6483,2024-08-07 20:52:00,Pending,"Sec 78, 87 KPA",Low,97.5,Standard Monitoring
KSP/MYS/2024/01443,THEFT,Mysuru,KRS Road,12.293,76.6095,2024-06-17 11:41:00,Solved,Sec 379 IPC,Medium,85.4,Standard Monitoring
KSP/MYS/2024/01444,MOTOR VEHICLE ACCIDENTS NON-FATAL,Mysuru,Nazarbad,12.3428,76.7073,2024-12-08 19:11:00,Charge Sheeted,"Sec 279, 337 IPC",Medium,92.5,Standard Monitoring
KSP/HUB/2025/01445,HURT / ASSAULT,Hubballi-Dharwad,Kamripeth,15.4141,75.1539,2025-08-30 22:44:00,Closed,"Sec 323, 324, 504 IPC",High,88.5,High Risk Zone
KSP/MYS/2024/01446,MOTOR VEHICLE ACCIDENTS NON-FATAL,Mysuru,Nazarbad,12.3409,76.7083,2024-11-19 16:03:00,Investigating,"Sec 279, 337 IPC",Medium,89.0,Standard Monitoring
KSP/UDU/2024/01447,HURT / ASSAULT,Udupi,Town PS,13.313,74.7341,2024-11-08 14:17:00,Closed,"Sec 323, 324, 504 IPC",High,94.0,High Risk Zone
KSP/VIJ/2025/01448,CrPC OFFENCES,Vijayapura,Indi,16.7679,75.664,2025-10-28 05:08:00,Closed,"Sec 107, 151 CrPC",Low,95.9,Standard Monitoring
KSP/TUM/2025/01449,MOTOR VEHICLE ACCIDENTS NON-FATAL,Tumakuru,Kyatsandra,13.3436,77.1764,2025-09-15 01:01:00,Closed,"Sec 279, 337 IPC",Medium,92.5,Standard Monitoring
KSP/BEN/2026/01450,MISSING PERSON,Bengaluru City,Jayanagar,12.9078,77.6473,2026-01-28 16:41:00,Investigating,Sec 363 IPC,Medium,89.7,Standard Monitoring
KSP/BEN/2024/01451,THEFT,Bengaluru Dist,Nelamangala,13.1371,77.6551,2024-10-13 09:03:00,Pending,Sec 379 IPC,Medium,87.0,Standard Monitoring
KSP/BEN/2024/01452,THEFT,Bengaluru Dist,Hosakote,13.1078,77.563,2024-06-04 18:56:00,Charge Sheeted,Sec 379 IPC,Medium,97.1,Standard Monitoring
KSP/VIJ/2024/01453,THEFT,Vijayanagara,Kudligi,15.1969,76.4301,2024-06-09 12:49:00,Charge Sheeted,Sec 379 IPC,Medium,91.2,Standard Monitoring
KSP/HUB/2024/01454,CrPC OFFENCES,Hubballi-Dharwad,Dharwad Town,15.4048,75.0631,2024-11-12 15:46:00,Investigating,"Sec 107, 151 CrPC",Low,92.7,Standard Monitoring
KSP/BEN/2026/01455,THEFT,Bengaluru City,Electronic City,13.0374,77.6068,2026-01-04 11:08:00,Closed,Sec 379 IPC,Medium,87.0,Standard Monitoring
KSP/BEN/2024/01456,MOTOR VEHICLE ACCIDENTS NON-FATAL,Bengaluru City,Indiranagar,12.9505,77.6299,2024-09-13 20:20:00,Pending,"Sec 279, 337 IPC",Medium,96.9,Standard Monitoring
KSP/BEN/2024/01457,CYBER CRIME & FRAUD,Bengaluru City,Cubbon Park,12.9548,77.6133,2024-04-05 09:22:00,Investigating,"Sec 66D IT Act, 420 IPC",High,95.2,High Risk Zone
KSP/CHA/2025/01458,MISSING PERSON,Chamarajanagar,Gundlupet,11.8882,76.8854,2025-07-03 00:05:00,Closed,Sec 363 IPC,Medium,90.4,Standard Monitoring
KSP/MAN/2025/01459,BURGLARY / HOUSE BREAKING,Mandya,East PS,12.5126,76.9043,2025-08-18 15:59:00,Solved,"Sec 454, 457, 380 IPC",High,92.6,High Risk Zone
KSP/BEN/2024/01460,KPA 1963 VIOLATIONS,Bengaluru City,Indiranagar,12.9883,77.5638,2024-02-08 09:10:00,Investigating,"Sec 78, 87 KPA",Low,85.3,Standard Monitoring
KSP/BEL/2026/01461,CrPC OFFENCES,Belagavi,Gokak,15.8059,74.4869,2026-03-25 03:38:00,Pending,"Sec 107, 151 CrPC",Low,91.9,Standard Monitoring
KSP/BEN/2026/01462,MOTOR VEHICLE ACCIDENTS NON-FATAL,Bengaluru Dist,Nelamangala,13.0672,77.5196,2026-01-28 00:45:00,Solved,"Sec 279, 337 IPC",Medium,89.6,Standard Monitoring
KSP/TUM/2024/01463,MOTOR VEHICLE ACCIDENTS NON-FATAL,Tumakuru,Sira,13.2703,77.1383,2024-11-21 06:09:00,Charge Sheeted,"Sec 279, 337 IPC",Medium,94.3,Standard Monitoring
KSP/DAV/2024/01464,MISSING PERSON,Davanagere,PJ Extension,14.5285,75.9941,2024-07-11 05:51:00,Pending,Sec 363 IPC,Medium,96.9,Standard Monitoring
KSP/VIJ/2025/01465,CYBER CRIME & FRAUD,Vijayanagara,Harapanahalli,15.2375,76.4065,2025-04-14 03:02:00,Closed,"Sec 66D IT Act, 420 IPC",High,96.8,High Risk Zone
KSP/BAL/2026/01466,THEFT,Ballari,Brucepet,15.184,76.8885,2026-03-15 02:30:00,Investigating,Sec 379 IPC,Medium,89.0,Standard Monitoring
KSP/BAL/2026/01467,CrPC OFFENCES,Ballari,Hospet Town,15.1991,76.901,2026-03-06 23:32:00,Investigating,"Sec 107, 151 CrPC",Low,96.8,Standard Monitoring
KSP/BEN/2025/01468,CrPC OFFENCES,Bengaluru Dist,Doddaballapura,13.1586,77.6651,2025-05-25 04:14:00,Pending,"Sec 107, 151 CrPC",Low,91.6,Standard Monitoring
KSP/YAD/2025/01469,CrPC OFFENCES,Yadgir,Shorapur,16.7425,77.1405,2025-07-13 01:08:00,Closed,"Sec 107, 151 CrPC",Low,94.7,Standard Monitoring
KSP/BEL/2026/01470,THEFT,Belagavi,Gokak,15.8902,74.4923,2026-04-21 17:59:00,Charge Sheeted,Sec 379 IPC,Medium,85.2,Standard Monitoring
KSP/BEN/2024/01471,MOTOR VEHICLE ACCIDENTS NON-FATAL,Bengaluru City,Hebbal,12.9443,77.5805,2024-10-16 02:00:00,Closed,"Sec 279, 337 IPC",Medium,97.0,Standard Monitoring
KSP/CHI/2024/01472,MOTOR VEHICLE ACCIDENTS NON-FATAL,Chitradurga,Hiriyur,14.2303,76.4372,2024-05-24 13:03:00,Pending,"Sec 279, 337 IPC",Medium,95.5,Standard Monitoring
KSP/BEN/2025/01473,CrPC OFFENCES,Bengaluru City,Whitefield,12.9803,77.6295,2025-01-07 16:28:00,Charge Sheeted,"Sec 107, 151 CrPC",Low,97.4,Standard Monitoring
KSP/BAL/2024/01474,CrPC OFFENCES,Ballari,Gandhinagar,15.159,76.9865,2024-08-07 22:47:00,Investigating,"Sec 107, 151 CrPC",Low,92.8,Standard Monitoring
KSP/MAN/2025/01475,CrPC OFFENCES,Mangaluru,Panambur,12.8437,74.789,2025-02-12 04:04:00,Solved,"Sec 107, 151 CrPC",Low,86.1,Standard Monitoring
KSP/MYS/2024/01476,MOTOR VEHICLE ACCIDENTS NON-FATAL,Mysuru,Lashkar PS,12.2497,76.713,2024-12-30 04:56:00,Charge Sheeted,"Sec 279, 337 IPC",Medium,91.2,Standard Monitoring
KSP/DAV/2025/01477,MOTOR VEHICLE ACCIDENTS NON-FATAL,Davanagere,Azad Nagar,14.5351,75.9812,2025-10-10 00:52:00,Pending,"Sec 279, 337 IPC",Medium,91.2,Standard Monitoring
KSP/BEL/2025/01478,KPA 1963 VIOLATIONS,Belagavi,Camp PS,15.9009,74.5175,2025-01-27 01:28:00,Pending,"Sec 78, 87 KPA",Low,85.1,Standard Monitoring
KSP/BEN/2024/01479,HURT / ASSAULT,Bengaluru City,Cubbon Park,12.9627,77.5299,2024-12-31 02:27:00,Solved,"Sec 323, 324, 504 IPC",High,90.5,High Risk Zone
KSP/BEN/2024/01480,BURGLARY / HOUSE BREAKING,Bengaluru City,Cubbon Park,13.0224,77.6359,2024-07-20 11:09:00,Closed,"Sec 454, 457, 380 IPC",High,95.2,High Risk Zone
KSP/MAN/2024/01481,MOTOR VEHICLE ACCIDENTS NON-FATAL,Mangaluru,Surathkal,12.9294,74.926,2024-07-14 20:19:00,Solved,"Sec 279, 337 IPC",Medium,90.0,Standard Monitoring
KSP/BAG/2025/01482,THEFT,Bagalkote,Jamkhandi,16.1175,75.7716,2025-11-01 02:24:00,Pending,Sec 379 IPC,Medium,93.7,Standard Monitoring
KSP/BEN/2026/01483,THEFT,Bengaluru City,Jayanagar,12.9741,77.5415,2026-05-25 12:35:00,Closed,Sec 379 IPC,Medium,97.5,Standard Monitoring
KSP/CHA/2025/01484,CrPC OFFENCES,Chamarajanagar,Gundlupet,11.9873,77.0144,2025-09-27 12:46:00,Pending,"Sec 107, 151 CrPC",Low,86.8,Standard Monitoring
KSP/CHA/2026/01485,MOTOR VEHICLE ACCIDENTS NON-FATAL,Chamarajanagar,Gundlupet,11.9775,76.916,2026-06-01 08:45:00,Pending,"Sec 279, 337 IPC",Medium,92.4,Standard Monitoring
KSP/MYS/2026/01486,HURT / ASSAULT,Mysuru,Lashkar PS,12.3009,76.6889,2026-01-28 16:36:00,Investigating,"Sec 323, 324, 504 IPC",High,87.0,High Risk Zone
KSP/DAV/2026/01487,KPA 1963 VIOLATIONS,Davanagere,Vidyanagar,14.3954,75.9767,2026-03-06 06:20:00,Investigating,"Sec 78, 87 KPA",Low,92.1,Standard Monitoring
KSP/BEL/2025/01488,KPA 1963 VIOLATIONS,Belagavi,Khade Bazar,15.8258,74.4543,2025-05-11 21:17:00,Solved,"Sec 78, 87 KPA",Low,91.9,Standard Monitoring
KSP/BEN/2026/01489,MISSING PERSON,Bengaluru City,Whitefield,13.0249,77.6167,2026-06-12 15:12:00,Pending,Sec 363 IPC,Medium,97.2,Standard Monitoring
KSP/BEN/2025/01490,ROBBERY / DACOITY,Bengaluru City,Cubbon Park,12.9281,77.5248,2025-03-19 13:47:00,Charge Sheeted,"Sec 392, 395 IPC",Critical,94.0,High Risk Zone
KSP/MAN/2025/01491,MOTOR VEHICLE ACCIDENTS NON-FATAL,Mangaluru,Surathkal,12.8996,74.779,2025-01-08 23:30:00,Solved,"Sec 279, 337 IPC",Medium,94.8,Standard Monitoring
KSP/HUB/2024/01492,MISSING PERSON,Hubballi-Dharwad,Vidyagiri,15.409,75.141,2024-02-15 16:14:00,Charge Sheeted,Sec 363 IPC,Medium,86.6,Standard Monitoring
KSP/BEN/2024/01493,HURT / ASSAULT,Bengaluru City,Jayanagar,12.9125,77.6588,2024-01-19 19:09:00,Investigating,"Sec 323, 324, 504 IPC",High,96.7,High Risk Zone
KSP/BEN/2024/01494,CYBER CRIME & FRAUD,Bengaluru City,Electronic City,12.9191,77.6669,2024-03-05 08:38:00,Solved,"Sec 66D IT Act, 420 IPC",High,96.4,High Risk Zone
KSP/HUB/2025/01495,CrPC OFFENCES,Hubballi-Dharwad,Gokul Road,15.3,75.1877,2025-03-30 08:27:00,Pending,"Sec 107, 151 CrPC",Low,96.8,Standard Monitoring
KSP/BEN/2024/01496,MOTOR VEHICLE ACCIDENTS NON-FATAL,Bengaluru City,Yelahanka,12.988,77.6208,2024-10-15 02:42:00,Pending,"Sec 279, 337 IPC",Medium,95.1,Standard Monitoring
KSP/MAN/2024/01497,HURT / ASSAULT,Mandya,Srirangapatna,12.5549,76.9457,2024-12-06 16:25:00,Charge Sheeted,"Sec 323, 324, 504 IPC",High,86.1,High Risk Zone
KSP/SHI/2025/01498,KPA 1963 VIOLATIONS,Shivamogga,Tunga Nagar,13.8941,75.5177,2025-02-16 03:58:00,Investigating,"Sec 78, 87 KPA",Low,89.6,Standard Monitoring
KSP/BEN/2024/01499,MOTOR VEHICLE ACCIDENTS NON-FATAL,Bengaluru City,Koramangala,13.0222,77.6499,2024-11-20 10:53:00,Solved,"Sec 279, 337 IPC",Medium,92.4,Standard Monitoring
KSP/KAL/2024/01500,HURT / ASSAULT,Kalaburagi,Ashok Nagar,17.3482,76.8838,2024-04-26 05:09:00,Closed,"Sec 323, 324, 504 IPC",High,93.7,High Risk Zone
KSP/BEN/2026/01501,THEFT,Bengaluru City,Electronic City,13.0217,77.593,2026-01-21 09:24:00,Pending,Sec 379 IPC,Medium,90.0,Standard Monitoring
KSP/BEL/2024/01502,BURGLARY / HOUSE BREAKING,Belagavi,Market PS,15.8907,74.589,2024-05-10 00:02:00,Closed,"Sec 454, 457, 380 IPC",High,97.9,High Risk Zone
KSP/KOL/2024/01503,CYBER CRIME & FRAUD,Kolar,Town PS,13.1141,78.1966,2024-04-03 16:01:00,Charge Sheeted,"Sec 66D IT Act, 420 IPC",High,89.0,High Risk Zone
KSP/MYS/2024/01504,CrPC OFFENCES,Mysuru,KRS Road,12.2657,76.6195,2024-09-24 09:59:00,Investigating,"Sec 107, 151 CrPC",Low,89.1,Standard Monitoring
KSP/BEN/2025/01505,MOTOR VEHICLE ACCIDENTS NON-FATAL,Bengaluru Dist,Devanahalli,13.0053,77.5499,2025-05-13 07:21:00,Solved,"Sec 279, 337 IPC",Medium,93.9,Standard Monitoring
KSP/MYS/2024/01506,CrPC OFFENCES,Mysuru,Lashkar PS,12.3818,76.7321,2024-04-12 06:14:00,Solved,"Sec 107, 151 CrPC",Low,92.8,Standard Monitoring
KSP/RAM/2026/01507,MISSING PERSON,Ramanagara,Ijoor PS,12.7848,77.3445,2026-05-18 13:40:00,Charge Sheeted,Sec 363 IPC,Medium,96.5,Standard Monitoring
KSP/VIJ/2024/01508,THEFT,Vijayapura,Gol Gumbaz PS,16.7717,75.7609,2024-12-09 20:40:00,Closed,Sec 379 IPC,Medium,93.1,Standard Monitoring
KSP/TUM/2025/01509,THEFT,Tumakuru,Gubbi,13.3748,77.0691,2025-02-21 19:43:00,Investigating,Sec 379 IPC,Medium,87.2,Standard Monitoring
KSP/MAN/2025/01510,BURGLARY / HOUSE BREAKING,Mangaluru,Urwa,12.9761,74.9071,2025-02-16 20:41:00,Pending,"Sec 454, 457, 380 IPC",High,93.2,High Risk Zone
KSP/BEL/2024/01511,CrPC OFFENCES,Belagavi,Market PS,15.9081,74.4582,2024-02-04 10:20:00,Solved,"Sec 107, 151 CrPC",Low,88.4,Standard Monitoring
KSP/BEN/2024/01512,BURGLARY / HOUSE BREAKING,Bengaluru City,Yelahanka,13.0489,77.5469,2024-02-23 19:59:00,Charge Sheeted,"Sec 454, 457, 380 IPC",High,96.8,High Risk Zone
KSP/RAM/2025/01513,ROBBERY / DACOITY,Ramanagara,Kanakapura,12.6951,77.3265,2025-11-11 11:31:00,Closed,"Sec 392, 395 IPC",Critical,94.4,High Risk Zone
KSP/BEN/2025/01514,MOTOR VEHICLE ACCIDENTS NON-FATAL,Bengaluru City,Whitefield,12.9561,77.5653,2025-05-22 11:51:00,Investigating,"Sec 279, 337 IPC",Medium,90.6,Standard Monitoring
KSP/MAN/2024/01515,HURT / ASSAULT,Mangaluru,Barkarke,12.9542,74.8267,2024-03-10 07:20:00,Charge Sheeted,"Sec 323, 324, 504 IPC",High,88.8,High Risk Zone
KSP/MAN/2024/01516,KPA 1963 VIOLATIONS,Mangaluru,Surathkal,12.9462,74.92,2024-04-15 04:51:00,Investigating,"Sec 78, 87 KPA",Low,91.5,Standard Monitoring
KSP/BAG/2025/01517,MOTOR VEHICLE ACCIDENTS NON-FATAL,Bagalkote,Ilkal,16.2492,75.7258,2025-01-21 03:42:00,Charge Sheeted,"Sec 279, 337 IPC",Medium,89.2,Standard Monitoring
KSP/YAD/2025/01518,KPA 1963 VIOLATIONS,Yadgir,Shorapur,16.6965,77.0806,2025-01-15 11:12:00,Solved,"Sec 78, 87 KPA",Low,92.9,Standard Monitoring
KSP/KOP/2024/01519,THEFT,Koppal,Gangavathi,15.3056,76.2035,2024-09-08 02:55:00,Charge Sheeted,Sec 379 IPC,Medium,95.1,Standard Monitoring
KSP/TUM/2024/01520,MISSING PERSON,Tumakuru,Kyatsandra,13.3862,77.0517,2024-05-24 06:38:00,Charge Sheeted,Sec 363 IPC,Medium,86.0,Standard Monitoring
KSP/MAN/2025/01521,CrPC OFFENCES,Mangaluru,Barkarke,12.8869,74.8449,2025-06-17 04:59:00,Closed,"Sec 107, 151 CrPC",Low,98.2,Standard Monitoring
KSP/TUM/2024/01522,THEFT,Tumakuru,Tiptur,13.2978,77.1648,2024-07-17 16:29:00,Closed,Sec 379 IPC,Medium,91.4,Standard Monitoring
KSP/RAM/2025/01523,MISSING PERSON,Ramanagara,Channapatna,12.6502,77.343,2025-02-23 10:03:00,Solved,Sec 363 IPC,Medium,93.2,Standard Monitoring
KSP/BEN/2025/01524,THEFT,Bengaluru Dist,Devanahalli,13.0634,77.547,2025-11-02 22:16:00,Solved,Sec 379 IPC,Medium,92.6,Standard Monitoring
KSP/BEN/2025/01525,MISSING PERSON,Bengaluru City,Cubbon Park,13.0423,77.5249,2025-09-19 20:52:00,Solved,Sec 363 IPC,Medium,96.1,Standard Monitoring
KSP/BEN/2025/01526,CrPC OFFENCES,Bengaluru City,Cubbon Park,12.9248,77.5932,2025-08-29 14:30:00,Investigating,"Sec 107, 151 CrPC",Low,97.4,Standard Monitoring
KSP/BEN/2024/01527,THEFT,Bengaluru City,Hebbal,12.9897,77.5238,2024-05-24 17:21:00,Pending,Sec 379 IPC,Medium,85.6,Standard Monitoring
KSP/DAV/2024/01528,MISSING PERSON,Davanagere,Harihar,14.436,75.8684,2024-08-29 20:56:00,Charge Sheeted,Sec 363 IPC,Medium,91.2,Standard Monitoring
KSP/BEN/2025/01529,HURT / ASSAULT,Bengaluru City,Jayanagar,12.9698,77.6191,2025-09-17 14:53:00,Closed,"Sec 323, 324, 504 IPC",High,91.9,High Risk Zone
KSP/BEN/2026/01530,THEFT,Bengaluru City,Indiranagar,12.9446,77.6547,2026-01-16 09:20:00,Closed,Sec 379 IPC,Medium,85.9,Standard Monitoring
KSP/TUM/2026/01531,MOTOR VEHICLE ACCIDENTS NON-FATAL,Tumakuru,Tiptur,13.2629,77.171,2026-05-02 19:04:00,Pending,"Sec 279, 337 IPC",Medium,92.1,Standard Monitoring
KSP/MYS/2024/01532,NARCOTICS (NDPS),Mysuru,Nazarbad,12.3487,76.6121,2024-07-19 08:05:00,Pending,"Sec 20(b), 22 NDPS Act",Critical,94.9,High Risk Zone
KSP/BEN/2025/01533,CrPC OFFENCES,Bengaluru City,Cubbon Park,12.9656,77.5195,2025-03-11 04:44:00,Charge Sheeted,"Sec 107, 151 CrPC",Low,97.8,Standard Monitoring
KSP/KAL/2024/01534,MISSING PERSON,Kalaburagi,University PS,17.276,76.7594,2024-07-15 22:40:00,Closed,Sec 363 IPC,Medium,87.4,Standard Monitoring
KSP/KAL/2024/01535,MOTOR VEHICLE ACCIDENTS NON-FATAL,Kalaburagi,Station Bazar,17.3666,76.8061,2024-06-06 09:01:00,Charge Sheeted,"Sec 279, 337 IPC",Medium,88.6,Standard Monitoring
KSP/MAN/2025/01536,THEFT,Mangaluru,Surathkal,12.9007,74.8066,2025-03-16 04:49:00,Investigating,Sec 379 IPC,Medium,95.3,Standard Monitoring
KSP/RAI/2025/01537,THEFT,Raichur,Sadabad,16.2716,77.3181,2025-04-08 05:42:00,Charge Sheeted,Sec 379 IPC,Medium,95.9,Standard Monitoring
KSP/UDU/2025/01538,MOTOR VEHICLE ACCIDENTS NON-FATAL,Udupi,Town PS,13.318,74.7231,2025-02-28 14:46:00,Pending,"Sec 279, 337 IPC",Medium,89.9,Standard Monitoring
KSP/HUB/2024/01539,HURT / ASSAULT,Hubballi-Dharwad,Vidyagiri,15.3059,75.0454,2024-06-24 09:34:00,Investigating,"Sec 323, 324, 504 IPC",High,86.8,High Risk Zone
KSP/KAL/2025/01540,CYBER CRIME & FRAUD,Kalaburagi,Station Bazar,17.3211,76.8292,2025-10-01 16:20:00,Pending,"Sec 66D IT Act, 420 IPC",High,87.9,High Risk Zone
KSP/HAS/2026/01541,THEFT,Hassan,Pension Mohalla,12.9972,76.1169,2026-07-13 00:39:00,Closed,Sec 379 IPC,Medium,96.6,Standard Monitoring
KSP/BEN/2024/01542,THEFT,Bengaluru City,Whitefield,13.0354,77.6377,2024-03-12 01:22:00,Solved,Sec 379 IPC,Medium,87.1,Standard Monitoring
KSP/CHI/2025/01543,HURT / ASSAULT,Chikkamagaluru,Tarikere,13.297,75.7969,2025-12-06 10:59:00,Investigating,"Sec 323, 324, 504 IPC",High,88.6,High Risk Zone
KSP/BEN/2024/01544,MOTOR VEHICLE ACCIDENTS NON-FATAL,Bengaluru City,Jayanagar,13.05,77.5301,2024-05-26 19:24:00,Solved,"Sec 279, 337 IPC",Medium,85.9,Standard Monitoring
KSP/HAS/2024/01545,CrPC OFFENCES,Hassan,Gorur,13.0318,76.1609,2024-08-31 22:15:00,Solved,"Sec 107, 151 CrPC",Low,98.4,Standard Monitoring
KSP/TUM/2026/01546,CrPC OFFENCES,Tumakuru,Sira,13.2698,77.0775,2026-06-27 23:38:00,Closed,"Sec 107, 151 CrPC",Low,89.4,Standard Monitoring
KSP/BEL/2025/01547,CrPC OFFENCES,Belagavi,Tilakwadi,15.7981,74.5046,2025-05-24 18:45:00,Charge Sheeted,"Sec 107, 151 CrPC",Low,91.0,Standard Monitoring
KSP/BEN/2026/01548,HURT / ASSAULT,Bengaluru City,Whitefield,12.9862,77.5395,2026-01-26 21:48:00,Closed,"Sec 323, 324, 504 IPC",High,90.9,High Risk Zone
KSP/MAN/2024/01549,CrPC OFFENCES,Mangaluru,Panambur,12.9205,74.8244,2024-01-22 02:18:00,Charge Sheeted,"Sec 107, 151 CrPC",Low,92.5,Standard Monitoring
KSP/CHA/2025/01550,MOTOR VEHICLE ACCIDENTS NON-FATAL,Chamarajanagar,Gundlupet,11.9671,76.9271,2025-03-26 21:51:00,Pending,"Sec 279, 337 IPC",Medium,90.6,Standard Monitoring
KSP/BEN/2026/01551,THEFT,Bengaluru City,Koramangala,12.9414,77.5493,2026-06-19 06:17:00,Solved,Sec 379 IPC,Medium,91.2,Standard Monitoring
KSP/HAV/2024/01552,CrPC OFFENCES,Haveri,Byadgi,14.7696,75.3234,2024-06-19 20:00:00,Pending,"Sec 107, 151 CrPC",Low,96.9,Standard Monitoring
KSP/HAS/2024/01553,THEFT,Hassan,City PS,13.0751,76.1279,2024-06-22 10:22:00,Investigating,Sec 379 IPC,Medium,88.0,Standard Monitoring
KSP/BAL/2024/01554,HURT / ASSAULT,Ballari,Hospet Town,15.0744,77.0031,2024-04-28 15:13:00,Solved,"Sec 323, 324, 504 IPC",High,96.9,High Risk Zone
KSP/KOL/2024/01555,THEFT,Kolar,Town PS,13.0585,78.2037,2024-10-29 14:11:00,Charge Sheeted,Sec 379 IPC,Medium,91.6,Standard Monitoring
KSP/BEN/2025/01556,MISSING PERSON,Bengaluru City,Yelahanka,12.8923,77.6652,2025-03-11 23:20:00,Investigating,Sec 363 IPC,Medium,92.4,Standard Monitoring
KSP/BEN/2024/01557,KPA 1963 VIOLATIONS,Bengaluru City,Jayanagar,12.9848,77.6351,2024-06-10 03:51:00,Charge Sheeted,"Sec 78, 87 KPA",Low,88.6,Standard Monitoring
KSP/DAV/2025/01558,CrPC OFFENCES,Davanagere,Vidyanagar,14.4561,75.9576,2025-07-24 16:08:00,Investigating,"Sec 107, 151 CrPC",Low,88.9,Standard Monitoring
KSP/KAL/2024/01559,ROBBERY / DACOITY,Kalaburagi,Ashok Nagar,17.3912,76.8319,2024-06-27 02:27:00,Investigating,"Sec 392, 395 IPC",Critical,96.4,High Risk Zone
KSP/BEN/2026/01560,THEFT,Bengaluru City,Electronic City,12.9629,77.6089,2026-03-01 01:04:00,Solved,Sec 379 IPC,Medium,93.8,Standard Monitoring
KSP/BEL/2025/01561,HURT / ASSAULT,Belagavi,Khade Bazar,15.7925,74.4743,2025-01-26 18:50:00,Solved,"Sec 323, 324, 504 IPC",High,93.9,High Risk Zone
KSP/HUB/2024/01562,BURGLARY / HOUSE BREAKING,Hubballi-Dharwad,Kamripeth,15.3121,75.0717,2024-09-30 11:51:00,Closed,"Sec 454, 457, 380 IPC",High,90.3,High Risk Zone
KSP/KAL/2025/01563,HURT / ASSAULT,Kalaburagi,Brahampur,17.3705,76.8476,2025-10-01 02:24:00,Solved,"Sec 323, 324, 504 IPC",High,89.4,High Risk Zone
KSP/HUB/2026/01564,THEFT,Hubballi-Dharwad,Dharwad Town,15.3995,75.1923,2026-06-20 00:25:00,Closed,Sec 379 IPC,Medium,90.1,Standard Monitoring
KSP/BEN/2025/01565,HURT / ASSAULT,Bengaluru City,Indiranagar,13.0351,77.5995,2025-03-03 23:51:00,Closed,"Sec 323, 324, 504 IPC",High,87.2,High Risk Zone
KSP/BEN/2025/01566,CrPC OFFENCES,Bengaluru Dist,Devanahalli,13.0254,77.6448,2025-03-28 18:19:00,Charge Sheeted,"Sec 107, 151 CrPC",Low,89.7,Standard Monitoring
KSP/BEN/2024/01567,CrPC OFFENCES,Bengaluru City,Cubbon Park,13.0065,77.6723,2024-04-03 16:32:00,Solved,"Sec 107, 151 CrPC",Low,86.8,Standard Monitoring
KSP/BEN/2024/01568,CrPC OFFENCES,Bengaluru Dist,Nelamangala,13.1463,77.6203,2024-04-16 10:27:00,Closed,"Sec 107, 151 CrPC",Low,90.5,Standard Monitoring
KSP/KAL/2024/01569,MISSING PERSON,Kalaburagi,University PS,17.3003,76.7923,2024-08-19 08:02:00,Charge Sheeted,Sec 363 IPC,Medium,95.6,Standard Monitoring
KSP/MYS/2024/01570,BURGLARY / HOUSE BREAKING,Mysuru,Devaraja PS,12.2803,76.6831,2024-08-01 14:07:00,Closed,"Sec 454, 457, 380 IPC",High,90.9,High Risk Zone
KSP/BEN/2024/01571,MISSING PERSON,Bengaluru City,Whitefield,12.908,77.5609,2024-05-24 13:54:00,Solved,Sec 363 IPC,Medium,92.6,Standard Monitoring
KSP/BAL/2026/01572,THEFT,Ballari,Gandhinagar,15.0731,76.9573,2026-06-17 11:21:00,Solved,Sec 379 IPC,Medium,95.9,Standard Monitoring
KSP/HUB/2024/01573,BURGLARY / HOUSE BREAKING,Hubballi-Dharwad,Dharwad Town,15.2984,75.0639,2024-05-16 15:21:00,Closed,"Sec 454, 457, 380 IPC",High,89.8,High Risk Zone
KSP/BEN/2025/01574,THEFT,Bengaluru City,Electronic City,12.9952,77.5542,2025-04-07 11:37:00,Closed,Sec 379 IPC,Medium,98.5,Standard Monitoring
KSP/SHI/2025/01575,THEFT,Shivamogga,Doddapet,13.8586,75.6181,2025-05-22 18:56:00,Closed,Sec 379 IPC,Medium,89.8,Standard Monitoring
KSP/BEN/2026/01576,MOTOR VEHICLE ACCIDENTS NON-FATAL,Bengaluru City,Hebbal,12.9695,77.598,2026-04-28 11:20:00,Pending,"Sec 279, 337 IPC",Medium,90.4,Standard Monitoring
KSP/BEN/2026/01577,NARCOTICS (NDPS),Bengaluru Dist,Hosakote,13.1575,77.5368,2026-02-09 19:13:00,Charge Sheeted,"Sec 20(b), 22 NDPS Act",Critical,87.3,High Risk Zone
KSP/MYS/2024/01578,THEFT,Mysuru,Nazarbad,12.3744,76.6003,2024-06-19 15:53:00,Solved,Sec 379 IPC,Medium,96.9,Standard Monitoring
KSP/MYS/2025/01579,MISSING PERSON,Mysuru,Nazarbad,12.3373,76.6407,2025-11-30 16:58:00,Solved,Sec 363 IPC,Medium,89.7,Standard Monitoring
KSP/BEN/2025/01580,THEFT,Bengaluru City,Yelahanka,12.9839,77.5318,2025-01-03 11:15:00,Closed,Sec 379 IPC,Medium,98.1,Standard Monitoring
KSP/BEN/2025/01581,MOTOR VEHICLE ACCIDENTS NON-FATAL,Bengaluru City,Yelahanka,12.9883,77.6632,2025-03-07 11:29:00,Pending,"Sec 279, 337 IPC",Medium,94.3,Standard Monitoring
KSP/BEN/2025/01582,MOTOR VEHICLE ACCIDENTS NON-FATAL,Bengaluru City,Whitefield,12.947,77.6048,2025-06-27 10:40:00,Charge Sheeted,"Sec 279, 337 IPC",Medium,94.5,Standard Monitoring
KSP/MAN/2026/01583,CrPC OFFENCES,Mangaluru,Panambur,12.9518,74.8773,2026-04-20 08:10:00,Charge Sheeted,"Sec 107, 151 CrPC",Low,94.2,Standard Monitoring
KSP/BEL/2024/01584,CrPC OFFENCES,Belagavi,Khade Bazar,15.8024,74.5792,2024-06-18 00:45:00,Solved,"Sec 107, 151 CrPC",Low,90.0,Standard Monitoring
KSP/BEN/2026/01585,THEFT,Bengaluru City,Cubbon Park,12.8952,77.5794,2026-04-20 03:15:00,Investigating,Sec 379 IPC,Medium,92.3,Standard Monitoring
KSP/BEN/2026/01586,CrPC OFFENCES,Bengaluru City,Electronic City,13.0007,77.5913,2026-07-03 23:42:00,Solved,"Sec 107, 151 CrPC",Low,98.3,Standard Monitoring
KSP/BEN/2026/01587,KPA 1963 VIOLATIONS,Bengaluru City,Jayanagar,12.968,77.665,2026-03-15 18:59:00,Solved,"Sec 78, 87 KPA",Low,89.7,Standard Monitoring
KSP/BEN/2025/01588,MOTOR VEHICLE ACCIDENTS NON-FATAL,Bengaluru City,Yelahanka,13.0503,77.6548,2025-03-30 03:14:00,Closed,"Sec 279, 337 IPC",Medium,88.3,Standard Monitoring
KSP/CHA/2024/01589,MISSING PERSON,Chamarajanagar,Town PS,11.8676,76.937,2024-11-15 05:40:00,Investigating,Sec 363 IPC,Medium,96.0,Standard Monitoring
KSP/DAV/2026/01590,CYBER CRIME & FRAUD,Davanagere,PJ Extension,14.433,75.867,2026-07-04 07:36:00,Solved,"Sec 66D IT Act, 420 IPC",High,95.1,High Risk Zone
KSP/YAD/2024/01591,MISSING PERSON,Yadgir,Town PS,16.8068,77.1313,2024-10-05 10:01:00,Investigating,Sec 363 IPC,Medium,95.4,Standard Monitoring
KSP/KOP/2026/01592,CrPC OFFENCES,Koppal,Gangavathi,15.2931,76.1161,2026-07-18 06:16:00,Investigating,"Sec 107, 151 CrPC",Low,87.0,Standard Monitoring
KSP/VIJ/2026/01593,MOTOR VEHICLE ACCIDENTS NON-FATAL,Vijayanagara,Harapanahalli,15.2197,76.4411,2026-01-13 23:09:00,Investigating,"Sec 279, 337 IPC",Medium,91.1,Standard Monitoring
KSP/BEN/2025/01594,MOTOR VEHICLE ACCIDENTS NON-FATAL,Bengaluru City,Electronic City,12.9674,77.516,2025-07-02 00:40:00,Solved,"Sec 279, 337 IPC",Medium,97.1,Standard Monitoring
KSP/BEL/2026/01595,CYBER CRIME & FRAUD,Belagavi,Market PS,15.9054,74.5153,2026-04-03 04:55:00,Charge Sheeted,"Sec 66D IT Act, 420 IPC",High,97.9,High Risk Zone
KSP/BAG/2026/01596,BURGLARY / HOUSE BREAKING,Bagalkote,Navanagar,16.1187,75.6869,2026-02-17 05:19:00,Closed,"Sec 454, 457, 380 IPC",High,96.5,High Risk Zone
KSP/CHI/2026/01597,BURGLARY / HOUSE BREAKING,Chitradurga,Kote PS,14.162,76.3945,2026-07-13 14:29:00,Charge Sheeted,"Sec 454, 457, 380 IPC",High,92.4,High Risk Zone
KSP/YAD/2024/01598,HURT / ASSAULT,Yadgir,Shahapur,16.6884,77.1475,2024-07-17 05:01:00,Charge Sheeted,"Sec 323, 324, 504 IPC",High,92.1,High Risk Zone
KSP/BEN/2025/01599,MISSING PERSON,Bengaluru City,Cubbon Park,12.9797,77.5177,2025-04-26 14:39:00,Pending,Sec 363 IPC,Medium,85.2,Standard Monitoring
KSP/BEN/2026/01600,CYBER CRIME & FRAUD,Bengaluru City,Hebbal,12.959,77.6338,2026-02-20 08:58:00,Closed,"Sec 66D IT Act, 420 IPC",High,85.1,High Risk Zone
KSP/HUB/2025/01601,KPA 1963 VIOLATIONS,Hubballi-Dharwad,Suburban PS,15.3688,75.14,2025-06-15 08:20:00,Closed,"Sec 78, 87 KPA",Low,89.1,Standard Monitoring
KSP/BEN/2024/01602,MOTOR VEHICLE ACCIDENTS NON-FATAL,Bengaluru City,Koramangala,12.9169,77.539,2024-10-11 02:50:00,Solved,"Sec 279, 337 IPC",Medium,86.5,Standard Monitoring
KSP/BEL/2025/01603,KPA 1963 VIOLATIONS,Belagavi,Khade Bazar,15.9287,74.4382,2025-05-24 00:11:00,Solved,"Sec 78, 87 KPA",Low,89.8,Standard Monitoring
KSP/BEN/2024/01604,THEFT,Bengaluru City,Whitefield,12.9399,77.5484,2024-11-30 22:07:00,Pending,Sec 379 IPC,Medium,86.2,Standard Monitoring
KSP/HAS/2024/01605,BURGLARY / HOUSE BREAKING,Hassan,City PS,13.085,76.0454,2024-02-04 18:38:00,Investigating,"Sec 454, 457, 380 IPC",High,93.5,High Risk Zone
KSP/SHI/2025/01606,MOTOR VEHICLE ACCIDENTS NON-FATAL,Shivamogga,Tunga Nagar,13.9639,75.6467,2025-01-08 11:09:00,Charge Sheeted,"Sec 279, 337 IPC",Medium,93.5,Standard Monitoring
KSP/BAG/2024/01607,THEFT,Bagalkote,Town PS,16.1942,75.756,2024-07-22 12:34:00,Solved,Sec 379 IPC,Medium,86.7,Standard Monitoring
KSP/CHI/2025/01608,CrPC OFFENCES,Chikkaballapura,Chintamani,13.4716,77.77,2025-07-13 13:43:00,Solved,"Sec 107, 151 CrPC",Low,87.2,Standard Monitoring
KSP/TUM/2025/01609,THEFT,Tumakuru,Kyatsandra,13.4064,77.1517,2025-01-16 01:34:00,Pending,Sec 379 IPC,Medium,96.3,Standard Monitoring
KSP/MYS/2026/01610,CrPC OFFENCES,Mysuru,KRS Road,12.3136,76.6027,2026-04-20 14:12:00,Investigating,"Sec 107, 151 CrPC",Low,90.9,Standard Monitoring
KSP/BEN/2025/01611,THEFT,Bengaluru City,Whitefield,13.0007,77.6736,2025-11-29 13:17:00,Closed,Sec 379 IPC,Medium,87.7,Standard Monitoring
KSP/RAI/2025/01612,MOTOR VEHICLE ACCIDENTS NON-FATAL,Raichur,Market PS,16.2235,77.3802,2025-08-14 15:47:00,Charge Sheeted,"Sec 279, 337 IPC",Medium,97.6,Standard Monitoring
KSP/DAV/2024/01613,HURT / ASSAULT,Davanagere,PJ Extension,14.442,75.941,2024-08-11 18:41:00,Charge Sheeted,"Sec 323, 324, 504 IPC",High,85.3,High Risk Zone
KSP/BEN/2025/01614,BURGLARY / HOUSE BREAKING,Bengaluru City,Indiranagar,13.0246,77.5826,2025-01-27 09:14:00,Pending,"Sec 454, 457, 380 IPC",High,98.4,High Risk Zone
KSP/BEL/2026/01615,CYBER CRIME & FRAUD,Belagavi,Gokak,15.8237,74.5338,2026-03-20 08:42:00,Closed,"Sec 66D IT Act, 420 IPC",High,85.6,High Risk Zone
KSP/BEN/2026/01616,MISSING PERSON,Bengaluru City,Electronic City,12.9121,77.5968,2026-05-21 07:58:00,Pending,Sec 363 IPC,Medium,93.5,Standard Monitoring
KSP/DAV/2025/01617,CYBER CRIME & FRAUD,Davanagere,Vidyanagar,14.4886,75.8889,2025-06-19 18:08:00,Closed,"Sec 66D IT Act, 420 IPC",High,94.0,High Risk Zone
KSP/DAV/2025/01618,KPA 1963 VIOLATIONS,Davanagere,Harihar,14.4582,75.9196,2025-05-04 17:45:00,Closed,"Sec 78, 87 KPA",Low,92.6,Standard Monitoring
KSP/BEN/2025/01619,HURT / ASSAULT,Bengaluru City,Electronic City,13.0342,77.6314,2025-08-10 18:40:00,Closed,"Sec 323, 324, 504 IPC",High,97.0,High Risk Zone
KSP/MAN/2024/01620,THEFT,Mangaluru,Barkarke,12.8742,74.8197,2024-02-06 01:12:00,Solved,Sec 379 IPC,Medium,96.4,Standard Monitoring
KSP/BEN/2025/01621,ROBBERY / DACOITY,Bengaluru Dist,Doddaballapura,13.0236,77.593,2025-09-13 16:49:00,Charge Sheeted,"Sec 392, 395 IPC",Critical,92.0,High Risk Zone
KSP/BEN/2024/01622,ROBBERY / DACOITY,Bengaluru City,Yelahanka,12.9188,77.5466,2024-04-16 07:10:00,Pending,"Sec 392, 395 IPC",Critical,89.6,High Risk Zone
KSP/TUM/2026/01623,MISSING PERSON,Tumakuru,Tiptur,13.2892,77.1573,2026-02-25 03:39:00,Closed,Sec 363 IPC,Medium,87.7,Standard Monitoring
KSP/BEN/2025/01624,KPA 1963 VIOLATIONS,Bengaluru City,Electronic City,12.95,77.5254,2025-04-05 06:01:00,Charge Sheeted,"Sec 78, 87 KPA",Low,94.1,Standard Monitoring
KSP/MYS/2025/01625,HURT / ASSAULT,Mysuru,Lashkar PS,12.2833,76.7206,2025-05-29 00:27:00,Closed,"Sec 323, 324, 504 IPC",High,85.5,High Risk Zone
KSP/UTT/2025/01626,MOTOR VEHICLE ACCIDENTS NON-FATAL,Uttara Kannada,Karwar Town,14.7814,74.1192,2025-08-24 19:22:00,Solved,"Sec 279, 337 IPC",Medium,87.1,Standard Monitoring
KSP/MAN/2026/01627,CrPC OFFENCES,Mangaluru,Urwa,12.9147,74.8925,2026-03-16 11:13:00,Closed,"Sec 107, 151 CrPC",Low,94.1,Standard Monitoring
KSP/KAL/2024/01628,ROBBERY / DACOITY,Kalaburagi,Ashok Nagar,17.3683,76.7982,2024-05-29 13:49:00,Charge Sheeted,"Sec 392, 395 IPC",Critical,86.7,High Risk Zone
KSP/BEN/2026/01629,THEFT,Bengaluru Dist,Hosakote,13.0289,77.6636,2026-01-26 21:21:00,Investigating,Sec 379 IPC,Medium,98.1,Standard Monitoring
KSP/VIJ/2024/01630,KPA 1963 VIOLATIONS,Vijayapura,Gol Gumbaz PS,16.8188,75.7619,2024-02-16 20:17:00,Pending,"Sec 78, 87 KPA",Low,97.6,Standard Monitoring
KSP/HUB/2025/01631,MOTOR VEHICLE ACCIDENTS NON-FATAL,Hubballi-Dharwad,Dharwad Town,15.2924,75.1081,2025-04-27 18:46:00,Solved,"Sec 279, 337 IPC",Medium,95.9,Standard Monitoring
KSP/BEN/2025/01632,THEFT,Bengaluru City,Koramangala,12.9674,77.537,2025-05-15 16:35:00,Solved,Sec 379 IPC,Medium,93.9,Standard Monitoring
KSP/BEN/2025/01633,CYBER CRIME & FRAUD,Bengaluru City,Koramangala,12.8926,77.6102,2025-02-27 02:02:00,Investigating,"Sec 66D IT Act, 420 IPC",High,88.2,High Risk Zone
KSP/BEL/2025/01634,KPA 1963 VIOLATIONS,Belagavi,Gokak,15.797,74.5767,2025-01-07 19:15:00,Pending,"Sec 78, 87 KPA",Low,89.9,Standard Monitoring
KSP/BEN/2025/01635,THEFT,Bengaluru City,Hebbal,13.0367,77.5813,2025-03-19 00:39:00,Charge Sheeted,Sec 379 IPC,Medium,96.2,Standard Monitoring
KSP/BEN/2026/01636,THEFT,Bengaluru City,Yelahanka,12.9913,77.5301,2026-03-28 00:56:00,Pending,Sec 379 IPC,Medium,89.8,Standard Monitoring
KSP/TUM/2024/01637,MISSING PERSON,Tumakuru,Town PS,13.3284,77.12,2024-10-28 23:58:00,Solved,Sec 363 IPC,Medium,97.9,Standard Monitoring
KSP/HUB/2025/01638,CYBER CRIME & FRAUD,Hubballi-Dharwad,Vidyagiri,15.4217,75.1781,2025-10-07 18:27:00,Closed,"Sec 66D IT Act, 420 IPC",High,87.5,High Risk Zone
KSP/HUB/2025/01639,CYBER CRIME & FRAUD,Hubballi-Dharwad,Suburban PS,15.3633,75.1026,2025-12-31 09:48:00,Pending,"Sec 66D IT Act, 420 IPC",High,90.5,High Risk Zone
KSP/BEN/2025/01640,THEFT,Bengaluru City,Cubbon Park,12.9157,77.5209,2025-04-04 07:44:00,Charge Sheeted,Sec 379 IPC,Medium,91.6,Standard Monitoring
KSP/UDU/2024/01641,BURGLARY / HOUSE BREAKING,Udupi,Kundapura,13.2919,74.7658,2024-09-13 05:53:00,Charge Sheeted,"Sec 454, 457, 380 IPC",High,95.1,High Risk Zone
KSP/BEN/2025/01642,KPA 1963 VIOLATIONS,Bengaluru City,Hebbal,13.0374,77.5332,2025-02-22 19:46:00,Pending,"Sec 78, 87 KPA",Low,96.9,Standard Monitoring
KSP/BEN/2025/01643,CrPC OFFENCES,Bengaluru City,Hebbal,12.9556,77.6366,2025-12-25 07:55:00,Investigating,"Sec 107, 151 CrPC",Low,86.5,Standard Monitoring
KSP/KOL/2025/01644,MISSING PERSON,Kolar,Robertsonpet,13.0947,78.0999,2025-08-16 19:14:00,Pending,Sec 363 IPC,Medium,90.7,Standard Monitoring
KSP/BEN/2024/01645,HURT / ASSAULT,Bengaluru Dist,Devanahalli,13.1134,77.508,2024-01-19 01:51:00,Solved,"Sec 323, 324, 504 IPC",High,91.4,High Risk Zone
KSP/TUM/2025/01646,THEFT,Tumakuru,Kyatsandra,13.3794,77.126,2025-10-31 20:19:00,Charge Sheeted,Sec 379 IPC,Medium,92.8,Standard Monitoring
KSP/BEN/2024/01647,ROBBERY / DACOITY,Bengaluru Dist,Devanahalli,13.0392,77.6206,2024-09-22 07:00:00,Closed,"Sec 392, 395 IPC",Critical,93.1,High Risk Zone
KSP/BEN/2025/01648,MISSING PERSON,Bengaluru Dist,Nelamangala,13.1522,77.5617,2025-07-25 06:27:00,Solved,Sec 363 IPC,Medium,91.9,Standard Monitoring
KSP/KOP/2025/01649,MOTOR VEHICLE ACCIDENTS NON-FATAL,Koppal,Gangavathi,15.3234,76.1698,2025-08-12 00:08:00,Solved,"Sec 279, 337 IPC",Medium,85.9,Standard Monitoring
KSP/MYS/2025/01650,KPA 1963 VIOLATIONS,Mysuru,Lashkar PS,12.2725,76.6464,2025-03-19 09:24:00,Pending,"Sec 78, 87 KPA",Low,88.5,Standard Monitoring
KSP/BEN/2024/01651,ROBBERY / DACOITY,Bengaluru City,Jayanagar,12.9894,77.5883,2024-02-14 06:46:00,Investigating,"Sec 392, 395 IPC",Critical,85.9,High Risk Zone
KSP/BEN/2024/01652,BURGLARY / HOUSE BREAKING,Bengaluru City,Hebbal,12.9843,77.5912,2024-08-05 20:30:00,Solved,"Sec 454, 457, 380 IPC",High,92.4,High Risk Zone
KSP/DAV/2025/01653,THEFT,Davanagere,PJ Extension,14.4102,75.9337,2025-11-09 20:34:00,Pending,Sec 379 IPC,Medium,87.6,Standard Monitoring
KSP/BEN/2024/01654,BURGLARY / HOUSE BREAKING,Bengaluru City,Jayanagar,12.8931,77.5559,2024-02-25 02:06:00,Closed,"Sec 454, 457, 380 IPC",High,91.5,High Risk Zone
KSP/VIJ/2026/01655,THEFT,Vijayanagara,Kudligi,15.2088,76.3401,2026-01-09 15:18:00,Investigating,Sec 379 IPC,Medium,96.2,Standard Monitoring
KSP/DAV/2026/01656,MOTOR VEHICLE ACCIDENTS NON-FATAL,Davanagere,PJ Extension,14.4165,75.9259,2026-06-02 20:52:00,Investigating,"Sec 279, 337 IPC",Medium,86.7,Standard Monitoring
KSP/BEN/2024/01657,THEFT,Bengaluru City,Indiranagar,12.9741,77.6117,2024-11-23 11:34:00,Closed,Sec 379 IPC,Medium,92.5,Standard Monitoring
KSP/BEN/2026/01658,MOTOR VEHICLE ACCIDENTS NON-FATAL,Bengaluru Dist,Hosakote,13.1121,77.5509,2026-03-15 22:19:00,Solved,"Sec 279, 337 IPC",Medium,89.0,Standard Monitoring
KSP/BEN/2024/01659,MOTOR VEHICLE ACCIDENTS NON-FATAL,Bengaluru City,Koramangala,12.9595,77.6243,2024-11-26 22:08:00,Investigating,"Sec 279, 337 IPC",Medium,94.9,Standard Monitoring
KSP/BEN/2026/01660,MOTOR VEHICLE ACCIDENTS NON-FATAL,Bengaluru City,Indiranagar,13.0044,77.6382,2026-02-23 13:57:00,Charge Sheeted,"Sec 279, 337 IPC",Medium,98.5,Standard Monitoring
KSP/SHI/2025/01661,MOTOR VEHICLE ACCIDENTS NON-FATAL,Shivamogga,Tunga Nagar,13.9624,75.5612,2025-08-24 21:16:00,Closed,"Sec 279, 337 IPC",Medium,94.1,Standard Monitoring
KSP/BEN/2024/01662,MISSING PERSON,Bengaluru City,Koramangala,12.9604,77.6124,2024-08-22 01:05:00,Pending,Sec 363 IPC,Medium,92.5,Standard Monitoring
KSP/BEN/2024/01663,CrPC OFFENCES,Bengaluru City,Koramangala,12.9484,77.6369,2024-04-04 18:12:00,Investigating,"Sec 107, 151 CrPC",Low,97.3,Standard Monitoring
KSP/BEN/2025/01664,HURT / ASSAULT,Bengaluru City,Jayanagar,12.991,77.6301,2025-10-18 13:46:00,Solved,"Sec 323, 324, 504 IPC",High,91.0,High Risk Zone
KSP/MAN/2024/01665,MOTOR VEHICLE ACCIDENTS NON-FATAL,Mangaluru,Panambur,12.9577,74.7781,2024-10-22 15:11:00,Pending,"Sec 279, 337 IPC",Medium,90.9,Standard Monitoring
KSP/KOD/2024/01666,MOTOR VEHICLE ACCIDENTS NON-FATAL,Kodagu,Gonikoppal,12.4778,75.7029,2024-07-05 22:27:00,Solved,"Sec 279, 337 IPC",Medium,89.8,Standard Monitoring
KSP/TUM/2025/01667,THEFT,Tumakuru,Tiptur,13.3129,77.1636,2025-04-07 05:48:00,Charge Sheeted,Sec 379 IPC,Medium,86.5,Standard Monitoring
KSP/BAL/2026/01668,MOTOR VEHICLE ACCIDENTS NON-FATAL,Ballari,Brucepet,15.1601,76.9299,2026-06-25 15:52:00,Pending,"Sec 279, 337 IPC",Medium,88.1,Standard Monitoring
KSP/BEN/2025/01669,THEFT,Bengaluru City,Indiranagar,12.9428,77.6515,2025-05-13 00:32:00,Closed,Sec 379 IPC,Medium,98.2,Standard Monitoring
KSP/MYS/2024/01670,CYBER CRIME & FRAUD,Mysuru,KRS Road,12.3519,76.6034,2024-10-10 22:20:00,Pending,"Sec 66D IT Act, 420 IPC",High,92.5,High Risk Zone
KSP/KAL/2024/01671,MISSING PERSON,Kalaburagi,Brahampur,17.3488,76.7668,2024-01-04 03:03:00,Charge Sheeted,Sec 363 IPC,Medium,98.1,Standard Monitoring
KSP/VIJ/2026/01672,HURT / ASSAULT,Vijayapura,Indi,16.9071,75.7578,2026-05-17 03:21:00,Closed,"Sec 323, 324, 504 IPC",High,92.8,High Risk Zone
KSP/BEN/2024/01673,MISSING PERSON,Bengaluru City,Koramangala,12.9663,77.5651,2024-07-17 05:55:00,Pending,Sec 363 IPC,Medium,91.1,Standard Monitoring
KSP/BEN/2024/01674,ROBBERY / DACOITY,Bengaluru City,Whitefield,12.9611,77.542,2024-07-12 01:47:00,Charge Sheeted,"Sec 392, 395 IPC",Critical,86.3,High Risk Zone
KSP/SHI/2024/01675,MISSING PERSON,Shivamogga,Doddapet,13.9482,75.5029,2024-08-07 21:15:00,Charge Sheeted,Sec 363 IPC,Medium,92.5,Standard Monitoring
KSP/BEN/2024/01676,MOTOR VEHICLE ACCIDENTS NON-FATAL,Bengaluru Dist,Devanahalli,13.0996,77.5492,2024-09-14 18:15:00,Closed,"Sec 279, 337 IPC",Medium,94.2,Standard Monitoring
KSP/UDU/2024/01677,CrPC OFFENCES,Udupi,Manipal,13.3372,74.8008,2024-04-23 14:28:00,Charge Sheeted,"Sec 107, 151 CrPC",Low,88.8,Standard Monitoring
KSP/BEN/2024/01678,MOTOR VEHICLE ACCIDENTS NON-FATAL,Bengaluru City,Whitefield,12.9563,77.5919,2024-12-26 02:53:00,Investigating,"Sec 279, 337 IPC",Medium,92.8,Standard Monitoring
KSP/BEN/2026/01679,HURT / ASSAULT,Bengaluru Dist,Devanahalli,13.1599,77.535,2026-07-15 10:12:00,Closed,"Sec 323, 324, 504 IPC",High,89.5,High Risk Zone
KSP/BEN/2025/01680,THEFT,Bengaluru City,Electronic City,13.0108,77.5695,2025-04-07 08:55:00,Solved,Sec 379 IPC,Medium,90.2,Standard Monitoring
KSP/BEN/2024/01681,CYBER CRIME & FRAUD,Bengaluru City,Electronic City,12.9929,77.555,2024-01-15 13:52:00,Solved,"Sec 66D IT Act, 420 IPC",High,97.2,High Risk Zone
KSP/BEN/2025/01682,KPA 1963 VIOLATIONS,Bengaluru City,Whitefield,12.9597,77.6746,2025-05-13 01:04:00,Pending,"Sec 78, 87 KPA",Low,96.5,Standard Monitoring
KSP/BEN/2024/01683,CrPC OFFENCES,Bengaluru City,Yelahanka,13.0402,77.5322,2024-01-13 09:51:00,Solved,"Sec 107, 151 CrPC",Low,93.6,Standard Monitoring
KSP/BEN/2026/01684,CrPC OFFENCES,Bengaluru City,Indiranagar,13.024,77.6567,2026-03-10 21:10:00,Solved,"Sec 107, 151 CrPC",Low,85.5,Standard Monitoring
KSP/MYS/2026/01685,KPA 1963 VIOLATIONS,Mysuru,KRS Road,12.383,76.7275,2026-04-07 20:45:00,Closed,"Sec 78, 87 KPA",Low,94.8,Standard Monitoring
KSP/UDU/2026/01686,MISSING PERSON,Udupi,Kundapura,13.3577,74.8024,2026-01-07 10:19:00,Pending,Sec 363 IPC,Medium,87.9,Standard Monitoring
KSP/HAV/2025/01687,CrPC OFFENCES,Haveri,Byadgi,14.8362,75.3378,2025-08-22 00:48:00,Solved,"Sec 107, 151 CrPC",Low,97.4,Standard Monitoring
KSP/BEN/2024/01688,HURT / ASSAULT,Bengaluru City,Koramangala,13.0297,77.636,2024-08-30 20:56:00,Pending,"Sec 323, 324, 504 IPC",High,86.7,High Risk Zone
KSP/KAL/2026/01689,THEFT,Kalaburagi,Brahampur,17.3803,76.8426,2026-01-02 21:20:00,Charge Sheeted,Sec 379 IPC,Medium,94.3,Standard Monitoring
KSP/BEN/2024/01690,HURT / ASSAULT,Bengaluru City,Whitefield,13.0177,77.5366,2024-09-23 12:21:00,Solved,"Sec 323, 324, 504 IPC",High,94.0,High Risk Zone
KSP/TUM/2024/01691,THEFT,Tumakuru,Gubbi,13.2703,77.1549,2024-01-19 11:36:00,Solved,Sec 379 IPC,Medium,94.9,Standard Monitoring
KSP/BAL/2025/01692,CrPC OFFENCES,Ballari,Brucepet,15.1453,76.8995,2025-01-18 13:45:00,Investigating,"Sec 107, 151 CrPC",Low,89.6,Standard Monitoring
KSP/BEL/2025/01693,CYBER CRIME & FRAUD,Belagavi,Gokak,15.9094,74.4855,2025-04-10 09:30:00,Charge Sheeted,"Sec 66D IT Act, 420 IPC",High,97.6,High Risk Zone
KSP/SHI/2024/01694,THEFT,Shivamogga,Doddapet,14.0105,75.6327,2024-05-20 01:00:00,Pending,Sec 379 IPC,Medium,87.2,Standard Monitoring
KSP/BEN/2024/01695,CrPC OFFENCES,Bengaluru City,Jayanagar,12.9196,77.6245,2024-11-21 08:40:00,Charge Sheeted,"Sec 107, 151 CrPC",Low,97.5,Standard Monitoring
KSP/HUB/2025/01696,MOTOR VEHICLE ACCIDENTS NON-FATAL,Hubballi-Dharwad,Dharwad Town,15.3357,75.0585,2025-12-20 23:23:00,Solved,"Sec 279, 337 IPC",Medium,90.3,Standard Monitoring
KSP/BEN/2025/01697,MOTOR VEHICLE ACCIDENTS NON-FATAL,Bengaluru City,Cubbon Park,12.9322,77.5432,2025-08-25 02:43:00,Charge Sheeted,"Sec 279, 337 IPC",Medium,90.3,Standard Monitoring
KSP/BEN/2026/01698,ROBBERY / DACOITY,Bengaluru City,Yelahanka,12.9045,77.5326,2026-01-05 17:15:00,Charge Sheeted,"Sec 392, 395 IPC",Critical,95.0,High Risk Zone
KSP/MYS/2025/01699,THEFT,Mysuru,Devaraja PS,12.3452,76.7306,2025-11-30 13:59:00,Investigating,Sec 379 IPC,Medium,91.4,Standard Monitoring
KSP/SHI/2026/01700,HURT / ASSAULT,Shivamogga,Doddapet,13.9762,75.5582,2026-06-15 00:11:00,Closed,"Sec 323, 324, 504 IPC",High,91.3,High Risk Zone
KSP/MYS/2025/01701,CrPC OFFENCES,Mysuru,Lashkar PS,12.3252,76.5792,2025-01-13 01:19:00,Closed,"Sec 107, 151 CrPC",Low,97.3,Standard Monitoring
KSP/TUM/2025/01702,MOTOR VEHICLE ACCIDENTS NON-FATAL,Tumakuru,Tiptur,13.2841,77.0335,2025-05-01 07:42:00,Solved,"Sec 279, 337 IPC",Medium,95.3,Standard Monitoring
KSP/TUM/2024/01703,CrPC OFFENCES,Tumakuru,Town PS,13.3104,77.1484,2024-06-19 15:15:00,Investigating,"Sec 107, 151 CrPC",Low,87.1,Standard Monitoring
KSP/BEL/2025/01704,MOTOR VEHICLE ACCIDENTS NON-FATAL,Belagavi,Gokak,15.7746,74.5156,2025-06-03 11:03:00,Closed,"Sec 279, 337 IPC",Medium,89.5,Standard Monitoring
KSP/TUM/2026/01705,THEFT,Tumakuru,Gubbi,13.3334,77.0216,2026-04-27 14:40:00,Pending,Sec 379 IPC,Medium,96.9,Standard Monitoring
KSP/KAL/2026/01706,CYBER CRIME & FRAUD,Kalaburagi,University PS,17.2591,76.8073,2026-04-12 17:54:00,Pending,"Sec 66D IT Act, 420 IPC",High,87.6,High Risk Zone
KSP/KOL/2025/01707,MISSING PERSON,Kolar,Bangarapet,13.102,78.0758,2025-11-30 02:48:00,Closed,Sec 363 IPC,Medium,95.7,Standard Monitoring
KSP/CHA/2025/01708,THEFT,Chamarajanagar,Town PS,11.9345,76.9046,2025-04-03 04:46:00,Closed,Sec 379 IPC,Medium,85.4,Standard Monitoring
KSP/BEN/2024/01709,BURGLARY / HOUSE BREAKING,Bengaluru City,Indiranagar,13.0268,77.5387,2024-09-27 06:20:00,Charge Sheeted,"Sec 454, 457, 380 IPC",High,88.9,High Risk Zone
KSP/MYS/2025/01710,CrPC OFFENCES,Mysuru,Lashkar PS,12.3309,76.5765,2025-09-20 14:22:00,Charge Sheeted,"Sec 107, 151 CrPC",Low,91.3,Standard Monitoring
KSP/BEN/2026/01711,CrPC OFFENCES,Bengaluru City,Jayanagar,12.9033,77.6037,2026-07-14 17:38:00,Closed,"Sec 107, 151 CrPC",Low,92.4,Standard Monitoring
KSP/CHI/2025/01712,MOTOR VEHICLE ACCIDENTS NON-FATAL,Chikkamagaluru,Kadur,13.3214,75.807,2025-08-17 04:24:00,Charge Sheeted,"Sec 279, 337 IPC",Medium,96.6,Standard Monitoring
KSP/BAG/2025/01713,HURT / ASSAULT,Bagalkote,Ilkal,16.1709,75.7427,2025-05-18 11:11:00,Investigating,"Sec 323, 324, 504 IPC",High,97.6,High Risk Zone
KSP/HAV/2025/01714,MOTOR VEHICLE ACCIDENTS NON-FATAL,Haveri,Town PS,14.7508,75.3392,2025-11-14 16:26:00,Closed,"Sec 279, 337 IPC",Medium,87.6,Standard Monitoring
KSP/BEN/2025/01715,BURGLARY / HOUSE BREAKING,Bengaluru City,Cubbon Park,12.9672,77.5901,2025-02-09 23:43:00,Charge Sheeted,"Sec 454, 457, 380 IPC",High,89.1,High Risk Zone
KSP/BEN/2026/01716,MOTOR VEHICLE ACCIDENTS NON-FATAL,Bengaluru City,Electronic City,13.0381,77.5822,2026-02-02 09:45:00,Investigating,"Sec 279, 337 IPC",Medium,98.2,Standard Monitoring
KSP/BEN/2024/01717,KPA 1963 VIOLATIONS,Bengaluru City,Whitefield,12.914,77.6241,2024-12-21 06:43:00,Closed,"Sec 78, 87 KPA",Low,86.0,Standard Monitoring
KSP/BEN/2024/01718,MOTOR VEHICLE ACCIDENTS NON-FATAL,Bengaluru City,Yelahanka,12.9447,77.6573,2024-01-11 21:23:00,Solved,"Sec 279, 337 IPC",Medium,85.6,Standard Monitoring
KSP/BEN/2025/01719,MOTOR VEHICLE ACCIDENTS NON-FATAL,Bengaluru City,Indiranagar,12.9024,77.5302,2025-05-19 04:59:00,Pending,"Sec 279, 337 IPC",Medium,91.1,Standard Monitoring
KSP/HAV/2025/01720,ROBBERY / DACOITY,Haveri,Ranebennur,14.875,75.4335,2025-07-13 23:06:00,Investigating,"Sec 392, 395 IPC",Critical,95.0,High Risk Zone
KSP/CHI/2025/01721,KPA 1963 VIOLATIONS,Chikkaballapura,Gauribidanur,13.4109,77.661,2025-11-27 02:44:00,Charge Sheeted,"Sec 78, 87 KPA",Low,93.3,Standard Monitoring
KSP/HUB/2026/01722,BURGLARY / HOUSE BREAKING,Hubballi-Dharwad,Vidyagiri,15.3198,75.1945,2026-05-01 05:44:00,Investigating,"Sec 454, 457, 380 IPC",High,86.5,High Risk Zone
KSP/HUB/2025/01723,HURT / ASSAULT,Hubballi-Dharwad,Dharwad Town,15.3362,75.0662,2025-03-27 17:36:00,Solved,"Sec 323, 324, 504 IPC",High,94.8,High Risk Zone
KSP/CHI/2025/01724,HURT / ASSAULT,Chikkamagaluru,Town PS,13.3736,75.8004,2025-07-03 06:35:00,Closed,"Sec 323, 324, 504 IPC",High,91.4,High Risk Zone
KSP/TUM/2025/01725,THEFT,Tumakuru,Kyatsandra,13.2631,77.1073,2025-05-23 02:23:00,Closed,Sec 379 IPC,Medium,88.6,Standard Monitoring
KSP/CHI/2024/01726,THEFT,Chikkaballapura,Gauribidanur,13.3682,77.769,2024-06-19 11:27:00,Investigating,Sec 379 IPC,Medium,92.7,Standard Monitoring
KSP/BEN/2026/01727,MOTOR VEHICLE ACCIDENTS NON-FATAL,Bengaluru City,Jayanagar,13.0144,77.5589,2026-05-13 19:23:00,Solved,"Sec 279, 337 IPC",Medium,93.9,Standard Monitoring
KSP/MAN/2026/01728,THEFT,Mangaluru,Panambur,12.8557,74.8716,2026-06-12 04:47:00,Solved,Sec 379 IPC,Medium,87.3,Standard Monitoring
KSP/BID/2024/01729,BURGLARY / HOUSE BREAKING,Bidar,Basavakalyan,17.8692,77.5502,2024-06-22 08:21:00,Charge Sheeted,"Sec 454, 457, 380 IPC",High,94.5,High Risk Zone
KSP/BEN/2025/01730,CrPC OFFENCES,Bengaluru Dist,Doddaballapura,13.0336,77.5275,2025-07-19 16:33:00,Solved,"Sec 107, 151 CrPC",Low,90.2,Standard Monitoring
KSP/BID/2025/01731,CrPC OFFENCES,Bidar,Gandhi Gunj,17.9294,77.4724,2025-04-18 05:51:00,Pending,"Sec 107, 151 CrPC",Low,98.0,Standard Monitoring
KSP/MYS/2026/01732,CrPC OFFENCES,Mysuru,Lashkar PS,12.3117,76.6101,2026-03-24 05:57:00,Investigating,"Sec 107, 151 CrPC",Low,88.5,Standard Monitoring
KSP/CHI/2024/01733,THEFT,Chikkamagaluru,Kadur,13.2743,75.8362,2024-10-28 15:14:00,Investigating,Sec 379 IPC,Medium,89.3,Standard Monitoring
KSP/KOL/2024/01734,MISSING PERSON,Kolar,Gulpet,13.1613,78.1135,2024-05-03 21:34:00,Closed,Sec 363 IPC,Medium,94.8,Standard Monitoring
KSP/HAS/2025/01735,KPA 1963 VIOLATIONS,Hassan,Arsikere,12.931,76.0553,2025-05-01 20:13:00,Pending,"Sec 78, 87 KPA",Low,85.4,Standard Monitoring
KSP/BEL/2025/01736,ROBBERY / DACOITY,Belagavi,Camp PS,15.7882,74.4663,2025-10-03 06:29:00,Pending,"Sec 392, 395 IPC",Critical,88.2,High Risk Zone
KSP/MAN/2024/01737,THEFT,Mangaluru,Surathkal,12.8367,74.864,2024-12-06 13:47:00,Charge Sheeted,Sec 379 IPC,Medium,85.9,Standard Monitoring
KSP/HUB/2024/01738,CrPC OFFENCES,Hubballi-Dharwad,Gokul Road,15.289,75.0909,2024-11-17 21:59:00,Solved,"Sec 107, 151 CrPC",Low,94.2,Standard Monitoring
KSP/BEN/2024/01739,MISSING PERSON,Bengaluru Dist,Nelamangala,13.0371,77.5112,2024-04-29 04:37:00,Closed,Sec 363 IPC,Medium,88.3,Standard Monitoring
KSP/BEN/2025/01740,KPA 1963 VIOLATIONS,Bengaluru City,Whitefield,13.0288,77.5677,2025-02-05 22:41:00,Pending,"Sec 78, 87 KPA",Low,91.6,Standard Monitoring
KSP/BEN/2024/01741,CYBER CRIME & FRAUD,Bengaluru Dist,Nelamangala,13.1025,77.5264,2024-01-02 17:15:00,Pending,"Sec 66D IT Act, 420 IPC",High,86.2,High Risk Zone
KSP/MAN/2025/01742,CrPC OFFENCES,Mandya,Central PS,12.6,76.8868,2025-10-05 23:03:00,Closed,"Sec 107, 151 CrPC",Low,96.1,Standard Monitoring
KSP/SHI/2025/01743,MOTOR VEHICLE ACCIDENTS NON-FATAL,Shivamogga,Vinoba Nagar,13.9408,75.538,2025-02-05 12:36:00,Pending,"Sec 279, 337 IPC",Medium,91.2,Standard Monitoring
KSP/MYS/2025/01744,MOTOR VEHICLE ACCIDENTS NON-FATAL,Mysuru,Vidyaranyapuram,12.2557,76.6947,2025-05-22 03:51:00,Investigating,"Sec 279, 337 IPC",Medium,89.8,Standard Monitoring
KSP/BEN/2026/01745,KPA 1963 VIOLATIONS,Bengaluru City,Jayanagar,12.9288,77.5525,2026-07-17 02:47:00,Charge Sheeted,"Sec 78, 87 KPA",Low,97.3,Standard Monitoring
KSP/TUM/2026/01746,ROBBERY / DACOITY,Tumakuru,Kyatsandra,13.3817,77.0891,2026-04-28 04:00:00,Charge Sheeted,"Sec 392, 395 IPC",Critical,87.8,High Risk Zone
KSP/RAI/2025/01747,ROBBERY / DACOITY,Raichur,Sadabad,16.1952,77.3286,2025-04-10 05:46:00,Pending,"Sec 392, 395 IPC",Critical,89.5,High Risk Zone
KSP/BEL/2025/01748,MISSING PERSON,Belagavi,Gokak,15.8428,74.5163,2025-01-18 04:07:00,Closed,Sec 363 IPC,Medium,87.0,Standard Monitoring
KSP/MYS/2025/01749,MOTOR VEHICLE ACCIDENTS NON-FATAL,Mysuru,Nazarbad,12.3412,76.6357,2025-06-21 11:08:00,Solved,"Sec 279, 337 IPC",Medium,96.3,Standard Monitoring
KSP/HAS/2025/01750,MISSING PERSON,Hassan,Gorur,12.9289,76.1728,2025-05-22 06:08:00,Pending,Sec 363 IPC,Medium,98.3,Standard Monitoring
KSP/BEN/2026/01751,MOTOR VEHICLE ACCIDENTS NON-FATAL,Bengaluru City,Whitefield,12.9701,77.608,2026-05-03 14:35:00,Charge Sheeted,"Sec 279, 337 IPC",Medium,95.6,Standard Monitoring
KSP/MAN/2025/01752,HURT / ASSAULT,Mandya,Srirangapatna,12.4873,76.9041,2025-05-31 02:24:00,Solved,"Sec 323, 324, 504 IPC",High,93.4,High Risk Zone
KSP/VIJ/2025/01753,CrPC OFFENCES,Vijayapura,Gol Gumbaz PS,16.813,75.7522,2025-01-02 04:00:00,Investigating,"Sec 107, 151 CrPC",Low,86.9,Standard Monitoring
KSP/KOL/2026/01754,KPA 1963 VIOLATIONS,Kolar,Gulpet,13.1618,78.1447,2026-03-18 14:30:00,Solved,"Sec 78, 87 KPA",Low,85.3,Standard Monitoring
KSP/UDU/2025/01755,HURT / ASSAULT,Udupi,Manipal,13.3402,74.8074,2025-08-14 11:35:00,Solved,"Sec 323, 324, 504 IPC",High,86.8,High Risk Zone
KSP/BEN/2024/01756,BURGLARY / HOUSE BREAKING,Bengaluru City,Whitefield,13.0246,77.6738,2024-12-02 02:14:00,Charge Sheeted,"Sec 454, 457, 380 IPC",High,89.4,High Risk Zone
KSP/HUB/2024/01757,ROBBERY / DACOITY,Hubballi-Dharwad,Dharwad Town,15.3013,75.0817,2024-05-03 11:25:00,Solved,"Sec 392, 395 IPC",Critical,90.3,High Risk Zone
KSP/BEL/2024/01758,THEFT,Belagavi,Market PS,15.898,74.497,2024-03-21 01:38:00,Pending,Sec 379 IPC,Medium,88.7,Standard Monitoring
KSP/MYS/2026/01759,CrPC OFFENCES,Mysuru,Nazarbad,12.3834,76.5839,2026-02-24 12:43:00,Solved,"Sec 107, 151 CrPC",Low,94.5,Standard Monitoring
KSP/HUB/2024/01760,CrPC OFFENCES,Hubballi-Dharwad,Gokul Road,15.3462,75.0902,2024-06-17 04:07:00,Pending,"Sec 107, 151 CrPC",Low,85.0,Standard Monitoring
KSP/HAS/2024/01761,BURGLARY / HOUSE BREAKING,Hassan,Arsikere,12.9695,76.0527,2024-09-28 19:46:00,Charge Sheeted,"Sec 454, 457, 380 IPC",High,91.1,High Risk Zone
KSP/HUB/2025/01762,THEFT,Hubballi-Dharwad,Suburban PS,15.3226,75.1461,2025-12-13 23:36:00,Investigating,Sec 379 IPC,Medium,93.5,Standard Monitoring
KSP/YAD/2025/01763,CYBER CRIME & FRAUD,Yadgir,Town PS,16.7121,77.2048,2025-01-17 15:19:00,Pending,"Sec 66D IT Act, 420 IPC",High,89.5,High Risk Zone
KSP/BEN/2026/01764,MISSING PERSON,Bengaluru Dist,Doddaballapura,13.0585,77.5771,2026-04-08 15:42:00,Investigating,Sec 363 IPC,Medium,86.1,Standard Monitoring
KSP/BEN/2025/01765,THEFT,Bengaluru City,Hebbal,12.9209,77.6709,2025-05-31 22:16:00,Charge Sheeted,Sec 379 IPC,Medium,93.1,Standard Monitoring
KSP/VIJ/2024/01766,CrPC OFFENCES,Vijayapura,Gandhi Chowk,16.8855,75.6754,2024-03-16 03:13:00,Closed,"Sec 107, 151 CrPC",Low,92.6,Standard Monitoring
KSP/BEN/2026/01767,THEFT,Bengaluru Dist,Hosakote,13.0836,77.5084,2026-04-08 11:15:00,Pending,Sec 379 IPC,Medium,93.2,Standard Monitoring
KSP/BEN/2025/01768,MISSING PERSON,Bengaluru City,Indiranagar,13.0196,77.5277,2025-04-19 01:03:00,Investigating,Sec 363 IPC,Medium,94.8,Standard Monitoring
KSP/BEN/2025/01769,THEFT,Bengaluru City,Jayanagar,13.0436,77.5977,2025-11-28 05:43:00,Solved,Sec 379 IPC,Medium,91.0,Standard Monitoring
KSP/UDU/2024/01770,MOTOR VEHICLE ACCIDENTS NON-FATAL,Udupi,Kundapura,13.3385,74.6834,2024-04-11 00:44:00,Solved,"Sec 279, 337 IPC",Medium,95.9,Standard Monitoring
KSP/BEN/2025/01771,CYBER CRIME & FRAUD,Bengaluru City,Yelahanka,12.9075,77.5832,2025-07-26 16:18:00,Pending,"Sec 66D IT Act, 420 IPC",High,92.5,High Risk Zone
KSP/VIJ/2024/01772,KPA 1963 VIOLATIONS,Vijayanagara,Hospet Town,15.2922,76.4453,2024-07-05 00:19:00,Solved,"Sec 78, 87 KPA",Low,87.4,Standard Monitoring
KSP/HAS/2024/01773,NARCOTICS (NDPS),Hassan,Gorur,13.0101,76.0424,2024-02-02 19:29:00,Charge Sheeted,"Sec 20(b), 22 NDPS Act",Critical,95.1,High Risk Zone
KSP/BAG/2026/01774,MOTOR VEHICLE ACCIDENTS NON-FATAL,Bagalkote,Navanagar,16.117,75.7696,2026-07-13 13:07:00,Solved,"Sec 279, 337 IPC",Medium,95.3,Standard Monitoring
KSP/KOD/2025/01775,HURT / ASSAULT,Kodagu,Somwarpet,12.3691,75.7265,2025-05-30 16:42:00,Investigating,"Sec 323, 324, 504 IPC",High,96.0,High Risk Zone
KSP/BEN/2026/01776,MISSING PERSON,Bengaluru City,Hebbal,12.9133,77.6438,2026-07-07 03:58:00,Closed,Sec 363 IPC,Medium,85.0,Standard Monitoring
KSP/BEN/2024/01777,KPA 1963 VIOLATIONS,Bengaluru City,Indiranagar,13.0486,77.6594,2024-06-06 11:13:00,Solved,"Sec 78, 87 KPA",Low,91.8,Standard Monitoring
KSP/BAG/2026/01778,CYBER CRIME & FRAUD,Bagalkote,Ilkal,16.2638,75.6908,2026-01-03 18:13:00,Investigating,"Sec 66D IT Act, 420 IPC",High,89.1,High Risk Zone
KSP/MAN/2026/01779,ROBBERY / DACOITY,Mangaluru,Barkarke,12.9847,74.8317,2026-06-21 21:12:00,Solved,"Sec 392, 395 IPC",Critical,90.3,High Risk Zone
KSP/BEN/2024/01780,MOTOR VEHICLE ACCIDENTS NON-FATAL,Bengaluru City,Electronic City,12.9306,77.5846,2024-10-30 12:48:00,Investigating,"Sec 279, 337 IPC",Medium,94.3,Standard Monitoring
KSP/RAI/2024/01781,CrPC OFFENCES,Raichur,Manvi,16.1843,77.267,2024-09-09 09:59:00,Closed,"Sec 107, 151 CrPC",Low,87.4,Standard Monitoring
KSP/UDU/2025/01782,MISSING PERSON,Udupi,Malpe,13.345,74.7459,2025-10-04 01:48:00,Charge Sheeted,Sec 363 IPC,Medium,96.0,Standard Monitoring
KSP/MYS/2025/01783,KPA 1963 VIOLATIONS,Mysuru,Devaraja PS,12.287,76.5945,2025-09-21 11:36:00,Closed,"Sec 78, 87 KPA",Low,93.9,Standard Monitoring
KSP/RAI/2025/01784,MISSING PERSON,Raichur,Sadabad,16.2712,77.316,2025-11-04 20:07:00,Pending,Sec 363 IPC,Medium,85.6,Standard Monitoring
KSP/BEN/2025/01785,THEFT,Bengaluru City,Whitefield,13.0157,77.5796,2025-09-07 02:55:00,Pending,Sec 379 IPC,Medium,85.1,Standard Monitoring
KSP/TUM/2025/01786,KPA 1963 VIOLATIONS,Tumakuru,Gubbi,13.2732,77.088,2025-02-28 23:21:00,Investigating,"Sec 78, 87 KPA",Low,88.2,Standard Monitoring
KSP/HAV/2025/01787,CrPC OFFENCES,Haveri,Town PS,14.7223,75.3537,2025-12-01 05:21:00,Pending,"Sec 107, 151 CrPC",Low,85.1,Standard Monitoring
KSP/BEN/2025/01788,KPA 1963 VIOLATIONS,Bengaluru City,Jayanagar,12.8935,77.5193,2025-05-18 06:01:00,Charge Sheeted,"Sec 78, 87 KPA",Low,87.5,Standard Monitoring
KSP/BEN/2025/01789,MOTOR VEHICLE ACCIDENTS NON-FATAL,Bengaluru City,Cubbon Park,12.9508,77.5357,2025-08-29 22:10:00,Closed,"Sec 279, 337 IPC",Medium,89.1,Standard Monitoring
KSP/MAN/2026/01790,CYBER CRIME & FRAUD,Mandya,Maddur,12.4681,76.9618,2026-07-17 13:08:00,Pending,"Sec 66D IT Act, 420 IPC",High,95.4,High Risk Zone
KSP/RAI/2024/01791,HURT / ASSAULT,Raichur,Sadabad,16.2145,77.3209,2024-01-29 20:28:00,Closed,"Sec 323, 324, 504 IPC",High,97.3,High Risk Zone
KSP/BEN/2024/01792,THEFT,Bengaluru City,Yelahanka,12.9034,77.5838,2024-10-11 03:59:00,Investigating,Sec 379 IPC,Medium,89.8,Standard Monitoring
KSP/VIJ/2026/01793,MOTOR VEHICLE ACCIDENTS NON-FATAL,Vijayanagara,Harapanahalli,15.2016,76.3702,2026-04-25 02:46:00,Investigating,"Sec 279, 337 IPC",Medium,94.1,Standard Monitoring
KSP/BEN/2025/01794,CrPC OFFENCES,Bengaluru City,Whitefield,13.0419,77.5852,2025-11-20 13:57:00,Closed,"Sec 107, 151 CrPC",Low,98.0,Standard Monitoring
KSP/BEN/2025/01795,MISSING PERSON,Bengaluru City,Koramangala,13.0138,77.5529,2025-04-05 03:40:00,Solved,Sec 363 IPC,Medium,87.1,Standard Monitoring
KSP/VIJ/2024/01796,MISSING PERSON,Vijayanagara,Harapanahalli,15.2299,76.3275,2024-01-18 00:00:00,Pending,Sec 363 IPC,Medium,94.0,Standard Monitoring
KSP/BEN/2026/01797,HURT / ASSAULT,Bengaluru City,Indiranagar,12.9906,77.6322,2026-04-29 14:27:00,Solved,"Sec 323, 324, 504 IPC",High,94.1,High Risk Zone
KSP/BEN/2024/01798,MISSING PERSON,Bengaluru City,Cubbon Park,12.9823,77.5868,2024-04-14 10:30:00,Pending,Sec 363 IPC,Medium,97.5,Standard Monitoring
KSP/RAI/2025/01799,HURT / ASSAULT,Raichur,Market PS,16.1539,77.3544,2025-07-08 01:02:00,Solved,"Sec 323, 324, 504 IPC",High,93.1,High Risk Zone
KSP/BEN/2024/01800,MOTOR VEHICLE ACCIDENTS NON-FATAL,Bengaluru Dist,Nelamangala,13.0785,77.5881,2024-07-19 11:40:00,Pending,"Sec 279, 337 IPC",Medium,95.2,Standard Monitoring
KSP/BAG/2025/01801,MOTOR VEHICLE ACCIDENTS NON-FATAL,Bagalkote,Town PS,16.2025,75.6904,2025-05-08 04:40:00,Pending,"Sec 279, 337 IPC",Medium,92.2,Standard Monitoring
KSP/BEN/2024/01802,HURT / ASSAULT,Bengaluru Dist,Hosakote,13.0245,77.637,2024-03-15 01:13:00,Solved,"Sec 323, 324, 504 IPC",High,95.2,High Risk Zone
KSP/TUM/2024/01803,MISSING PERSON,Tumakuru,Tiptur,13.2588,77.0916,2024-02-29 22:32:00,Solved,Sec 363 IPC,Medium,92.6,Standard Monitoring
KSP/RAM/2024/01804,MISSING PERSON,Ramanagara,Ijoor PS,12.7538,77.2955,2024-06-07 03:23:00,Charge Sheeted,Sec 363 IPC,Medium,89.4,Standard Monitoring
KSP/KAL/2025/01805,MISSING PERSON,Kalaburagi,Station Bazar,17.2535,76.8933,2025-04-05 23:32:00,Solved,Sec 363 IPC,Medium,92.7,Standard Monitoring
KSP/GAD/2024/01806,MOTOR VEHICLE ACCIDENTS NON-FATAL,Gadag,Betageri,15.4786,75.6139,2024-01-12 01:07:00,Charge Sheeted,"Sec 279, 337 IPC",Medium,90.6,Standard Monitoring
KSP/KOD/2024/01807,BURGLARY / HOUSE BREAKING,Kodagu,Madikeri Town,12.388,75.7107,2024-04-21 17:18:00,Pending,"Sec 454, 457, 380 IPC",High,95.6,High Risk Zone
KSP/BEN/2025/01808,ROBBERY / DACOITY,Bengaluru City,Whitefield,12.9268,77.5725,2025-01-23 17:45:00,Solved,"Sec 392, 395 IPC",Critical,93.2,High Risk Zone
KSP/BEN/2024/01809,THEFT,Bengaluru City,Whitefield,12.9871,77.5805,2024-08-20 16:32:00,Closed,Sec 379 IPC,Medium,93.9,Standard Monitoring
KSP/BEN/2025/01810,CrPC OFFENCES,Bengaluru City,Cubbon Park,12.9248,77.5501,2025-08-15 15:39:00,Pending,"Sec 107, 151 CrPC",Low,93.7,Standard Monitoring
KSP/HAV/2025/01811,CYBER CRIME & FRAUD,Haveri,Town PS,14.8319,75.4327,2025-02-14 14:26:00,Solved,"Sec 66D IT Act, 420 IPC",High,97.3,High Risk Zone
KSP/BEL/2024/01812,ROBBERY / DACOITY,Belagavi,Market PS,15.845,74.5122,2024-05-10 04:30:00,Solved,"Sec 392, 395 IPC",Critical,95.9,High Risk Zone
KSP/BEN/2025/01813,MISSING PERSON,Bengaluru Dist,Devanahalli,13.0642,77.6241,2025-07-17 00:39:00,Pending,Sec 363 IPC,Medium,88.5,Standard Monitoring
KSP/BEN/2025/01814,MOTOR VEHICLE ACCIDENTS NON-FATAL,Bengaluru City,Electronic City,12.9491,77.591,2025-02-04 03:21:00,Charge Sheeted,"Sec 279, 337 IPC",Medium,96.2,Standard Monitoring
KSP/KOP/2026/01815,CYBER CRIME & FRAUD,Koppal,Gangavathi,15.2856,76.1785,2026-03-06 23:51:00,Charge Sheeted,"Sec 66D IT Act, 420 IPC",High,95.2,High Risk Zone
KSP/BEN/2025/01816,CYBER CRIME & FRAUD,Bengaluru Dist,Doddaballapura,13.02,77.6328,2025-04-27 05:19:00,Solved,"Sec 66D IT Act, 420 IPC",High,96.7,High Risk Zone
KSP/BEN/2025/01817,MOTOR VEHICLE ACCIDENTS NON-FATAL,Bengaluru City,Koramangala,12.9395,77.6511,2025-10-05 18:45:00,Solved,"Sec 279, 337 IPC",Medium,88.9,Standard Monitoring
KSP/MYS/2024/01818,MISSING PERSON,Mysuru,Lashkar PS,12.2837,76.5792,2024-12-25 10:21:00,Pending,Sec 363 IPC,Medium,89.7,Standard Monitoring
KSP/VIJ/2025/01819,BURGLARY / HOUSE BREAKING,Vijayapura,Adarsh Nagar,16.8012,75.6872,2025-02-07 07:53:00,Pending,"Sec 454, 457, 380 IPC",High,86.9,High Risk Zone
KSP/HUB/2026/01820,THEFT,Hubballi-Dharwad,Vidyagiri,15.3644,75.0611,2026-06-20 21:06:00,Closed,Sec 379 IPC,Medium,86.0,Standard Monitoring
KSP/BEN/2025/01821,MISSING PERSON,Bengaluru Dist,Hosakote,13.0213,77.5934,2025-10-28 15:17:00,Investigating,Sec 363 IPC,Medium,86.8,Standard Monitoring
KSP/BEN/2026/01822,MOTOR VEHICLE ACCIDENTS NON-FATAL,Bengaluru City,Whitefield,12.957,77.5192,2026-02-22 13:20:00,Charge Sheeted,"Sec 279, 337 IPC",Medium,89.4,Standard Monitoring
KSP/RAI/2024/01823,THEFT,Raichur,Market PS,16.1357,77.3954,2024-08-08 10:06:00,Solved,Sec 379 IPC,Medium,89.0,Standard Monitoring
KSP/BEN/2024/01824,ROBBERY / DACOITY,Bengaluru City,Koramangala,12.9535,77.5583,2024-08-20 15:36:00,Pending,"Sec 392, 395 IPC",Critical,91.3,High Risk Zone
KSP/BEN/2025/01825,MOTOR VEHICLE ACCIDENTS NON-FATAL,Bengaluru City,Jayanagar,12.9818,77.6181,2025-03-10 00:28:00,Investigating,"Sec 279, 337 IPC",Medium,90.0,Standard Monitoring
KSP/KAL/2024/01826,CYBER CRIME & FRAUD,Kalaburagi,Ashok Nagar,17.3614,76.8878,2024-01-28 22:10:00,Pending,"Sec 66D IT Act, 420 IPC",High,93.1,High Risk Zone
KSP/VIJ/2025/01827,THEFT,Vijayapura,Adarsh Nagar,16.759,75.7684,2025-12-06 06:48:00,Closed,Sec 379 IPC,Medium,98.3,Standard Monitoring
KSP/MAN/2025/01828,MOTOR VEHICLE ACCIDENTS NON-FATAL,Mangaluru,Surathkal,12.9712,74.8992,2025-11-07 14:48:00,Solved,"Sec 279, 337 IPC",Medium,90.8,Standard Monitoring
KSP/BEN/2024/01829,THEFT,Bengaluru City,Koramangala,12.9873,77.5659,2024-04-23 23:37:00,Closed,Sec 379 IPC,Medium,95.1,Standard Monitoring
KSP/DAV/2026/01830,BURGLARY / HOUSE BREAKING,Davanagere,Azad Nagar,14.5043,76.0015,2026-06-06 10:41:00,Investigating,"Sec 454, 457, 380 IPC",High,94.5,High Risk Zone
KSP/UTT/2025/01831,CYBER CRIME & FRAUD,Uttara Kannada,Sirsi Town,14.8549,74.1254,2025-01-26 11:38:00,Solved,"Sec 66D IT Act, 420 IPC",High,88.0,High Risk Zone
KSP/BEN/2024/01832,MOTOR VEHICLE ACCIDENTS NON-FATAL,Bengaluru City,Whitefield,12.9485,77.6687,2024-04-03 02:51:00,Pending,"Sec 279, 337 IPC",Medium,92.7,Standard Monitoring
KSP/MAN/2024/01833,KPA 1963 VIOLATIONS,Mangaluru,Panambur,12.9617,74.8105,2024-08-05 18:07:00,Solved,"Sec 78, 87 KPA",Low,95.9,Standard Monitoring
KSP/UDU/2025/01834,BURGLARY / HOUSE BREAKING,Udupi,Town PS,13.4025,74.7895,2025-01-29 08:30:00,Closed,"Sec 454, 457, 380 IPC",High,88.9,High Risk Zone
KSP/BEN/2026/01835,MISSING PERSON,Bengaluru City,Jayanagar,12.9784,77.5623,2026-06-11 20:03:00,Closed,Sec 363 IPC,Medium,94.2,Standard Monitoring
KSP/MAN/2026/01836,MOTOR VEHICLE ACCIDENTS NON-FATAL,Mandya,Srirangapatna,12.535,76.906,2026-03-04 03:08:00,Charge Sheeted,"Sec 279, 337 IPC",Medium,88.0,Standard Monitoring
KSP/MAN/2026/01837,CrPC OFFENCES,Mangaluru,Panambur,12.9216,74.9154,2026-05-28 02:56:00,Investigating,"Sec 107, 151 CrPC",Low,88.5,Standard Monitoring
KSP/BEN/2024/01838,MOTOR VEHICLE ACCIDENTS NON-FATAL,Bengaluru City,Jayanagar,12.9483,77.6123,2024-09-23 19:35:00,Pending,"Sec 279, 337 IPC",Medium,92.9,Standard Monitoring
KSP/VIJ/2025/01839,BURGLARY / HOUSE BREAKING,Vijayanagara,Kudligi,15.2179,76.4626,2025-05-18 13:07:00,Closed,"Sec 454, 457, 380 IPC",High,97.6,High Risk Zone
KSP/KOL/2025/01840,KPA 1963 VIOLATIONS,Kolar,Gulpet,13.2152,78.1119,2025-10-15 07:07:00,Closed,"Sec 78, 87 KPA",Low,87.3,Standard Monitoring
KSP/KOD/2026/01841,CYBER CRIME & FRAUD,Kodagu,Gonikoppal,12.4718,75.7811,2026-06-23 11:09:00,Charge Sheeted,"Sec 66D IT Act, 420 IPC",High,98.1,High Risk Zone
KSP/KAL/2025/01842,THEFT,Kalaburagi,Ashok Nagar,17.4017,76.8381,2025-01-12 06:26:00,Closed,Sec 379 IPC,Medium,97.4,Standard Monitoring
KSP/KAL/2026/01843,MOTOR VEHICLE ACCIDENTS NON-FATAL,Kalaburagi,Ashok Nagar,17.3452,76.7573,2026-05-22 22:47:00,Pending,"Sec 279, 337 IPC",Medium,90.2,Standard Monitoring
KSP/HAS/2026/01844,MOTOR VEHICLE ACCIDENTS NON-FATAL,Hassan,Gorur,13.0365,76.1124,2026-03-13 23:33:00,Solved,"Sec 279, 337 IPC",Medium,94.4,Standard Monitoring
KSP/RAI/2024/01845,MOTOR VEHICLE ACCIDENTS NON-FATAL,Raichur,Sindhanur,16.1741,77.4123,2024-06-02 19:39:00,Pending,"Sec 279, 337 IPC",Medium,93.0,Standard Monitoring
KSP/BAG/2025/01846,MOTOR VEHICLE ACCIDENTS NON-FATAL,Bagalkote,Ilkal,16.2512,75.6327,2025-12-16 14:22:00,Investigating,"Sec 279, 337 IPC",Medium,87.9,Standard Monitoring
KSP/BEN/2024/01847,KPA 1963 VIOLATIONS,Bengaluru City,Indiranagar,12.9249,77.5902,2024-10-14 08:06:00,Charge Sheeted,"Sec 78, 87 KPA",Low,93.6,Standard Monitoring
KSP/BEL/2024/01848,CrPC OFFENCES,Belagavi,Market PS,15.7889,74.4438,2024-07-20 02:03:00,Closed,"Sec 107, 151 CrPC",Low,90.2,Standard Monitoring
KSP/MAN/2024/01849,THEFT,Mangaluru,Surathkal,12.8887,74.8851,2024-12-10 13:57:00,Pending,Sec 379 IPC,Medium,98.3,Standard Monitoring
KSP/BEN/2024/01850,CrPC OFFENCES,Bengaluru City,Whitefield,12.9787,77.5325,2024-02-08 05:25:00,Pending,"Sec 107, 151 CrPC",Low,88.7,Standard Monitoring
KSP/SHI/2026/01851,NARCOTICS (NDPS),Shivamogga,Doddapet,13.9615,75.5323,2026-06-23 15:32:00,Closed,"Sec 20(b), 22 NDPS Act",Critical,88.5,High Risk Zone
KSP/KOL/2026/01852,MOTOR VEHICLE ACCIDENTS NON-FATAL,Kolar,Gulpet,13.1662,78.1207,2026-02-19 13:20:00,Investigating,"Sec 279, 337 IPC",Medium,88.1,Standard Monitoring
KSP/BEL/2026/01853,THEFT,Belagavi,Gokak,15.8648,74.5903,2026-03-02 17:19:00,Pending,Sec 379 IPC,Medium,93.3,Standard Monitoring
KSP/CHA/2024/01854,MOTOR VEHICLE ACCIDENTS NON-FATAL,Chamarajanagar,Kollegal,11.9608,77.0171,2024-05-27 12:53:00,Solved,"Sec 279, 337 IPC",Medium,94.1,Standard Monitoring
KSP/BEN/2024/01855,MISSING PERSON,Bengaluru City,Yelahanka,12.9415,77.5795,2024-03-20 19:15:00,Pending,Sec 363 IPC,Medium,86.6,Standard Monitoring
KSP/BEN/2025/01856,BURGLARY / HOUSE BREAKING,Bengaluru City,Electronic City,13.0492,77.6545,2025-10-31 21:00:00,Pending,"Sec 454, 457, 380 IPC",High,94.6,High Risk Zone
KSP/BEN/2024/01857,ROBBERY / DACOITY,Bengaluru City,Indiranagar,12.9923,77.5925,2024-05-03 06:15:00,Charge Sheeted,"Sec 392, 395 IPC",Critical,87.8,High Risk Zone
KSP/BAL/2025/01858,MOTOR VEHICLE ACCIDENTS NON-FATAL,Ballari,Hospet Town,15.0851,76.8714,2025-02-06 22:53:00,Investigating,"Sec 279, 337 IPC",Medium,92.5,Standard Monitoring
KSP/BEN/2025/01859,ROBBERY / DACOITY,Bengaluru Dist,Doddaballapura,13.0091,77.5447,2025-10-19 21:51:00,Investigating,"Sec 392, 395 IPC",Critical,96.6,High Risk Zone
KSP/MAN/2026/01860,THEFT,Mangaluru,Barkarke,12.9102,74.8461,2026-04-18 12:50:00,Investigating,Sec 379 IPC,Medium,95.6,Standard Monitoring
KSP/BEN/2024/01861,ROBBERY / DACOITY,Bengaluru City,Jayanagar,12.9955,77.6132,2024-11-26 16:39:00,Closed,"Sec 392, 395 IPC",Critical,98.5,High Risk Zone
KSP/BAL/2024/01862,MOTOR VEHICLE ACCIDENTS NON-FATAL,Ballari,Gandhinagar,15.1425,76.9896,2024-04-16 03:06:00,Charge Sheeted,"Sec 279, 337 IPC",Medium,95.4,Standard Monitoring
KSP/VIJ/2025/01863,HURT / ASSAULT,Vijayanagara,Kudligi,15.3364,76.4237,2025-11-14 22:35:00,Charge Sheeted,"Sec 323, 324, 504 IPC",High,94.3,High Risk Zone
KSP/MYS/2026/01864,MOTOR VEHICLE ACCIDENTS NON-FATAL,Mysuru,Lashkar PS,12.3238,76.6715,2026-04-18 17:26:00,Solved,"Sec 279, 337 IPC",Medium,90.0,Standard Monitoring
KSP/MYS/2025/01865,KPA 1963 VIOLATIONS,Mysuru,KRS Road,12.3784,76.6397,2025-09-30 10:34:00,Solved,"Sec 78, 87 KPA",Low,91.0,Standard Monitoring
KSP/DAV/2026/01866,MOTOR VEHICLE ACCIDENTS NON-FATAL,Davanagere,Vidyanagar,14.4145,75.8823,2026-07-03 19:17:00,Pending,"Sec 279, 337 IPC",Medium,96.4,Standard Monitoring
KSP/MAN/2026/01867,MOTOR VEHICLE ACCIDENTS NON-FATAL,Mangaluru,Kadri,12.8509,74.9252,2026-04-16 05:04:00,Investigating,"Sec 279, 337 IPC",Medium,89.1,Standard Monitoring
KSP/UDU/2024/01868,MISSING PERSON,Udupi,Kundapura,13.2887,74.7317,2024-04-05 00:55:00,Closed,Sec 363 IPC,Medium,92.3,Standard Monitoring
KSP/BEN/2024/01869,CYBER CRIME & FRAUD,Bengaluru City,Yelahanka,13.0125,77.5914,2024-07-09 05:29:00,Charge Sheeted,"Sec 66D IT Act, 420 IPC",High,86.3,High Risk Zone
KSP/RAM/2025/01870,CYBER CRIME & FRAUD,Ramanagara,Magadi,12.7847,77.3507,2025-07-08 21:57:00,Investigating,"Sec 66D IT Act, 420 IPC",High,91.0,High Risk Zone
KSP/BEN/2025/01871,HURT / ASSAULT,Bengaluru City,Cubbon Park,12.9822,77.6503,2025-12-20 20:40:00,Solved,"Sec 323, 324, 504 IPC",High,94.3,High Risk Zone
KSP/VIJ/2026/01872,MOTOR VEHICLE ACCIDENTS NON-FATAL,Vijayapura,Indi,16.7658,75.7884,2026-04-04 02:17:00,Closed,"Sec 279, 337 IPC",Medium,90.7,Standard Monitoring
KSP/BEN/2024/01873,MISSING PERSON,Bengaluru City,Whitefield,12.8999,77.5294,2024-05-08 06:46:00,Investigating,Sec 363 IPC,Medium,95.3,Standard Monitoring
KSP/TUM/2024/01874,HURT / ASSAULT,Tumakuru,Gubbi,13.2598,77.1262,2024-08-21 04:36:00,Solved,"Sec 323, 324, 504 IPC",High,97.9,High Risk Zone
KSP/BEN/2025/01875,THEFT,Bengaluru Dist,Hosakote,13.0346,77.6587,2025-06-20 18:34:00,Solved,Sec 379 IPC,Medium,98.0,Standard Monitoring
KSP/HAS/2024/01876,KPA 1963 VIOLATIONS,Hassan,City PS,12.9298,76.0675,2024-05-29 08:14:00,Investigating,"Sec 78, 87 KPA",Low,85.6,Standard Monitoring
KSP/MAN/2026/01877,ROBBERY / DACOITY,Mangaluru,Surathkal,12.8362,74.9131,2026-06-13 13:33:00,Pending,"Sec 392, 395 IPC",Critical,94.0,High Risk Zone
KSP/BAL/2026/01878,CrPC OFFENCES,Ballari,Brucepet,15.1728,76.9929,2026-03-03 08:41:00,Investigating,"Sec 107, 151 CrPC",Low,89.6,Standard Monitoring
KSP/HUB/2026/01879,MOTOR VEHICLE ACCIDENTS NON-FATAL,Hubballi-Dharwad,Kamripeth,15.3659,75.1814,2026-04-17 12:22:00,Solved,"Sec 279, 337 IPC",Medium,97.4,Standard Monitoring
KSP/BEN/2026/01880,MOTOR VEHICLE ACCIDENTS NON-FATAL,Bengaluru City,Hebbal,12.9439,77.5629,2026-05-17 05:07:00,Charge Sheeted,"Sec 279, 337 IPC",Medium,86.9,Standard Monitoring
KSP/MYS/2025/01881,CYBER CRIME & FRAUD,Mysuru,Nazarbad,12.3595,76.7058,2025-10-03 02:41:00,Solved,"Sec 66D IT Act, 420 IPC",High,92.1,High Risk Zone
KSP/CHI/2026/01882,MOTOR VEHICLE ACCIDENTS NON-FATAL,Chitradurga,Kote PS,14.2318,76.3753,2026-07-25 14:58:00,Pending,"Sec 279, 337 IPC",Medium,88.3,Standard Monitoring
KSP/HUB/2025/01883,MOTOR VEHICLE ACCIDENTS NON-FATAL,Hubballi-Dharwad,Gokul Road,15.2955,75.0636,2025-05-23 23:38:00,Charge Sheeted,"Sec 279, 337 IPC",Medium,94.5,Standard Monitoring
KSP/BEN/2025/01884,BURGLARY / HOUSE BREAKING,Bengaluru City,Yelahanka,12.9157,77.6249,2025-05-23 08:35:00,Solved,"Sec 454, 457, 380 IPC",High,96.1,High Risk Zone
KSP/BID/2024/01885,KPA 1963 VIOLATIONS,Bidar,Basavakalyan,17.8793,77.447,2024-12-31 04:12:00,Closed,"Sec 78, 87 KPA",Low,93.7,Standard Monitoring
KSP/SHI/2025/01886,HURT / ASSAULT,Shivamogga,Tunga Nagar,13.9192,75.6293,2025-04-16 22:27:00,Charge Sheeted,"Sec 323, 324, 504 IPC",High,86.7,High Risk Zone
KSP/MYS/2026/01887,HURT / ASSAULT,Mysuru,Lashkar PS,12.2588,76.6153,2026-07-05 13:35:00,Pending,"Sec 323, 324, 504 IPC",High,88.8,High Risk Zone
KSP/RAM/2024/01888,THEFT,Ramanagara,Ijoor PS,12.6413,77.2411,2024-01-19 01:08:00,Charge Sheeted,Sec 379 IPC,Medium,94.9,Standard Monitoring
KSP/UDU/2025/01889,BURGLARY / HOUSE BREAKING,Udupi,Kundapura,13.2992,74.7061,2025-03-29 17:16:00,Pending,"Sec 454, 457, 380 IPC",High,98.0,High Risk Zone
KSP/VIJ/2025/01890,MISSING PERSON,Vijayapura,Indi,16.8615,75.7358,2025-02-27 19:42:00,Solved,Sec 363 IPC,Medium,93.3,Standard Monitoring
KSP/MAN/2024/01891,KPA 1963 VIOLATIONS,Mangaluru,Panambur,12.8703,74.786,2024-07-15 00:25:00,Pending,"Sec 78, 87 KPA",Low,86.3,Standard Monitoring
KSP/GAD/2026/01892,CYBER CRIME & FRAUD,Gadag,Nargund,15.4785,75.6133,2026-06-06 06:15:00,Charge Sheeted,"Sec 66D IT Act, 420 IPC",High,95.6,High Risk Zone
KSP/BEN/2024/01893,CrPC OFFENCES,Bengaluru City,Whitefield,12.9075,77.5346,2024-10-03 21:00:00,Pending,"Sec 107, 151 CrPC",Low,91.1,Standard Monitoring
KSP/HUB/2024/01894,THEFT,Hubballi-Dharwad,Suburban PS,15.3432,75.1968,2024-02-08 08:25:00,Closed,Sec 379 IPC,Medium,97.9,Standard Monitoring
KSP/BAL/2024/01895,KPA 1963 VIOLATIONS,Ballari,Gandhinagar,15.2069,76.9298,2024-02-27 09:59:00,Closed,"Sec 78, 87 KPA",Low,85.7,Standard Monitoring
KSP/BEL/2024/01896,CYBER CRIME & FRAUD,Belagavi,Market PS,15.8062,74.4619,2024-09-15 19:29:00,Pending,"Sec 66D IT Act, 420 IPC",High,97.1,High Risk Zone
KSP/MAN/2024/01897,MISSING PERSON,Mandya,Maddur,12.4926,76.953,2024-06-04 11:02:00,Solved,Sec 363 IPC,Medium,88.4,Standard Monitoring
KSP/BEN/2024/01898,MOTOR VEHICLE ACCIDENTS NON-FATAL,Bengaluru City,Jayanagar,12.9206,77.536,2024-03-08 09:12:00,Charge Sheeted,"Sec 279, 337 IPC",Medium,97.9,Standard Monitoring
KSP/TUM/2024/01899,MISSING PERSON,Tumakuru,Gubbi,13.3368,77.04,2024-07-05 19:00:00,Pending,Sec 363 IPC,Medium,93.6,Standard Monitoring
KSP/BEN/2026/01900,BURGLARY / HOUSE BREAKING,Bengaluru Dist,Nelamangala,13.1202,77.6069,2026-07-17 04:19:00,Charge Sheeted,"Sec 454, 457, 380 IPC",High,97.8,High Risk Zone
KSP/BEN/2024/01901,CrPC OFFENCES,Bengaluru City,Jayanagar,12.9791,77.6465,2024-12-28 10:20:00,Solved,"Sec 107, 151 CrPC",Low,98.1,Standard Monitoring
KSP/MAN/2025/01902,THEFT,Mandya,Srirangapatna,12.5837,76.8534,2025-01-24 16:16:00,Investigating,Sec 379 IPC,Medium,94.6,Standard Monitoring
KSP/BEN/2024/01903,HURT / ASSAULT,Bengaluru City,Electronic City,12.9183,77.5522,2024-05-21 00:30:00,Charge Sheeted,"Sec 323, 324, 504 IPC",High,85.7,High Risk Zone
KSP/CHI/2024/01904,CYBER CRIME & FRAUD,Chitradurga,Kote PS,14.2382,76.435,2024-07-01 13:28:00,Solved,"Sec 66D IT Act, 420 IPC",High,93.8,High Risk Zone
KSP/SHI/2025/01905,THEFT,Shivamogga,Bhadravathi,13.9726,75.5349,2025-07-13 04:09:00,Investigating,Sec 379 IPC,Medium,96.3,Standard Monitoring
KSP/DAV/2024/01906,THEFT,Davanagere,PJ Extension,14.5406,75.961,2024-11-07 21:28:00,Pending,Sec 379 IPC,Medium,87.7,Standard Monitoring
KSP/MYS/2024/01907,MISSING PERSON,Mysuru,KRS Road,12.2887,76.721,2024-11-29 19:34:00,Solved,Sec 363 IPC,Medium,89.6,Standard Monitoring
KSP/BEL/2025/01908,MISSING PERSON,Belagavi,Khade Bazar,15.9046,74.5335,2025-07-07 18:56:00,Solved,Sec 363 IPC,Medium,94.0,Standard Monitoring
KSP/BEN/2024/01909,HURT / ASSAULT,Bengaluru Dist,Doddaballapura,13.1549,77.532,2024-02-02 18:59:00,Investigating,"Sec 323, 324, 504 IPC",High,95.6,High Risk Zone
KSP/BEN/2024/01910,KPA 1963 VIOLATIONS,Bengaluru City,Jayanagar,12.9123,77.5456,2024-06-09 00:54:00,Investigating,"Sec 78, 87 KPA",Low,95.3,Standard Monitoring
KSP/BEL/2026/01911,CrPC OFFENCES,Belagavi,Tilakwadi,15.7769,74.4765,2026-04-25 17:00:00,Charge Sheeted,"Sec 107, 151 CrPC",Low,97.6,Standard Monitoring
KSP/BEN/2026/01912,THEFT,Bengaluru City,Whitefield,13.0396,77.5968,2026-04-02 23:55:00,Closed,Sec 379 IPC,Medium,90.3,Standard Monitoring
KSP/BEN/2025/01913,THEFT,Bengaluru City,Yelahanka,12.9345,77.5745,2025-11-08 18:59:00,Pending,Sec 379 IPC,Medium,95.8,Standard Monitoring
KSP/KOD/2025/01914,CrPC OFFENCES,Kodagu,Somwarpet,12.4003,75.6948,2025-02-13 05:40:00,Closed,"Sec 107, 151 CrPC",Low,87.3,Standard Monitoring
KSP/MYS/2024/01915,NARCOTICS (NDPS),Mysuru,Devaraja PS,12.3189,76.7201,2024-12-04 04:03:00,Investigating,"Sec 20(b), 22 NDPS Act",Critical,93.6,High Risk Zone
KSP/BEN/2026/01916,THEFT,Bengaluru City,Indiranagar,12.945,77.6362,2026-07-20 00:20:00,Charge Sheeted,Sec 379 IPC,Medium,97.7,Standard Monitoring
KSP/KAL/2026/01917,KPA 1963 VIOLATIONS,Kalaburagi,University PS,17.2596,76.8551,2026-03-17 23:15:00,Charge Sheeted,"Sec 78, 87 KPA",Low,89.6,Standard Monitoring
KSP/RAM/2025/01918,ROBBERY / DACOITY,Ramanagara,Channapatna,12.7518,77.3567,2025-05-28 16:37:00,Charge Sheeted,"Sec 392, 395 IPC",Critical,95.2,High Risk Zone
KSP/BEN/2024/01919,CYBER CRIME & FRAUD,Bengaluru City,Jayanagar,12.8982,77.568,2024-06-06 15:03:00,Closed,"Sec 66D IT Act, 420 IPC",High,95.4,High Risk Zone
KSP/KOL/2024/01920,MISSING PERSON,Kolar,Town PS,13.0829,78.0725,2024-01-01 14:10:00,Closed,Sec 363 IPC,Medium,92.0,Standard Monitoring
KSP/BEN/2024/01921,THEFT,Bengaluru Dist,Hosakote,13.1049,77.5347,2024-03-22 03:39:00,Pending,Sec 379 IPC,Medium,93.4,Standard Monitoring
KSP/KOL/2025/01922,MISSING PERSON,Kolar,Town PS,13.16,78.2017,2025-11-15 19:31:00,Solved,Sec 363 IPC,Medium,93.7,Standard Monitoring
KSP/BAL/2025/01923,THEFT,Ballari,Brucepet,15.1489,76.9105,2025-04-09 11:30:00,Closed,Sec 379 IPC,Medium,92.0,Standard Monitoring
KSP/BEN/2025/01924,MOTOR VEHICLE ACCIDENTS NON-FATAL,Bengaluru Dist,Nelamangala,13.1194,77.5515,2025-12-08 12:10:00,Charge Sheeted,"Sec 279, 337 IPC",Medium,90.8,Standard Monitoring
KSP/BEN/2024/01925,ROBBERY / DACOITY,Bengaluru City,Jayanagar,12.9705,77.6076,2024-02-28 00:36:00,Closed,"Sec 392, 395 IPC",Critical,85.0,High Risk Zone
KSP/BEN/2025/01926,MOTOR VEHICLE ACCIDENTS NON-FATAL,Bengaluru City,Hebbal,12.964,77.5894,2025-03-22 23:34:00,Pending,"Sec 279, 337 IPC",Medium,90.1,Standard Monitoring
KSP/RAI/2024/01927,BURGLARY / HOUSE BREAKING,Raichur,Manvi,16.159,77.3583,2024-03-08 10:26:00,Closed,"Sec 454, 457, 380 IPC",High,93.7,High Risk Zone
KSP/UDU/2025/01928,MOTOR VEHICLE ACCIDENTS NON-FATAL,Udupi,Town PS,13.3864,74.7914,2025-08-06 05:10:00,Investigating,"Sec 279, 337 IPC",Medium,91.7,Standard Monitoring
KSP/BAL/2026/01929,THEFT,Ballari,Gandhinagar,15.0819,76.9153,2026-07-01 00:33:00,Solved,Sec 379 IPC,Medium,86.3,Standard Monitoring
KSP/BEN/2025/01930,MOTOR VEHICLE ACCIDENTS NON-FATAL,Bengaluru City,Electronic City,12.9626,77.5962,2025-11-13 16:19:00,Closed,"Sec 279, 337 IPC",Medium,97.5,Standard Monitoring
KSP/MYS/2025/01931,THEFT,Mysuru,KRS Road,12.3207,76.7181,2025-10-09 06:47:00,Charge Sheeted,Sec 379 IPC,Medium,98.3,Standard Monitoring
KSP/BEL/2025/01932,BURGLARY / HOUSE BREAKING,Belagavi,Market PS,15.8667,74.4507,2025-08-07 05:48:00,Pending,"Sec 454, 457, 380 IPC",High,93.2,High Risk Zone
KSP/BEN/2026/01933,HURT / ASSAULT,Bengaluru City,Jayanagar,12.9395,77.584,2026-04-30 18:01:00,Investigating,"Sec 323, 324, 504 IPC",High,95.2,High Risk Zone
KSP/RAI/2024/01934,KPA 1963 VIOLATIONS,Raichur,Manvi,16.2049,77.2966,2024-02-08 17:48:00,Pending,"Sec 78, 87 KPA",Low,94.9,Standard Monitoring
KSP/BEL/2024/01935,HURT / ASSAULT,Belagavi,Gokak,15.809,74.4903,2024-05-21 19:01:00,Solved,"Sec 323, 324, 504 IPC",High,92.6,High Risk Zone
KSP/BAL/2024/01936,CrPC OFFENCES,Ballari,Hospet Town,15.2,76.8486,2024-12-12 18:31:00,Pending,"Sec 107, 151 CrPC",Low,93.0,Standard Monitoring
KSP/MAN/2026/01937,CYBER CRIME & FRAUD,Mangaluru,Urwa,12.8822,74.8854,2026-05-22 13:00:00,Charge Sheeted,"Sec 66D IT Act, 420 IPC",High,98.0,High Risk Zone
KSP/BAG/2025/01938,THEFT,Bagalkote,Ilkal,16.2427,75.6968,2025-02-16 17:46:00,Investigating,Sec 379 IPC,Medium,91.5,Standard Monitoring
KSP/CHI/2026/01939,MOTOR VEHICLE ACCIDENTS NON-FATAL,Chikkamagaluru,Tarikere,13.3748,75.7531,2026-04-17 08:39:00,Solved,"Sec 279, 337 IPC",Medium,92.8,Standard Monitoring
KSP/HUB/2024/01940,ROBBERY / DACOITY,Hubballi-Dharwad,Kamripeth,15.4258,75.1571,2024-12-11 13:23:00,Investigating,"Sec 392, 395 IPC",Critical,93.1,High Risk Zone
KSP/BEN/2024/01941,MISSING PERSON,Bengaluru City,Whitefield,12.9286,77.5982,2024-09-17 08:02:00,Pending,Sec 363 IPC,Medium,98.2,Standard Monitoring
KSP/MYS/2024/01942,CrPC OFFENCES,Mysuru,Vidyaranyapuram,12.3574,76.6386,2024-05-30 02:42:00,Charge Sheeted,"Sec 107, 151 CrPC",Low,87.5,Standard Monitoring
KSP/VIJ/2024/01943,CrPC OFFENCES,Vijayapura,Indi,16.9041,75.7855,2024-09-09 06:58:00,Solved,"Sec 107, 151 CrPC",Low,96.3,Standard Monitoring
KSP/HUB/2025/01944,THEFT,Hubballi-Dharwad,Gokul Road,15.3543,75.0672,2025-02-10 16:51:00,Investigating,Sec 379 IPC,Medium,90.0,Standard Monitoring
KSP/HAV/2024/01945,MISSING PERSON,Haveri,Ranebennur,14.7293,75.3256,2024-04-15 01:46:00,Pending,Sec 363 IPC,Medium,96.2,Standard Monitoring
KSP/SHI/2025/01946,NARCOTICS (NDPS),Shivamogga,Vinoba Nagar,13.91,75.6238,2025-12-04 18:07:00,Pending,"Sec 20(b), 22 NDPS Act",Critical,88.7,High Risk Zone
KSP/MAN/2024/01947,MOTOR VEHICLE ACCIDENTS NON-FATAL,Mangaluru,Urwa,12.8855,74.7816,2024-03-29 11:16:00,Pending,"Sec 279, 337 IPC",Medium,88.8,Standard Monitoring
KSP/MYS/2024/01948,HURT / ASSAULT,Mysuru,Vidyaranyapuram,12.3085,76.5954,2024-04-04 15:11:00,Solved,"Sec 323, 324, 504 IPC",High,85.3,High Risk Zone
KSP/KAL/2026/01949,THEFT,Kalaburagi,Ashok Nagar,17.3056,76.8159,2026-06-30 16:03:00,Pending,Sec 379 IPC,Medium,85.2,Standard Monitoring
KSP/BEL/2024/01950,MISSING PERSON,Belagavi,Camp PS,15.9059,74.5166,2024-11-13 20:58:00,Investigating,Sec 363 IPC,Medium,94.9,Standard Monitoring
KSP/CHI/2024/01951,MOTOR VEHICLE ACCIDENTS NON-FATAL,Chikkamagaluru,Kadur,13.2893,75.7128,2024-03-03 23:27:00,Solved,"Sec 279, 337 IPC",Medium,91.3,Standard Monitoring
KSP/MYS/2025/01952,BURGLARY / HOUSE BREAKING,Mysuru,Vidyaranyapuram,12.2617,76.6833,2025-07-29 04:42:00,Pending,"Sec 454, 457, 380 IPC",High,95.6,High Risk Zone
KSP/BEN/2026/01953,CYBER CRIME & FRAUD,Bengaluru Dist,Doddaballapura,13.0096,77.5912,2026-01-22 13:38:00,Pending,"Sec 66D IT Act, 420 IPC",High,85.9,High Risk Zone
KSP/RAM/2024/01954,CrPC OFFENCES,Ramanagara,Magadi,12.7368,77.274,2024-11-04 02:00:00,Pending,"Sec 107, 151 CrPC",Low,87.1,Standard Monitoring
KSP/DAV/2024/01955,THEFT,Davanagere,Harihar,14.4364,75.9245,2024-09-16 21:50:00,Charge Sheeted,Sec 379 IPC,Medium,92.2,Standard Monitoring
KSP/BID/2024/01956,CrPC OFFENCES,Bidar,Gandhi Gunj,17.8835,77.5714,2024-02-01 13:35:00,Investigating,"Sec 107, 151 CrPC",Low,88.2,Standard Monitoring
KSP/HUB/2025/01957,MOTOR VEHICLE ACCIDENTS NON-FATAL,Hubballi-Dharwad,Dharwad Town,15.402,75.171,2025-02-05 13:28:00,Closed,"Sec 279, 337 IPC",Medium,92.8,Standard Monitoring
KSP/YAD/2025/01958,CrPC OFFENCES,Yadgir,Shorapur,16.7398,77.0684,2025-10-11 17:54:00,Investigating,"Sec 107, 151 CrPC",Low,95.0,Standard Monitoring
KSP/MAN/2025/01959,THEFT,Mangaluru,Barkarke,12.8822,74.7919,2025-04-04 23:21:00,Charge Sheeted,Sec 379 IPC,Medium,92.9,Standard Monitoring
KSP/BEN/2025/01960,HURT / ASSAULT,Bengaluru City,Whitefield,12.9041,77.5219,2025-11-06 03:26:00,Charge Sheeted,"Sec 323, 324, 504 IPC",High,85.8,High Risk Zone
KSP/BEN/2025/01961,MOTOR VEHICLE ACCIDENTS NON-FATAL,Bengaluru City,Hebbal,12.9941,77.5703,2025-01-31 19:33:00,Investigating,"Sec 279, 337 IPC",Medium,92.5,Standard Monitoring
KSP/MAN/2025/01962,CrPC OFFENCES,Mandya,Maddur,12.5308,76.8834,2025-03-12 16:44:00,Charge Sheeted,"Sec 107, 151 CrPC",Low,95.2,Standard Monitoring
KSP/TUM/2024/01963,THEFT,Tumakuru,Kyatsandra,13.3232,77.0391,2024-04-15 17:41:00,Solved,Sec 379 IPC,Medium,94.3,Standard Monitoring
KSP/HUB/2026/01964,MOTOR VEHICLE ACCIDENTS NON-FATAL,Hubballi-Dharwad,Dharwad Town,15.2983,75.1925,2026-05-17 10:03:00,Closed,"Sec 279, 337 IPC",Medium,86.6,Standard Monitoring
KSP/UDU/2024/01965,CrPC OFFENCES,Udupi,Manipal,13.395,74.6755,2024-07-26 07:59:00,Solved,"Sec 107, 151 CrPC",Low,89.2,Standard Monitoring
KSP/TUM/2024/01966,MOTOR VEHICLE ACCIDENTS NON-FATAL,Tumakuru,Tiptur,13.3861,77.1201,2024-12-29 12:24:00,Closed,"Sec 279, 337 IPC",Medium,94.9,Standard Monitoring
KSP/BEL/2025/01967,HURT / ASSAULT,Belagavi,Camp PS,15.8577,74.5698,2025-04-29 00:27:00,Solved,"Sec 323, 324, 504 IPC",High,86.8,High Risk Zone
KSP/BEL/2024/01968,CrPC OFFENCES,Belagavi,Tilakwadi,15.7862,74.4866,2024-09-11 15:01:00,Pending,"Sec 107, 151 CrPC",Low,95.2,Standard Monitoring
KSP/MYS/2025/01969,HURT / ASSAULT,Mysuru,Lashkar PS,12.2821,76.6616,2025-07-02 18:39:00,Charge Sheeted,"Sec 323, 324, 504 IPC",High,96.0,High Risk Zone
KSP/BID/2024/01970,THEFT,Bidar,Basavakalyan,17.9755,77.5518,2024-11-23 15:18:00,Charge Sheeted,Sec 379 IPC,Medium,86.1,Standard Monitoring
KSP/BEN/2025/01971,CYBER CRIME & FRAUD,Bengaluru City,Electronic City,13.0171,77.5932,2025-03-25 11:04:00,Solved,"Sec 66D IT Act, 420 IPC",High,86.2,High Risk Zone
KSP/BEN/2025/01972,MISSING PERSON,Bengaluru City,Hebbal,12.9457,77.6676,2025-06-13 14:35:00,Closed,Sec 363 IPC,Medium,85.4,Standard Monitoring
KSP/DAV/2024/01973,MOTOR VEHICLE ACCIDENTS NON-FATAL,Davanagere,Azad Nagar,14.4398,75.9518,2024-01-02 20:19:00,Investigating,"Sec 279, 337 IPC",Medium,88.2,Standard Monitoring
KSP/BEN/2024/01974,MOTOR VEHICLE ACCIDENTS NON-FATAL,Bengaluru City,Jayanagar,13.0105,77.609,2024-12-10 00:48:00,Solved,"Sec 279, 337 IPC",Medium,92.4,Standard Monitoring
KSP/BEN/2024/01975,CrPC OFFENCES,Bengaluru Dist,Hosakote,13.021,77.5091,2024-04-27 05:06:00,Pending,"Sec 107, 151 CrPC",Low,85.9,Standard Monitoring
KSP/BEN/2026/01976,MOTOR VEHICLE ACCIDENTS NON-FATAL,Bengaluru City,Hebbal,12.9932,77.6092,2026-01-01 21:42:00,Investigating,"Sec 279, 337 IPC",Medium,86.6,Standard Monitoring
KSP/KOL/2025/01977,ROBBERY / DACOITY,Kolar,Bangarapet,13.0785,78.1902,2025-05-29 18:36:00,Pending,"Sec 392, 395 IPC",Critical,86.6,High Risk Zone
KSP/BEN/2026/01978,HURT / ASSAULT,Bengaluru City,Whitefield,12.8929,77.6708,2026-03-28 04:08:00,Pending,"Sec 323, 324, 504 IPC",High,95.1,High Risk Zone
KSP/MYS/2025/01979,BURGLARY / HOUSE BREAKING,Mysuru,Nazarbad,12.3584,76.6096,2025-07-25 19:19:00,Investigating,"Sec 454, 457, 380 IPC",High,92.3,High Risk Zone
KSP/DAV/2025/01980,MISSING PERSON,Davanagere,Vidyanagar,14.4491,75.9149,2025-05-18 20:11:00,Charge Sheeted,Sec 363 IPC,Medium,93.1,Standard Monitoring
KSP/BEN/2025/01981,KPA 1963 VIOLATIONS,Bengaluru Dist,Nelamangala,13.0332,77.6104,2025-11-17 17:56:00,Closed,"Sec 78, 87 KPA",Low,94.2,Standard Monitoring
KSP/BEN/2025/01982,HURT / ASSAULT,Bengaluru City,Koramangala,12.9357,77.5719,2025-06-25 12:31:00,Closed,"Sec 323, 324, 504 IPC",High,86.4,High Risk Zone
KSP/BEN/2025/01983,MOTOR VEHICLE ACCIDENTS NON-FATAL,Bengaluru City,Yelahanka,12.899,77.6559,2025-04-12 12:01:00,Closed,"Sec 279, 337 IPC",Medium,89.9,Standard Monitoring
KSP/MYS/2025/01984,MOTOR VEHICLE ACCIDENTS NON-FATAL,Mysuru,Vidyaranyapuram,12.2886,76.7009,2025-11-29 07:25:00,Investigating,"Sec 279, 337 IPC",Medium,91.7,Standard Monitoring
KSP/VIJ/2026/01985,MOTOR VEHICLE ACCIDENTS NON-FATAL,Vijayanagara,Harapanahalli,15.2325,76.4032,2026-06-09 09:48:00,Charge Sheeted,"Sec 279, 337 IPC",Medium,95.4,Standard Monitoring
KSP/CHI/2025/01986,MOTOR VEHICLE ACCIDENTS NON-FATAL,Chikkaballapura,Gauribidanur,13.4749,77.6655,2025-04-07 03:12:00,Solved,"Sec 279, 337 IPC",Medium,95.0,Standard Monitoring
KSP/BEL/2024/01987,MISSING PERSON,Belagavi,Gokak,15.7902,74.4569,2024-04-12 07:11:00,Investigating,Sec 363 IPC,Medium,94.4,Standard Monitoring
KSP/HAV/2025/01988,MOTOR VEHICLE ACCIDENTS NON-FATAL,Haveri,Byadgi,14.8741,75.4353,2025-03-25 12:55:00,Investigating,"Sec 279, 337 IPC",Medium,89.2,Standard Monitoring
KSP/BEN/2024/01989,CrPC OFFENCES,Bengaluru City,Jayanagar,12.9741,77.5237,2024-04-05 12:12:00,Investigating,"Sec 107, 151 CrPC",Low,86.8,Standard Monitoring
KSP/BEN/2024/01990,BURGLARY / HOUSE BREAKING,Bengaluru City,Indiranagar,13.0271,77.5851,2024-12-23 19:10:00,Solved,"Sec 454, 457, 380 IPC",High,86.1,High Risk Zone
KSP/HAS/2025/01991,MISSING PERSON,Hassan,Arsikere,12.9729,76.0787,2025-04-13 22:26:00,Closed,Sec 363 IPC,Medium,96.1,Standard Monitoring
KSP/BEL/2025/01992,MOTOR VEHICLE ACCIDENTS NON-FATAL,Belagavi,Market PS,15.8933,74.4936,2025-08-22 05:26:00,Closed,"Sec 279, 337 IPC",Medium,88.7,Standard Monitoring
KSP/BEN/2024/01993,BURGLARY / HOUSE BREAKING,Bengaluru City,Whitefield,12.9677,77.5816,2024-12-21 11:52:00,Closed,"Sec 454, 457, 380 IPC",High,96.6,High Risk Zone
KSP/BEL/2025/01994,KPA 1963 VIOLATIONS,Belagavi,Khade Bazar,15.8613,74.4666,2025-03-20 22:14:00,Charge Sheeted,"Sec 78, 87 KPA",Low,85.8,Standard Monitoring
KSP/BEN/2024/01995,THEFT,Bengaluru City,Jayanagar,13.0292,77.6584,2024-04-04 02:36:00,Investigating,Sec 379 IPC,Medium,94.4,Standard Monitoring
KSP/MYS/2026/01996,CrPC OFFENCES,Mysuru,KRS Road,12.2313,76.657,2026-05-10 13:06:00,Pending,"Sec 107, 151 CrPC",Low,85.7,Standard Monitoring
KSP/MAN/2026/01997,MISSING PERSON,Mangaluru,Kadri,12.9746,74.83,2026-02-27 16:38:00,Pending,Sec 363 IPC,Medium,97.7,Standard Monitoring
KSP/MYS/2024/01998,MISSING PERSON,Mysuru,Nazarbad,12.3832,76.6438,2024-10-10 01:37:00,Solved,Sec 363 IPC,Medium,93.1,Standard Monitoring
KSP/BEN/2024/01999,HURT / ASSAULT,Bengaluru City,Cubbon Park,12.9315,77.5973,2024-08-07 00:56:00,Charge Sheeted,"Sec 323, 324, 504 IPC",High,94.4,High Risk Zone
KSP/BEL/2024/02000,MOTOR VEHICLE ACCIDENTS NON-FATAL,Belagavi,Camp PS,15.8653,74.4939,2024-01-12 21:27:00,Investigating,"Sec 279, 337 IPC",Medium,90.0,Standard Monitoring
KSP/BID/2025/02001,CrPC OFFENCES,Bidar,Bhalki,17.8724,77.5981,2025-03-02 21:56:00,Closed,"Sec 107, 151 CrPC",Low,85.2,Standard Monitoring
KSP/BAG/2026/02002,MOTOR VEHICLE ACCIDENTS NON-FATAL,Bagalkote,Town PS,16.2637,75.7145,2026-04-15 18:47:00,Investigating,"Sec 279, 337 IPC",Medium,86.2,Standard Monitoring
KSP/HUB/2025/02003,MISSING PERSON,Hubballi-Dharwad,Dharwad Town,15.3228,75.1333,2025-09-13 01:37:00,Investigating,Sec 363 IPC,Medium,89.0,Standard Monitoring
KSP/BEN/2024/02004,MOTOR VEHICLE ACCIDENTS NON-FATAL,Bengaluru City,Indiranagar,12.9304,77.6376,2024-05-28 02:14:00,Solved,"Sec 279, 337 IPC",Medium,92.9,Standard Monitoring
KSP/BAG/2025/02005,MOTOR VEHICLE ACCIDENTS NON-FATAL,Bagalkote,Ilkal,16.1801,75.6528,2025-12-31 18:17:00,Closed,"Sec 279, 337 IPC",Medium,95.6,Standard Monitoring
KSP/BEN/2024/02006,NARCOTICS (NDPS),Bengaluru Dist,Doddaballapura,13.0353,77.5576,2024-03-13 07:12:00,Solved,"Sec 20(b), 22 NDPS Act",Critical,93.8,High Risk Zone
KSP/BAG/2024/02007,KPA 1963 VIOLATIONS,Bagalkote,Jamkhandi,16.2614,75.7588,2024-06-22 16:09:00,Pending,"Sec 78, 87 KPA",Low,97.4,Standard Monitoring
KSP/SHI/2026/02008,KPA 1963 VIOLATIONS,Shivamogga,Bhadravathi,13.9007,75.5917,2026-01-13 23:46:00,Pending,"Sec 78, 87 KPA",Low,87.6,Standard Monitoring
KSP/RAM/2024/02009,NARCOTICS (NDPS),Ramanagara,Channapatna,12.7894,77.271,2024-05-31 12:44:00,Investigating,"Sec 20(b), 22 NDPS Act",Critical,93.3,High Risk Zone
KSP/RAI/2026/02010,CrPC OFFENCES,Raichur,Market PS,16.2248,77.4077,2026-02-27 15:38:00,Solved,"Sec 107, 151 CrPC",Low,88.6,Standard Monitoring
KSP/BEN/2026/02011,MISSING PERSON,Bengaluru City,Whitefield,13.0014,77.5594,2026-07-09 13:40:00,Investigating,Sec 363 IPC,Medium,95.7,Standard Monitoring
KSP/BEN/2025/02012,CrPC OFFENCES,Bengaluru Dist,Hosakote,13.0517,77.6433,2025-11-27 02:58:00,Closed,"Sec 107, 151 CrPC",Low,89.6,Standard Monitoring
KSP/BEN/2024/02013,MOTOR VEHICLE ACCIDENTS NON-FATAL,Bengaluru City,Whitefield,12.9954,77.5761,2024-01-22 21:51:00,Closed,"Sec 279, 337 IPC",Medium,97.7,Standard Monitoring
KSP/BEN/2024/02014,MOTOR VEHICLE ACCIDENTS NON-FATAL,Bengaluru City,Hebbal,12.9487,77.6688,2024-08-26 04:05:00,Solved,"Sec 279, 337 IPC",Medium,97.9,Standard Monitoring
KSP/CHI/2025/02015,KPA 1963 VIOLATIONS,Chikkaballapura,Chintamani,13.5022,77.6527,2025-10-14 05:45:00,Pending,"Sec 78, 87 KPA",Low,89.4,Standard Monitoring
KSP/BAL/2025/02016,MISSING PERSON,Ballari,Hospet Town,15.0661,76.9625,2025-04-15 02:56:00,Pending,Sec 363 IPC,Medium,85.6,Standard Monitoring
KSP/MYS/2025/02017,KPA 1963 VIOLATIONS,Mysuru,Lashkar PS,12.3687,76.6254,2025-04-12 08:24:00,Charge Sheeted,"Sec 78, 87 KPA",Low,98.5,Standard Monitoring
KSP/BEN/2024/02018,THEFT,Bengaluru Dist,Hosakote,13.1497,77.515,2024-06-03 21:30:00,Closed,Sec 379 IPC,Medium,91.7,Standard Monitoring
KSP/BEN/2025/02019,THEFT,Bengaluru City,Hebbal,12.9351,77.5606,2025-09-09 06:39:00,Solved,Sec 379 IPC,Medium,91.7,Standard Monitoring
KSP/BEN/2024/02020,THEFT,Bengaluru City,Jayanagar,12.8918,77.6071,2024-11-07 18:03:00,Closed,Sec 379 IPC,Medium,93.4,Standard Monitoring
KSP/TUM/2025/02021,HURT / ASSAULT,Tumakuru,Town PS,13.3337,77.0351,2025-08-28 09:09:00,Pending,"Sec 323, 324, 504 IPC",High,88.6,High Risk Zone
KSP/BEN/2024/02022,MOTOR VEHICLE ACCIDENTS NON-FATAL,Bengaluru City,Indiranagar,12.9019,77.6387,2024-10-02 04:31:00,Charge Sheeted,"Sec 279, 337 IPC",Medium,97.6,Standard Monitoring
KSP/MAN/2024/02023,HURT / ASSAULT,Mangaluru,Barkarke,12.9475,74.8137,2024-10-20 00:47:00,Solved,"Sec 323, 324, 504 IPC",High,90.8,High Risk Zone
KSP/BEN/2025/02024,CrPC OFFENCES,Bengaluru City,Indiranagar,12.9276,77.642,2025-12-18 11:02:00,Solved,"Sec 107, 151 CrPC",Low,96.1,Standard Monitoring
KSP/BEL/2026/02025,BURGLARY / HOUSE BREAKING,Belagavi,Market PS,15.832,74.5094,2026-05-02 21:11:00,Investigating,"Sec 454, 457, 380 IPC",High,85.1,High Risk Zone
KSP/CHI/2025/02026,THEFT,Chikkaballapura,Town PS,13.4758,77.665,2025-01-29 11:23:00,Solved,Sec 379 IPC,Medium,93.6,Standard Monitoring
KSP/BAL/2026/02027,MISSING PERSON,Ballari,Gandhinagar,15.1467,76.8552,2026-06-18 08:40:00,Solved,Sec 363 IPC,Medium,91.2,Standard Monitoring
KSP/HAV/2025/02028,HURT / ASSAULT,Haveri,Town PS,14.7172,75.3341,2025-02-21 18:05:00,Pending,"Sec 323, 324, 504 IPC",High,87.7,High Risk Zone
KSP/BEN/2024/02029,MOTOR VEHICLE ACCIDENTS NON-FATAL,Bengaluru Dist,Nelamangala,13.1475,77.6365,2024-03-15 12:33:00,Charge Sheeted,"Sec 279, 337 IPC",Medium,89.8,Standard Monitoring
KSP/BEL/2024/02030,MOTOR VEHICLE ACCIDENTS NON-FATAL,Belagavi,Khade Bazar,15.8052,74.5681,2024-06-15 15:17:00,Solved,"Sec 279, 337 IPC",Medium,96.2,Standard Monitoring
KSP/BEN/2025/02031,KPA 1963 VIOLATIONS,Bengaluru City,Hebbal,12.9758,77.6452,2025-09-15 09:08:00,Investigating,"Sec 78, 87 KPA",Low,88.9,Standard Monitoring
KSP/KOL/2025/02032,THEFT,Kolar,Gulpet,13.2128,78.0701,2025-02-25 20:51:00,Closed,Sec 379 IPC,Medium,92.6,Standard Monitoring
KSP/BEN/2026/02033,HURT / ASSAULT,Bengaluru City,Koramangala,13.0297,77.6045,2026-06-06 15:38:00,Investigating,"Sec 323, 324, 504 IPC",High,93.2,High Risk Zone
KSP/HUB/2026/02034,MOTOR VEHICLE ACCIDENTS NON-FATAL,Hubballi-Dharwad,Vidyagiri,15.4054,75.0741,2026-05-09 07:55:00,Solved,"Sec 279, 337 IPC",Medium,87.0,Standard Monitoring
KSP/BEN/2024/02035,MOTOR VEHICLE ACCIDENTS NON-FATAL,Bengaluru City,Electronic City,12.9558,77.5941,2024-04-03 02:58:00,Solved,"Sec 279, 337 IPC",Medium,89.1,Standard Monitoring
KSP/MYS/2024/02036,HURT / ASSAULT,Mysuru,Lashkar PS,12.3493,76.6245,2024-09-09 02:01:00,Pending,"Sec 323, 324, 504 IPC",High,85.1,High Risk Zone
KSP/GAD/2024/02037,HURT / ASSAULT,Gadag,Nargund,15.3876,75.5844,2024-02-24 13:32:00,Closed,"Sec 323, 324, 504 IPC",High,87.6,High Risk Zone
KSP/TUM/2025/02038,MOTOR VEHICLE ACCIDENTS NON-FATAL,Tumakuru,Gubbi,13.2671,77.164,2025-04-24 14:05:00,Investigating,"Sec 279, 337 IPC",Medium,95.3,Standard Monitoring
KSP/MAN/2026/02039,MISSING PERSON,Mangaluru,Kadri,12.8485,74.8524,2026-02-19 10:00:00,Charge Sheeted,Sec 363 IPC,Medium,87.3,Standard Monitoring
KSP/BEN/2024/02040,MOTOR VEHICLE ACCIDENTS NON-FATAL,Bengaluru City,Cubbon Park,12.8945,77.5294,2024-12-31 04:49:00,Investigating,"Sec 279, 337 IPC",Medium,85.9,Standard Monitoring
KSP/HAS/2024/02041,HURT / ASSAULT,Hassan,City PS,13.0391,76.1,2024-02-02 10:51:00,Investigating,"Sec 323, 324, 504 IPC",High,91.1,High Risk Zone
KSP/RAM/2026/02042,CYBER CRIME & FRAUD,Ramanagara,Channapatna,12.7456,77.29,2026-03-11 23:32:00,Solved,"Sec 66D IT Act, 420 IPC",High,90.3,High Risk Zone
KSP/RAM/2024/02043,ROBBERY / DACOITY,Ramanagara,Magadi,12.717,77.2459,2024-05-09 03:06:00,Solved,"Sec 392, 395 IPC",Critical,91.8,High Risk Zone
KSP/UDU/2026/02044,MOTOR VEHICLE ACCIDENTS NON-FATAL,Udupi,Kundapura,13.3642,74.7502,2026-03-18 15:19:00,Closed,"Sec 279, 337 IPC",Medium,94.6,Standard Monitoring
KSP/BEN/2024/02045,CYBER CRIME & FRAUD,Bengaluru City,Whitefield,12.9245,77.6366,2024-02-27 16:59:00,Pending,"Sec 66D IT Act, 420 IPC",High,89.3,High Risk Zone
KSP/MYS/2024/02046,CrPC OFFENCES,Mysuru,Vidyaranyapuram,12.2839,76.5921,2024-05-15 12:09:00,Solved,"Sec 107, 151 CrPC",Low,92.7,Standard Monitoring
KSP/UDU/2025/02047,CrPC OFFENCES,Udupi,Manipal,13.302,74.7749,2025-03-23 13:48:00,Pending,"Sec 107, 151 CrPC",Low,94.7,Standard Monitoring
KSP/BEN/2024/02048,MOTOR VEHICLE ACCIDENTS NON-FATAL,Bengaluru City,Koramangala,13.0168,77.6727,2024-10-22 16:00:00,Pending,"Sec 279, 337 IPC",Medium,85.3,Standard Monitoring
KSP/VIJ/2025/02049,THEFT,Vijayapura,Indi,16.8178,75.6666,2025-05-06 07:09:00,Pending,Sec 379 IPC,Medium,89.7,Standard Monitoring
KSP/BEN/2025/02050,CYBER CRIME & FRAUD,Bengaluru Dist,Nelamangala,13.1256,77.6643,2025-06-18 23:55:00,Solved,"Sec 66D IT Act, 420 IPC",High,97.2,High Risk Zone
KSP/BEN/2025/02051,MISSING PERSON,Bengaluru City,Hebbal,12.9161,77.6652,2025-02-21 07:43:00,Solved,Sec 363 IPC,Medium,88.2,Standard Monitoring
KSP/BEN/2025/02052,HURT / ASSAULT,Bengaluru City,Hebbal,13.0196,77.6503,2025-11-22 17:57:00,Investigating,"Sec 323, 324, 504 IPC",High,98.2,High Risk Zone
KSP/KAL/2025/02053,CrPC OFFENCES,Kalaburagi,Ashok Nagar,17.3487,76.8228,2025-04-02 08:24:00,Charge Sheeted,"Sec 107, 151 CrPC",Low,96.6,Standard Monitoring
KSP/BEN/2026/02054,MISSING PERSON,Bengaluru City,Koramangala,12.9194,77.5195,2026-01-29 11:38:00,Solved,Sec 363 IPC,Medium,90.4,Standard Monitoring
KSP/CHI/2025/02055,MOTOR VEHICLE ACCIDENTS NON-FATAL,Chitradurga,Hiriyur,14.1865,76.3228,2025-09-08 08:42:00,Charge Sheeted,"Sec 279, 337 IPC",Medium,86.0,Standard Monitoring
KSP/BEN/2026/02056,THEFT,Bengaluru City,Whitefield,12.9809,77.6004,2026-06-17 22:19:00,Closed,Sec 379 IPC,Medium,92.6,Standard Monitoring
KSP/BEN/2024/02057,MISSING PERSON,Bengaluru City,Yelahanka,12.9288,77.6275,2024-04-30 08:43:00,Investigating,Sec 363 IPC,Medium,98.3,Standard Monitoring
KSP/BEN/2026/02058,HURT / ASSAULT,Bengaluru City,Electronic City,13.0228,77.5632,2026-05-02 17:58:00,Pending,"Sec 323, 324, 504 IPC",High,91.0,High Risk Zone
KSP/VIJ/2026/02059,THEFT,Vijayapura,Adarsh Nagar,16.829,75.7108,2026-05-22 06:29:00,Charge Sheeted,Sec 379 IPC,Medium,91.1,Standard Monitoring
KSP/BEN/2024/02060,NARCOTICS (NDPS),Bengaluru City,Koramangala,13.0092,77.5654,2024-08-19 22:06:00,Pending,"Sec 20(b), 22 NDPS Act",Critical,88.8,High Risk Zone
KSP/BEN/2025/02061,MISSING PERSON,Bengaluru City,Yelahanka,13.0055,77.5538,2025-03-29 02:48:00,Investigating,Sec 363 IPC,Medium,90.9,Standard Monitoring
KSP/BEN/2024/02062,THEFT,Bengaluru City,Indiranagar,12.9404,77.6294,2024-03-04 20:17:00,Pending,Sec 379 IPC,Medium,88.3,Standard Monitoring
KSP/BEN/2026/02063,CrPC OFFENCES,Bengaluru Dist,Hosakote,13.1425,77.6019,2026-01-04 15:02:00,Closed,"Sec 107, 151 CrPC",Low,95.2,Standard Monitoring
KSP/BID/2024/02064,CYBER CRIME & FRAUD,Bidar,Basavakalyan,17.9076,77.4607,2024-02-23 22:39:00,Solved,"Sec 66D IT Act, 420 IPC",High,94.6,High Risk Zone
KSP/VIJ/2026/02065,MOTOR VEHICLE ACCIDENTS NON-FATAL,Vijayanagara,Harapanahalli,15.3105,76.4145,2026-02-22 12:00:00,Charge Sheeted,"Sec 279, 337 IPC",Medium,98.4,Standard Monitoring
KSP/MYS/2025/02066,HURT / ASSAULT,Mysuru,Devaraja PS,12.2511,76.6914,2025-05-14 11:01:00,Pending,"Sec 323, 324, 504 IPC",High,97.1,High Risk Zone
KSP/BEL/2025/02067,CrPC OFFENCES,Belagavi,Tilakwadi,15.77,74.5415,2025-05-04 02:14:00,Pending,"Sec 107, 151 CrPC",Low,97.2,Standard Monitoring
KSP/BEN/2025/02068,THEFT,Bengaluru Dist,Devanahalli,13.1365,77.5885,2025-12-25 08:48:00,Solved,Sec 379 IPC,Medium,94.8,Standard Monitoring
KSP/BEN/2025/02069,CrPC OFFENCES,Bengaluru City,Jayanagar,12.97,77.5547,2025-01-02 21:50:00,Investigating,"Sec 107, 151 CrPC",Low,88.8,Standard Monitoring
KSP/BEN/2024/02070,CYBER CRIME & FRAUD,Bengaluru City,Cubbon Park,12.9906,77.5162,2024-07-26 04:50:00,Pending,"Sec 66D IT Act, 420 IPC",High,89.9,High Risk Zone
KSP/BEN/2024/02071,CYBER CRIME & FRAUD,Bengaluru City,Electronic City,13.0286,77.6058,2024-02-26 22:25:00,Investigating,"Sec 66D IT Act, 420 IPC",High,89.5,High Risk Zone
KSP/BEN/2024/02072,THEFT,Bengaluru City,Indiranagar,12.9837,77.5635,2024-07-04 19:44:00,Investigating,Sec 379 IPC,Medium,89.6,Standard Monitoring
KSP/BEN/2024/02073,CYBER CRIME & FRAUD,Bengaluru City,Yelahanka,12.909,77.6115,2024-10-15 05:41:00,Charge Sheeted,"Sec 66D IT Act, 420 IPC",High,96.5,High Risk Zone
KSP/BEN/2026/02074,MISSING PERSON,Bengaluru City,Hebbal,13.0049,77.6608,2026-01-31 21:55:00,Closed,Sec 363 IPC,Medium,89.8,Standard Monitoring
KSP/BEN/2025/02075,BURGLARY / HOUSE BREAKING,Bengaluru City,Cubbon Park,13.0349,77.6264,2025-09-24 17:35:00,Pending,"Sec 454, 457, 380 IPC",High,89.0,High Risk Zone
KSP/RAM/2026/02076,HURT / ASSAULT,Ramanagara,Channapatna,12.7535,77.2148,2026-02-03 07:58:00,Solved,"Sec 323, 324, 504 IPC",High,89.0,High Risk Zone
KSP/BEN/2025/02077,CrPC OFFENCES,Bengaluru Dist,Doddaballapura,13.0919,77.5472,2025-03-25 17:03:00,Investigating,"Sec 107, 151 CrPC",Low,94.9,Standard Monitoring
KSP/HUB/2025/02078,CYBER CRIME & FRAUD,Hubballi-Dharwad,Suburban PS,15.3822,75.1994,2025-07-31 14:20:00,Solved,"Sec 66D IT Act, 420 IPC",High,86.9,High Risk Zone
KSP/BEN/2025/02079,CYBER CRIME & FRAUD,Bengaluru City,Yelahanka,12.9881,77.5297,2025-08-29 15:13:00,Pending,"Sec 66D IT Act, 420 IPC",High,96.5,High Risk Zone
KSP/BEL/2025/02080,MOTOR VEHICLE ACCIDENTS NON-FATAL,Belagavi,Camp PS,15.9204,74.5525,2025-09-27 21:54:00,Charge Sheeted,"Sec 279, 337 IPC",Medium,88.9,Standard Monitoring
KSP/SHI/2026/02081,HURT / ASSAULT,Shivamogga,Tunga Nagar,13.9516,75.5733,2026-05-22 01:44:00,Investigating,"Sec 323, 324, 504 IPC",High,87.4,High Risk Zone
KSP/BEN/2024/02082,NARCOTICS (NDPS),Bengaluru City,Cubbon Park,13.0316,77.5915,2024-01-20 00:03:00,Closed,"Sec 20(b), 22 NDPS Act",Critical,87.8,High Risk Zone
KSP/BEN/2025/02083,THEFT,Bengaluru City,Cubbon Park,13.0229,77.6222,2025-02-23 02:28:00,Investigating,Sec 379 IPC,Medium,94.3,Standard Monitoring
KSP/DAV/2024/02084,MISSING PERSON,Davanagere,Vidyanagar,14.5197,75.9635,2024-06-01 22:42:00,Closed,Sec 363 IPC,Medium,98.4,Standard Monitoring
KSP/MYS/2025/02085,NARCOTICS (NDPS),Mysuru,Nazarbad,12.2618,76.6568,2025-03-29 07:23:00,Pending,"Sec 20(b), 22 NDPS Act",Critical,89.3,High Risk Zone
KSP/KOL/2026/02086,MOTOR VEHICLE ACCIDENTS NON-FATAL,Kolar,Town PS,13.1016,78.1383,2026-01-25 20:14:00,Solved,"Sec 279, 337 IPC",Medium,90.0,Standard Monitoring
KSP/BEN/2024/02087,KPA 1963 VIOLATIONS,Bengaluru City,Indiranagar,12.9518,77.5364,2024-02-15 01:14:00,Closed,"Sec 78, 87 KPA",Low,88.7,Standard Monitoring
KSP/MYS/2025/02088,MOTOR VEHICLE ACCIDENTS NON-FATAL,Mysuru,Nazarbad,12.2461,76.6268,2025-09-14 01:39:00,Pending,"Sec 279, 337 IPC",Medium,88.2,Standard Monitoring
KSP/BEN/2024/02089,MOTOR VEHICLE ACCIDENTS NON-FATAL,Bengaluru City,Electronic City,12.9665,77.6641,2024-10-27 02:42:00,Pending,"Sec 279, 337 IPC",Medium,89.0,Standard Monitoring
KSP/BEN/2025/02090,CrPC OFFENCES,Bengaluru City,Indiranagar,12.9629,77.6548,2025-06-01 09:08:00,Closed,"Sec 107, 151 CrPC",Low,93.7,Standard Monitoring
KSP/BEN/2026/02091,BURGLARY / HOUSE BREAKING,Bengaluru City,Whitefield,13.0361,77.6245,2026-06-25 21:35:00,Pending,"Sec 454, 457, 380 IPC",High,94.5,High Risk Zone
KSP/BID/2024/02092,THEFT,Bidar,Gandhi Gunj,17.9786,77.4599,2024-06-11 16:42:00,Charge Sheeted,Sec 379 IPC,Medium,87.8,Standard Monitoring
KSP/BEN/2026/02093,MOTOR VEHICLE ACCIDENTS NON-FATAL,Bengaluru Dist,Nelamangala,13.05,77.5346,2026-01-31 01:54:00,Closed,"Sec 279, 337 IPC",Medium,90.6,Standard Monitoring
KSP/BEN/2024/02094,MOTOR VEHICLE ACCIDENTS NON-FATAL,Bengaluru City,Whitefield,12.8948,77.5482,2024-05-14 14:58:00,Charge Sheeted,"Sec 279, 337 IPC",Medium,91.0,Standard Monitoring
KSP/BEN/2025/02095,CYBER CRIME & FRAUD,Bengaluru City,Jayanagar,13.0357,77.5945,2025-03-05 15:59:00,Charge Sheeted,"Sec 66D IT Act, 420 IPC",High,98.4,High Risk Zone
KSP/UDU/2025/02096,HURT / ASSAULT,Udupi,Kundapura,13.2797,74.7954,2025-06-29 01:04:00,Charge Sheeted,"Sec 323, 324, 504 IPC",High,94.0,High Risk Zone
KSP/DAV/2025/02097,HURT / ASSAULT,Davanagere,PJ Extension,14.5011,75.9959,2025-12-29 05:03:00,Investigating,"Sec 323, 324, 504 IPC",High,87.3,High Risk Zone
KSP/BEN/2025/02098,CrPC OFFENCES,Bengaluru City,Hebbal,12.9899,77.6155,2025-10-12 10:13:00,Closed,"Sec 107, 151 CrPC",Low,87.9,Standard Monitoring
KSP/MYS/2024/02099,THEFT,Mysuru,Lashkar PS,12.3442,76.6726,2024-07-15 03:37:00,Investigating,Sec 379 IPC,Medium,89.5,Standard Monitoring
KSP/DAV/2024/02100,MISSING PERSON,Davanagere,Harihar,14.5264,75.8624,2024-07-17 09:09:00,Charge Sheeted,Sec 363 IPC,Medium,87.4,Standard Monitoring
KSP/BEN/2026/02101,KPA 1963 VIOLATIONS,Bengaluru Dist,Hosakote,13.0645,77.6034,2026-03-19 23:52:00,Charge Sheeted,"Sec 78, 87 KPA",Low,88.4,Standard Monitoring
KSP/TUM/2025/02102,NARCOTICS (NDPS),Tumakuru,Gubbi,13.3858,77.1303,2025-07-22 11:14:00,Charge Sheeted,"Sec 20(b), 22 NDPS Act",Critical,97.8,High Risk Zone
KSP/HAS/2024/02103,CrPC OFFENCES,Hassan,Pension Mohalla,12.9363,76.0297,2024-06-26 15:20:00,Pending,"Sec 107, 151 CrPC",Low,90.5,Standard Monitoring
KSP/BEN/2025/02104,CYBER CRIME & FRAUD,Bengaluru City,Yelahanka,12.9396,77.5927,2025-10-22 16:02:00,Closed,"Sec 66D IT Act, 420 IPC",High,93.7,High Risk Zone
KSP/BEN/2025/02105,KPA 1963 VIOLATIONS,Bengaluru City,Electronic City,12.9529,77.6099,2025-08-05 08:59:00,Solved,"Sec 78, 87 KPA",Low,86.8,Standard Monitoring
KSP/HAS/2025/02106,MOTOR VEHICLE ACCIDENTS NON-FATAL,Hassan,Arsikere,13.0679,76.1668,2025-12-07 17:37:00,Solved,"Sec 279, 337 IPC",Medium,93.9,Standard Monitoring
KSP/UDU/2024/02107,BURGLARY / HOUSE BREAKING,Udupi,Malpe,13.3515,74.7136,2024-07-03 12:25:00,Investigating,"Sec 454, 457, 380 IPC",High,87.9,High Risk Zone
KSP/BEN/2025/02108,CrPC OFFENCES,Bengaluru City,Koramangala,12.8995,77.6162,2025-11-01 22:09:00,Closed,"Sec 107, 151 CrPC",Low,96.4,Standard Monitoring
KSP/BEL/2024/02109,MOTOR VEHICLE ACCIDENTS NON-FATAL,Belagavi,Gokak,15.8013,74.5921,2024-04-29 08:25:00,Pending,"Sec 279, 337 IPC",Medium,89.9,Standard Monitoring
KSP/SHI/2026/02110,MOTOR VEHICLE ACCIDENTS NON-FATAL,Shivamogga,Doddapet,13.9299,75.4944,2026-03-09 21:10:00,Investigating,"Sec 279, 337 IPC",Medium,90.1,Standard Monitoring
KSP/BEL/2025/02111,HURT / ASSAULT,Belagavi,Tilakwadi,15.779,74.468,2025-06-02 16:43:00,Pending,"Sec 323, 324, 504 IPC",High,91.1,High Risk Zone
KSP/MAN/2025/02112,MOTOR VEHICLE ACCIDENTS NON-FATAL,Mangaluru,Panambur,12.9709,74.8041,2025-09-30 01:25:00,Closed,"Sec 279, 337 IPC",Medium,93.1,Standard Monitoring
KSP/HAS/2025/02113,NARCOTICS (NDPS),Hassan,Pension Mohalla,13.0362,76.1486,2025-01-03 13:19:00,Closed,"Sec 20(b), 22 NDPS Act",Critical,89.5,High Risk Zone
KSP/BEL/2024/02114,THEFT,Belagavi,Camp PS,15.8469,74.5408,2024-08-09 00:24:00,Investigating,Sec 379 IPC,Medium,95.0,Standard Monitoring
KSP/TUM/2026/02115,CYBER CRIME & FRAUD,Tumakuru,Gubbi,13.3969,77.0806,2026-01-09 21:50:00,Charge Sheeted,"Sec 66D IT Act, 420 IPC",High,91.9,High Risk Zone
KSP/BEN/2024/02116,THEFT,Bengaluru City,Whitefield,12.9058,77.5395,2024-09-11 14:13:00,Charge Sheeted,Sec 379 IPC,Medium,94.8,Standard Monitoring
KSP/BEN/2026/02117,HURT / ASSAULT,Bengaluru City,Cubbon Park,12.9015,77.658,2026-01-21 14:04:00,Pending,"Sec 323, 324, 504 IPC",High,91.4,High Risk Zone
KSP/UDU/2026/02118,BURGLARY / HOUSE BREAKING,Udupi,Manipal,13.3542,74.7241,2026-05-10 18:03:00,Investigating,"Sec 454, 457, 380 IPC",High,93.6,High Risk Zone
KSP/RAI/2025/02119,KPA 1963 VIOLATIONS,Raichur,Sindhanur,16.2619,77.3583,2025-02-10 09:18:00,Closed,"Sec 78, 87 KPA",Low,87.2,Standard Monitoring
KSP/BAL/2025/02120,MOTOR VEHICLE ACCIDENTS NON-FATAL,Ballari,Gandhinagar,15.0836,76.9994,2025-04-08 13:47:00,Pending,"Sec 279, 337 IPC",Medium,97.6,Standard Monitoring
KSP/BEN/2025/02121,THEFT,Bengaluru City,Yelahanka,13.0509,77.522,2025-02-11 20:33:00,Investigating,Sec 379 IPC,Medium,91.8,Standard Monitoring
KSP/BEN/2024/02122,ROBBERY / DACOITY,Bengaluru Dist,Doddaballapura,13.1278,77.6469,2024-06-10 15:21:00,Pending,"Sec 392, 395 IPC",Critical,93.8,High Risk Zone
KSP/BEN/2026/02123,MISSING PERSON,Bengaluru Dist,Doddaballapura,13.1337,77.5678,2026-06-01 10:11:00,Closed,Sec 363 IPC,Medium,86.4,Standard Monitoring
KSP/KAL/2025/02124,BURGLARY / HOUSE BREAKING,Kalaburagi,Ashok Nagar,17.3713,76.8641,2025-01-04 16:22:00,Solved,"Sec 454, 457, 380 IPC",High,97.6,High Risk Zone
KSP/BAG/2024/02125,CYBER CRIME & FRAUD,Bagalkote,Ilkal,16.1322,75.7668,2024-04-22 06:20:00,Charge Sheeted,"Sec 66D IT Act, 420 IPC",High,92.2,High Risk Zone
KSP/BEN/2025/02126,HURT / ASSAULT,Bengaluru City,Yelahanka,13.0366,77.5843,2025-12-18 03:15:00,Closed,"Sec 323, 324, 504 IPC",High,87.8,High Risk Zone
KSP/MYS/2025/02127,MOTOR VEHICLE ACCIDENTS NON-FATAL,Mysuru,Devaraja PS,12.2451,76.6137,2025-04-13 01:49:00,Investigating,"Sec 279, 337 IPC",Medium,88.6,Standard Monitoring
KSP/BEN/2024/02128,MISSING PERSON,Bengaluru City,Indiranagar,13.0009,77.648,2024-10-11 09:56:00,Charge Sheeted,Sec 363 IPC,Medium,85.8,Standard Monitoring
KSP/BEN/2024/02129,KPA 1963 VIOLATIONS,Bengaluru City,Hebbal,12.9689,77.5222,2024-05-01 11:50:00,Closed,"Sec 78, 87 KPA",Low,93.1,Standard Monitoring
KSP/KOD/2024/02130,MISSING PERSON,Kodagu,Kushalnagar,12.4948,75.744,2024-06-29 18:27:00,Closed,Sec 363 IPC,Medium,91.9,Standard Monitoring
KSP/TUM/2025/02131,BURGLARY / HOUSE BREAKING,Tumakuru,Gubbi,13.3495,77.1237,2025-08-29 07:03:00,Solved,"Sec 454, 457, 380 IPC",High,90.2,High Risk Zone
KSP/BAG/2024/02132,THEFT,Bagalkote,Jamkhandi,16.2275,75.683,2024-09-25 01:19:00,Charge Sheeted,Sec 379 IPC,Medium,89.7,Standard Monitoring
KSP/MAN/2025/02133,MOTOR VEHICLE ACCIDENTS NON-FATAL,Mangaluru,Kadri,12.9142,74.9183,2025-05-15 21:06:00,Charge Sheeted,"Sec 279, 337 IPC",Medium,90.2,Standard Monitoring
KSP/DAV/2025/02134,CYBER CRIME & FRAUD,Davanagere,Harihar,14.5239,75.8969,2025-12-14 00:23:00,Charge Sheeted,"Sec 66D IT Act, 420 IPC",High,92.1,High Risk Zone
KSP/BEN/2024/02135,MOTOR VEHICLE ACCIDENTS NON-FATAL,Bengaluru City,Electronic City,12.9384,77.6389,2024-04-19 21:39:00,Charge Sheeted,"Sec 279, 337 IPC",Medium,85.7,Standard Monitoring
KSP/RAM/2024/02136,CrPC OFFENCES,Ramanagara,Channapatna,12.6706,77.3406,2024-03-19 19:33:00,Pending,"Sec 107, 151 CrPC",Low,90.6,Standard Monitoring
KSP/KAL/2024/02137,THEFT,Kalaburagi,Station Bazar,17.4024,76.8204,2024-03-03 11:52:00,Charge Sheeted,Sec 379 IPC,Medium,98.3,Standard Monitoring
KSP/BEN/2025/02138,MOTOR VEHICLE ACCIDENTS NON-FATAL,Bengaluru City,Indiranagar,12.9966,77.6129,2025-11-06 23:04:00,Charge Sheeted,"Sec 279, 337 IPC",Medium,87.5,Standard Monitoring
KSP/VIJ/2024/02139,NARCOTICS (NDPS),Vijayapura,Gol Gumbaz PS,16.7742,75.7022,2024-12-30 15:37:00,Charge Sheeted,"Sec 20(b), 22 NDPS Act",Critical,89.8,High Risk Zone
KSP/HUB/2025/02140,MOTOR VEHICLE ACCIDENTS NON-FATAL,Hubballi-Dharwad,Suburban PS,15.3644,75.2039,2025-01-28 22:46:00,Investigating,"Sec 279, 337 IPC",Medium,87.5,Standard Monitoring
KSP/BID/2024/02141,THEFT,Bidar,Basavakalyan,17.8536,77.4492,2024-12-23 17:32:00,Closed,Sec 379 IPC,Medium,86.9,Standard Monitoring
KSP/VIJ/2026/02142,MOTOR VEHICLE ACCIDENTS NON-FATAL,Vijayapura,Gandhi Chowk,16.753,75.6862,2026-04-09 18:48:00,Closed,"Sec 279, 337 IPC",Medium,87.5,Standard Monitoring
KSP/BEN/2025/02143,CrPC OFFENCES,Bengaluru City,Koramangala,13.0226,77.6229,2025-01-06 08:47:00,Pending,"Sec 107, 151 CrPC",Low,98.1,Standard Monitoring
KSP/BEN/2025/02144,MOTOR VEHICLE ACCIDENTS NON-FATAL,Bengaluru City,Yelahanka,12.9929,77.6485,2025-06-14 02:42:00,Charge Sheeted,"Sec 279, 337 IPC",Medium,92.2,Standard Monitoring
KSP/BEN/2025/02145,MISSING PERSON,Bengaluru Dist,Nelamangala,13.0129,77.6103,2025-07-08 16:18:00,Closed,Sec 363 IPC,Medium,87.8,Standard Monitoring
KSP/BEN/2026/02146,BURGLARY / HOUSE BREAKING,Bengaluru City,Yelahanka,12.8998,77.5623,2026-03-04 20:54:00,Closed,"Sec 454, 457, 380 IPC",High,97.0,High Risk Zone
KSP/MYS/2024/02147,CrPC OFFENCES,Mysuru,Nazarbad,12.242,76.676,2024-03-07 01:24:00,Charge Sheeted,"Sec 107, 151 CrPC",Low,90.9,Standard Monitoring
KSP/KOL/2024/02148,MOTOR VEHICLE ACCIDENTS NON-FATAL,Kolar,Town PS,13.1845,78.1551,2024-12-04 08:35:00,Investigating,"Sec 279, 337 IPC",Medium,95.6,Standard Monitoring
KSP/RAM/2024/02149,MOTOR VEHICLE ACCIDENTS NON-FATAL,Ramanagara,Magadi,12.7314,77.2951,2024-10-23 20:31:00,Closed,"Sec 279, 337 IPC",Medium,97.0,Standard Monitoring
KSP/HAV/2025/02150,MOTOR VEHICLE ACCIDENTS NON-FATAL,Haveri,Ranebennur,14.8112,75.3719,2025-11-16 06:44:00,Closed,"Sec 279, 337 IPC",Medium,95.0,Standard Monitoring
KSP/BID/2025/02151,HURT / ASSAULT,Bidar,Market PS,17.8668,77.558,2025-08-21 16:29:00,Investigating,"Sec 323, 324, 504 IPC",High,94.2,High Risk Zone
KSP/BEN/2025/02152,MOTOR VEHICLE ACCIDENTS NON-FATAL,Bengaluru City,Electronic City,12.9357,77.5951,2025-06-28 14:11:00,Solved,"Sec 279, 337 IPC",Medium,86.4,Standard Monitoring
KSP/BEN/2025/02153,MISSING PERSON,Bengaluru Dist,Hosakote,13.1034,77.5552,2025-09-13 03:05:00,Investigating,Sec 363 IPC,Medium,96.7,Standard Monitoring
KSP/MYS/2025/02154,CYBER CRIME & FRAUD,Mysuru,Lashkar PS,12.3477,76.5898,2025-01-04 18:11:00,Solved,"Sec 66D IT Act, 420 IPC",High,93.4,High Risk Zone
KSP/BEN/2026/02155,MISSING PERSON,Bengaluru City,Jayanagar,13.0314,77.6056,2026-03-14 11:31:00,Investigating,Sec 363 IPC,Medium,94.2,Standard Monitoring
KSP/MAN/2025/02156,CYBER CRIME & FRAUD,Mandya,East PS,12.5517,76.9596,2025-01-28 10:08:00,Closed,"Sec 66D IT Act, 420 IPC",High,92.6,High Risk Zone
KSP/MYS/2026/02157,MOTOR VEHICLE ACCIDENTS NON-FATAL,Mysuru,Devaraja PS,12.3217,76.6202,2026-03-21 10:54:00,Charge Sheeted,"Sec 279, 337 IPC",Medium,85.1,Standard Monitoring
KSP/BEN/2026/02158,THEFT,Bengaluru City,Indiranagar,12.9786,77.5872,2026-01-15 16:04:00,Charge Sheeted,Sec 379 IPC,Medium,91.9,Standard Monitoring
KSP/BAL/2026/02159,MOTOR VEHICLE ACCIDENTS NON-FATAL,Ballari,Hospet Town,15.0865,76.8957,2026-05-16 16:32:00,Solved,"Sec 279, 337 IPC",Medium,94.4,Standard Monitoring
KSP/BEN/2025/02160,MOTOR VEHICLE ACCIDENTS NON-FATAL,Bengaluru City,Whitefield,12.9384,77.5647,2025-08-25 06:17:00,Pending,"Sec 279, 337 IPC",Medium,97.1,Standard Monitoring
KSP/HUB/2025/02161,MISSING PERSON,Hubballi-Dharwad,Gokul Road,15.3697,75.1716,2025-07-01 12:28:00,Closed,Sec 363 IPC,Medium,95.3,Standard Monitoring
KSP/BEN/2024/02162,KPA 1963 VIOLATIONS,Bengaluru City,Yelahanka,13.0129,77.535,2024-07-28 20:55:00,Pending,"Sec 78, 87 KPA",Low,96.3,Standard Monitoring
KSP/KOL/2025/02163,THEFT,Kolar,Town PS,13.075,78.1591,2025-02-24 10:06:00,Pending,Sec 379 IPC,Medium,89.7,Standard Monitoring
KSP/BEN/2024/02164,CYBER CRIME & FRAUD,Bengaluru Dist,Nelamangala,13.1611,77.6304,2024-06-12 03:58:00,Charge Sheeted,"Sec 66D IT Act, 420 IPC",High,90.7,High Risk Zone
KSP/BEL/2025/02165,CrPC OFFENCES,Belagavi,Gokak,15.894,74.5234,2025-07-11 03:50:00,Solved,"Sec 107, 151 CrPC",Low,86.5,Standard Monitoring
KSP/MYS/2026/02166,HURT / ASSAULT,Mysuru,Nazarbad,12.2426,76.6642,2026-02-09 21:11:00,Solved,"Sec 323, 324, 504 IPC",High,89.0,High Risk Zone
KSP/KAL/2025/02167,THEFT,Kalaburagi,Ashok Nagar,17.2601,76.7797,2025-07-11 03:03:00,Investigating,Sec 379 IPC,Medium,96.0,Standard Monitoring
KSP/BEL/2024/02168,MISSING PERSON,Belagavi,Market PS,15.8164,74.5266,2024-05-09 12:42:00,Charge Sheeted,Sec 363 IPC,Medium,94.0,Standard Monitoring
KSP/BEN/2024/02169,MISSING PERSON,Bengaluru Dist,Doddaballapura,13.0558,77.584,2024-11-09 09:53:00,Solved,Sec 363 IPC,Medium,88.6,Standard Monitoring
KSP/TUM/2026/02170,MISSING PERSON,Tumakuru,Gubbi,13.2753,77.0538,2026-05-02 13:18:00,Solved,Sec 363 IPC,Medium,86.3,Standard Monitoring
KSP/BEN/2024/02171,MOTOR VEHICLE ACCIDENTS NON-FATAL,Bengaluru City,Whitefield,12.9158,77.6328,2024-03-10 00:55:00,Investigating,"Sec 279, 337 IPC",Medium,92.0,Standard Monitoring
KSP/DAV/2025/02172,THEFT,Davanagere,Harihar,14.522,75.9674,2025-11-04 19:33:00,Pending,Sec 379 IPC,Medium,90.9,Standard Monitoring
KSP/BEN/2024/02173,HURT / ASSAULT,Bengaluru Dist,Devanahalli,13.0359,77.6024,2024-05-31 21:06:00,Pending,"Sec 323, 324, 504 IPC",High,89.4,High Risk Zone
KSP/BEN/2024/02174,KPA 1963 VIOLATIONS,Bengaluru City,Indiranagar,13.0138,77.587,2024-09-08 23:57:00,Charge Sheeted,"Sec 78, 87 KPA",Low,94.5,Standard Monitoring
KSP/TUM/2024/02175,HURT / ASSAULT,Tumakuru,Gubbi,13.3018,77.0573,2024-05-26 09:57:00,Investigating,"Sec 323, 324, 504 IPC",High,93.9,High Risk Zone
KSP/MAN/2024/02176,HURT / ASSAULT,Mangaluru,Kadri,12.9687,74.8483,2024-01-23 13:34:00,Investigating,"Sec 323, 324, 504 IPC",High,89.9,High Risk Zone
KSP/TUM/2024/02177,THEFT,Tumakuru,Town PS,13.273,77.0577,2024-05-28 10:00:00,Charge Sheeted,Sec 379 IPC,Medium,92.5,Standard Monitoring
KSP/BEN/2024/02178,BURGLARY / HOUSE BREAKING,Bengaluru City,Electronic City,12.9483,77.6372,2024-03-11 00:59:00,Investigating,"Sec 454, 457, 380 IPC",High,93.1,High Risk Zone
KSP/KOL/2026/02179,MISSING PERSON,Kolar,Robertsonpet,13.1037,78.0566,2026-05-16 07:09:00,Investigating,Sec 363 IPC,Medium,85.4,Standard Monitoring
KSP/HUB/2025/02180,BURGLARY / HOUSE BREAKING,Hubballi-Dharwad,Vidyagiri,15.3374,75.1284,2025-12-19 20:09:00,Charge Sheeted,"Sec 454, 457, 380 IPC",High,97.3,High Risk Zone
KSP/RAI/2025/02181,CrPC OFFENCES,Raichur,Manvi,16.1356,77.3959,2025-10-27 21:52:00,Investigating,"Sec 107, 151 CrPC",Low,91.8,Standard Monitoring
KSP/HUB/2025/02182,BURGLARY / HOUSE BREAKING,Hubballi-Dharwad,Kamripeth,15.3367,75.0937,2025-01-01 13:35:00,Charge Sheeted,"Sec 454, 457, 380 IPC",High,86.0,High Risk Zone
KSP/KOL/2025/02183,HURT / ASSAULT,Kolar,Robertsonpet,13.0852,78.1584,2025-08-22 18:39:00,Closed,"Sec 323, 324, 504 IPC",High,93.8,High Risk Zone
KSP/KOD/2025/02184,BURGLARY / HOUSE BREAKING,Kodagu,Gonikoppal,12.4241,75.8116,2025-08-16 19:53:00,Investigating,"Sec 454, 457, 380 IPC",High,92.4,High Risk Zone
KSP/SHI/2024/02185,CrPC OFFENCES,Shivamogga,Tunga Nagar,13.8938,75.5942,2024-05-28 05:21:00,Investigating,"Sec 107, 151 CrPC",Low,86.1,Standard Monitoring
KSP/MYS/2024/02186,MOTOR VEHICLE ACCIDENTS NON-FATAL,Mysuru,Vidyaranyapuram,12.3499,76.6248,2024-05-03 17:27:00,Charge Sheeted,"Sec 279, 337 IPC",Medium,97.6,Standard Monitoring
KSP/BEN/2024/02187,CrPC OFFENCES,Bengaluru City,Cubbon Park,12.9864,77.5376,2024-04-20 11:24:00,Charge Sheeted,"Sec 107, 151 CrPC",Low,88.2,Standard Monitoring
KSP/SHI/2025/02188,BURGLARY / HOUSE BREAKING,Shivamogga,Tunga Nagar,13.9174,75.5946,2025-01-25 09:47:00,Investigating,"Sec 454, 457, 380 IPC",High,93.4,High Risk Zone
KSP/BEN/2025/02189,MOTOR VEHICLE ACCIDENTS NON-FATAL,Bengaluru City,Electronic City,13.0475,77.664,2025-03-04 20:01:00,Closed,"Sec 279, 337 IPC",Medium,90.8,Standard Monitoring
KSP/SHI/2024/02190,MISSING PERSON,Shivamogga,Vinoba Nagar,13.9282,75.5575,2024-10-30 01:36:00,Solved,Sec 363 IPC,Medium,90.8,Standard Monitoring
KSP/MAN/2026/02191,MOTOR VEHICLE ACCIDENTS NON-FATAL,Mangaluru,Surathkal,12.9068,74.8074,2026-01-29 11:06:00,Investigating,"Sec 279, 337 IPC",Medium,85.9,Standard Monitoring
KSP/MYS/2024/02192,THEFT,Mysuru,Lashkar PS,12.3201,76.7157,2024-07-26 20:38:00,Closed,Sec 379 IPC,Medium,92.3,Standard Monitoring
KSP/BEN/2026/02193,MOTOR VEHICLE ACCIDENTS NON-FATAL,Bengaluru City,Cubbon Park,12.9978,77.6589,2026-05-09 09:21:00,Pending,"Sec 279, 337 IPC",Medium,94.4,Standard Monitoring
KSP/BEN/2024/02194,HURT / ASSAULT,Bengaluru City,Indiranagar,12.9028,77.6218,2024-06-17 06:48:00,Investigating,"Sec 323, 324, 504 IPC",High,94.5,High Risk Zone
KSP/HAS/2026/02195,NARCOTICS (NDPS),Hassan,Arsikere,12.9571,76.0916,2026-02-13 04:42:00,Closed,"Sec 20(b), 22 NDPS Act",Critical,92.1,High Risk Zone
KSP/MAN/2024/02196,THEFT,Mangaluru,Kadri,12.8611,74.9081,2024-12-28 05:39:00,Charge Sheeted,Sec 379 IPC,Medium,86.2,Standard Monitoring
KSP/BEN/2025/02197,NARCOTICS (NDPS),Bengaluru City,Cubbon Park,12.9323,77.5469,2025-07-20 18:02:00,Pending,"Sec 20(b), 22 NDPS Act",Critical,94.8,High Risk Zone
KSP/BEN/2025/02198,MOTOR VEHICLE ACCIDENTS NON-FATAL,Bengaluru City,Yelahanka,12.9528,77.617,2025-05-11 21:44:00,Closed,"Sec 279, 337 IPC",Medium,92.5,Standard Monitoring
KSP/BEL/2026/02199,THEFT,Belagavi,Tilakwadi,15.8226,74.5946,2026-01-15 21:17:00,Solved,Sec 379 IPC,Medium,89.0,Standard Monitoring
KSP/MAN/2024/02200,HURT / ASSAULT,Mangaluru,Barkarke,12.91,74.79,2024-08-17 13:26:00,Charge Sheeted,"Sec 323, 324, 504 IPC",High,88.6,High Risk Zone
KSP/TUM/2025/02201,MISSING PERSON,Tumakuru,Town PS,13.3044,77.1583,2025-06-18 08:41:00,Investigating,Sec 363 IPC,Medium,87.7,Standard Monitoring
KSP/MYS/2024/02202,CYBER CRIME & FRAUD,Mysuru,Nazarbad,12.3733,76.6441,2024-07-10 22:54:00,Solved,"Sec 66D IT Act, 420 IPC",High,92.0,High Risk Zone
KSP/CHI/2024/02203,ROBBERY / DACOITY,Chitradurga,Challakere,14.2918,76.4334,2024-01-22 18:51:00,Charge Sheeted,"Sec 392, 395 IPC",Critical,92.4,High Risk Zone
KSP/BEN/2025/02204,THEFT,Bengaluru Dist,Hosakote,13.0807,77.5556,2025-05-17 20:48:00,Solved,Sec 379 IPC,Medium,87.1,Standard Monitoring
KSP/BEN/2024/02205,MOTOR VEHICLE ACCIDENTS NON-FATAL,Bengaluru City,Indiranagar,12.9976,77.5449,2024-04-27 20:15:00,Charge Sheeted,"Sec 279, 337 IPC",Medium,92.7,Standard Monitoring
KSP/KAL/2024/02206,BURGLARY / HOUSE BREAKING,Kalaburagi,Station Bazar,17.3154,76.7644,2024-02-27 13:54:00,Pending,"Sec 454, 457, 380 IPC",High,86.3,High Risk Zone
KSP/KAL/2024/02207,NARCOTICS (NDPS),Kalaburagi,Brahampur,17.2769,76.9055,2024-11-12 08:17:00,Solved,"Sec 20(b), 22 NDPS Act",Critical,85.1,High Risk Zone
KSP/HUB/2026/02208,NARCOTICS (NDPS),Hubballi-Dharwad,Kamripeth,15.3231,75.0578,2026-06-09 00:52:00,Pending,"Sec 20(b), 22 NDPS Act",Critical,94.9,High Risk Zone
KSP/BAG/2025/02209,CrPC OFFENCES,Bagalkote,Town PS,16.2239,75.7757,2025-02-28 05:48:00,Charge Sheeted,"Sec 107, 151 CrPC",Low,93.7,Standard Monitoring
KSP/DAV/2024/02210,CrPC OFFENCES,Davanagere,Azad Nagar,14.3975,75.8464,2024-09-01 16:55:00,Charge Sheeted,"Sec 107, 151 CrPC",Low,89.0,Standard Monitoring
KSP/DAV/2026/02211,KPA 1963 VIOLATIONS,Davanagere,Harihar,14.5022,75.9227,2026-04-12 22:02:00,Investigating,"Sec 78, 87 KPA",Low,97.3,Standard Monitoring
KSP/HAS/2026/02212,CYBER CRIME & FRAUD,Hassan,City PS,13.0198,76.0972,2026-01-31 14:35:00,Closed,"Sec 66D IT Act, 420 IPC",High,98.3,High Risk Zone
KSP/BEN/2025/02213,HURT / ASSAULT,Bengaluru City,Indiranagar,12.9819,77.6199,2025-07-20 22:37:00,Charge Sheeted,"Sec 323, 324, 504 IPC",High,92.8,High Risk Zone
KSP/BEN/2025/02214,CrPC OFFENCES,Bengaluru City,Cubbon Park,12.9386,77.6182,2025-09-07 10:40:00,Closed,"Sec 107, 151 CrPC",Low,95.0,Standard Monitoring
KSP/MYS/2025/02215,MOTOR VEHICLE ACCIDENTS NON-FATAL,Mysuru,Vidyaranyapuram,12.2288,76.6072,2025-10-09 15:26:00,Charge Sheeted,"Sec 279, 337 IPC",Medium,94.5,Standard Monitoring
KSP/GAD/2025/02216,MISSING PERSON,Gadag,Nargund,15.4837,75.6971,2025-12-14 22:33:00,Solved,Sec 363 IPC,Medium,86.6,Standard Monitoring
KSP/CHI/2025/02217,MISSING PERSON,Chikkamagaluru,Kadur,13.257,75.7744,2025-01-03 04:29:00,Solved,Sec 363 IPC,Medium,92.3,Standard Monitoring
KSP/BEN/2025/02218,NARCOTICS (NDPS),Bengaluru City,Cubbon Park,13.0491,77.622,2025-10-23 21:30:00,Closed,"Sec 20(b), 22 NDPS Act",Critical,97.8,High Risk Zone
KSP/UDU/2025/02219,MOTOR VEHICLE ACCIDENTS NON-FATAL,Udupi,Manipal,13.2792,74.7058,2025-10-16 09:51:00,Pending,"Sec 279, 337 IPC",Medium,90.4,Standard Monitoring
KSP/BID/2024/02220,THEFT,Bidar,Basavakalyan,17.9104,77.5844,2024-07-24 10:27:00,Solved,Sec 379 IPC,Medium,89.2,Standard Monitoring
KSP/BEN/2024/02221,THEFT,Bengaluru City,Indiranagar,12.9776,77.5308,2024-01-15 19:55:00,Charge Sheeted,Sec 379 IPC,Medium,94.1,Standard Monitoring
KSP/KOD/2025/02222,CrPC OFFENCES,Kodagu,Gonikoppal,12.4579,75.6795,2025-05-19 22:53:00,Solved,"Sec 107, 151 CrPC",Low,92.7,Standard Monitoring
KSP/BEN/2025/02223,THEFT,Bengaluru City,Jayanagar,12.9057,77.673,2025-09-21 18:37:00,Solved,Sec 379 IPC,Medium,88.2,Standard Monitoring
KSP/KOP/2025/02224,MISSING PERSON,Koppal,Gangavathi,15.3316,76.1895,2025-06-19 12:27:00,Charge Sheeted,Sec 363 IPC,Medium,88.0,Standard Monitoring
KSP/BEN/2026/02225,THEFT,Bengaluru City,Electronic City,13.0056,77.6231,2026-05-28 12:39:00,Investigating,Sec 379 IPC,Medium,88.7,Standard Monitoring
KSP/CHI/2025/02226,KPA 1963 VIOLATIONS,Chitradurga,Town PS,14.1793,76.3907,2025-09-19 15:57:00,Pending,"Sec 78, 87 KPA",Low,94.0,Standard Monitoring
KSP/TUM/2025/02227,CYBER CRIME & FRAUD,Tumakuru,Town PS,13.3255,77.0806,2025-09-26 04:18:00,Charge Sheeted,"Sec 66D IT Act, 420 IPC",High,86.5,High Risk Zone
KSP/BEN/2024/02228,THEFT,Bengaluru City,Hebbal,12.9953,77.5628,2024-05-17 02:12:00,Closed,Sec 379 IPC,Medium,97.9,Standard Monitoring
KSP/KAL/2026/02229,MOTOR VEHICLE ACCIDENTS NON-FATAL,Kalaburagi,Station Bazar,17.3502,76.7666,2026-01-25 19:43:00,Solved,"Sec 279, 337 IPC",Medium,93.0,Standard Monitoring
KSP/SHI/2025/02230,KPA 1963 VIOLATIONS,Shivamogga,Doddapet,13.9503,75.5656,2025-03-27 15:36:00,Pending,"Sec 78, 87 KPA",Low,97.5,Standard Monitoring
KSP/BEL/2025/02231,HURT / ASSAULT,Belagavi,Camp PS,15.9089,74.56,2025-02-07 19:02:00,Closed,"Sec 323, 324, 504 IPC",High,94.6,High Risk Zone
KSP/BEN/2024/02232,THEFT,Bengaluru City,Indiranagar,12.9087,77.629,2024-08-01 11:00:00,Pending,Sec 379 IPC,Medium,86.3,Standard Monitoring
KSP/BAL/2024/02233,THEFT,Ballari,Brucepet,15.161,76.853,2024-01-20 05:34:00,Pending,Sec 379 IPC,Medium,93.2,Standard Monitoring
KSP/BEN/2025/02234,CrPC OFFENCES,Bengaluru City,Jayanagar,12.9139,77.65,2025-04-09 16:07:00,Charge Sheeted,"Sec 107, 151 CrPC",Low,97.5,Standard Monitoring
KSP/CHI/2024/02235,HURT / ASSAULT,Chitradurga,Challakere,14.2186,76.3554,2024-08-30 06:43:00,Charge Sheeted,"Sec 323, 324, 504 IPC",High,87.0,High Risk Zone
KSP/KAL/2024/02236,THEFT,Kalaburagi,Brahampur,17.3971,76.9036,2024-06-08 00:31:00,Pending,Sec 379 IPC,Medium,92.0,Standard Monitoring
KSP/TUM/2024/02237,CYBER CRIME & FRAUD,Tumakuru,Gubbi,13.3311,77.123,2024-12-14 23:51:00,Closed,"Sec 66D IT Act, 420 IPC",High,93.4,High Risk Zone
KSP/BEL/2024/02238,MISSING PERSON,Belagavi,Market PS,15.8612,74.4985,2024-08-15 05:44:00,Solved,Sec 363 IPC,Medium,85.2,Standard Monitoring
KSP/DAV/2025/02239,CYBER CRIME & FRAUD,Davanagere,Azad Nagar,14.5222,75.9723,2025-11-17 02:07:00,Closed,"Sec 66D IT Act, 420 IPC",High,93.3,High Risk Zone
KSP/KOL/2026/02240,MOTOR VEHICLE ACCIDENTS NON-FATAL,Kolar,Robertsonpet,13.1332,78.0661,2026-03-16 11:28:00,Solved,"Sec 279, 337 IPC",Medium,88.3,Standard Monitoring
KSP/CHI/2025/02241,MOTOR VEHICLE ACCIDENTS NON-FATAL,Chikkamagaluru,Town PS,13.2875,75.8366,2025-12-16 09:34:00,Charge Sheeted,"Sec 279, 337 IPC",Medium,85.9,Standard Monitoring
KSP/BEN/2024/02242,MISSING PERSON,Bengaluru Dist,Nelamangala,13.1579,77.6001,2024-06-12 00:56:00,Investigating,Sec 363 IPC,Medium,85.3,Standard Monitoring
KSP/KOD/2026/02243,MISSING PERSON,Kodagu,Somwarpet,12.4195,75.8139,2026-06-23 14:48:00,Charge Sheeted,Sec 363 IPC,Medium,94.6,Standard Monitoring
KSP/BEN/2025/02244,HURT / ASSAULT,Bengaluru City,Jayanagar,13.0146,77.6669,2025-01-31 22:09:00,Pending,"Sec 323, 324, 504 IPC",High,90.1,High Risk Zone
KSP/BEN/2026/02245,MOTOR VEHICLE ACCIDENTS NON-FATAL,Bengaluru City,Jayanagar,13.0215,77.6513,2026-07-11 08:55:00,Charge Sheeted,"Sec 279, 337 IPC",Medium,95.2,Standard Monitoring
KSP/BEN/2025/02246,ROBBERY / DACOITY,Bengaluru City,Jayanagar,12.9221,77.6626,2025-07-17 17:37:00,Pending,"Sec 392, 395 IPC",Critical,94.1,High Risk Zone
KSP/HAS/2024/02247,KPA 1963 VIOLATIONS,Hassan,Pension Mohalla,12.9335,76.0373,2024-06-27 10:15:00,Charge Sheeted,"Sec 78, 87 KPA",Low,85.5,Standard Monitoring
KSP/BEL/2024/02248,CYBER CRIME & FRAUD,Belagavi,Gokak,15.7746,74.4757,2024-08-23 21:20:00,Investigating,"Sec 66D IT Act, 420 IPC",High,88.6,High Risk Zone
KSP/MAN/2025/02249,CrPC OFFENCES,Mangaluru,Urwa,12.9894,74.8301,2025-09-04 21:24:00,Solved,"Sec 107, 151 CrPC",Low,97.2,Standard Monitoring
KSP/GAD/2025/02250,THEFT,Gadag,Town PS,15.431,75.5546,2025-08-05 08:50:00,Investigating,Sec 379 IPC,Medium,85.8,Standard Monitoring
KSP/TUM/2025/02251,THEFT,Tumakuru,Kyatsandra,13.3429,77.173,2025-02-13 12:00:00,Pending,Sec 379 IPC,Medium,91.3,Standard Monitoring
KSP/CHI/2024/02252,CrPC OFFENCES,Chitradurga,Challakere,14.2287,76.4491,2024-12-07 07:29:00,Investigating,"Sec 107, 151 CrPC",Low,93.2,Standard Monitoring
KSP/BEN/2026/02253,CrPC OFFENCES,Bengaluru City,Whitefield,13.0329,77.6089,2026-05-24 21:20:00,Charge Sheeted,"Sec 107, 151 CrPC",Low,95.5,Standard Monitoring
KSP/BEN/2026/02254,MOTOR VEHICLE ACCIDENTS NON-FATAL,Bengaluru City,Jayanagar,13.0166,77.6408,2026-05-10 02:44:00,Investigating,"Sec 279, 337 IPC",Medium,97.3,Standard Monitoring
KSP/BEN/2024/02255,MISSING PERSON,Bengaluru City,Yelahanka,13.0036,77.6084,2024-12-25 19:14:00,Closed,Sec 363 IPC,Medium,88.7,Standard Monitoring
KSP/TUM/2025/02256,HURT / ASSAULT,Tumakuru,Town PS,13.2679,77.0922,2025-04-14 06:37:00,Charge Sheeted,"Sec 323, 324, 504 IPC",High,88.8,High Risk Zone
KSP/BEN/2024/02257,NARCOTICS (NDPS),Bengaluru City,Hebbal,12.9519,77.5553,2024-05-23 13:16:00,Solved,"Sec 20(b), 22 NDPS Act",Critical,91.5,High Risk Zone
KSP/BEN/2024/02258,HURT / ASSAULT,Bengaluru City,Electronic City,12.9028,77.531,2024-08-08 12:19:00,Closed,"Sec 323, 324, 504 IPC",High,86.7,High Risk Zone
KSP/VIJ/2024/02259,ROBBERY / DACOITY,Vijayapura,Gandhi Chowk,16.907,75.6906,2024-10-01 05:51:00,Pending,"Sec 392, 395 IPC",Critical,89.6,High Risk Zone
KSP/BEN/2025/02260,MISSING PERSON,Bengaluru City,Cubbon Park,13.0369,77.5968,2025-08-29 12:49:00,Investigating,Sec 363 IPC,Medium,85.4,Standard Monitoring
KSP/BEN/2024/02261,HURT / ASSAULT,Bengaluru City,Whitefield,13.0302,77.6414,2024-03-01 10:17:00,Charge Sheeted,"Sec 323, 324, 504 IPC",High,85.4,High Risk Zone
KSP/KOL/2024/02262,THEFT,Kolar,Gulpet,13.1345,78.1369,2024-09-24 10:14:00,Closed,Sec 379 IPC,Medium,97.4,Standard Monitoring
KSP/VIJ/2025/02263,THEFT,Vijayapura,Gandhi Chowk,16.8988,75.7712,2025-09-26 04:09:00,Investigating,Sec 379 IPC,Medium,88.4,Standard Monitoring
KSP/BEL/2025/02264,MISSING PERSON,Belagavi,Khade Bazar,15.8386,74.4944,2025-09-09 02:25:00,Investigating,Sec 363 IPC,Medium,92.0,Standard Monitoring
KSP/BAG/2025/02265,BURGLARY / HOUSE BREAKING,Bagalkote,Town PS,16.2566,75.712,2025-11-15 15:40:00,Pending,"Sec 454, 457, 380 IPC",High,96.0,High Risk Zone
KSP/BEN/2025/02266,HURT / ASSAULT,Bengaluru City,Electronic City,13.0131,77.6731,2025-11-22 20:58:00,Pending,"Sec 323, 324, 504 IPC",High,91.5,High Risk Zone
KSP/HUB/2024/02267,MOTOR VEHICLE ACCIDENTS NON-FATAL,Hubballi-Dharwad,Dharwad Town,15.3244,75.1702,2024-06-12 07:49:00,Charge Sheeted,"Sec 279, 337 IPC",Medium,94.1,Standard Monitoring
KSP/BEN/2024/02268,HURT / ASSAULT,Bengaluru Dist,Doddaballapura,13.0399,77.5357,2024-12-06 10:29:00,Closed,"Sec 323, 324, 504 IPC",High,92.7,High Risk Zone
KSP/BEL/2026/02269,MOTOR VEHICLE ACCIDENTS NON-FATAL,Belagavi,Camp PS,15.8683,74.485,2026-06-17 02:46:00,Closed,"Sec 279, 337 IPC",Medium,91.5,Standard Monitoring
KSP/BEN/2025/02270,MOTOR VEHICLE ACCIDENTS NON-FATAL,Bengaluru City,Koramangala,13.0211,77.6607,2025-12-31 13:57:00,Investigating,"Sec 279, 337 IPC",Medium,89.0,Standard Monitoring
KSP/MYS/2025/02271,MOTOR VEHICLE ACCIDENTS NON-FATAL,Mysuru,Nazarbad,12.3136,76.61,2025-08-26 19:07:00,Investigating,"Sec 279, 337 IPC",Medium,92.1,Standard Monitoring
KSP/BAG/2024/02272,HURT / ASSAULT,Bagalkote,Navanagar,16.2047,75.716,2024-09-09 08:36:00,Investigating,"Sec 323, 324, 504 IPC",High,88.2,High Risk Zone
KSP/BAG/2024/02273,MOTOR VEHICLE ACCIDENTS NON-FATAL,Bagalkote,Ilkal,16.2508,75.6938,2024-02-29 08:10:00,Solved,"Sec 279, 337 IPC",Medium,86.0,Standard Monitoring
KSP/DAV/2025/02274,CrPC OFFENCES,Davanagere,PJ Extension,14.463,75.8517,2025-05-10 13:21:00,Charge Sheeted,"Sec 107, 151 CrPC",Low,88.4,Standard Monitoring
KSP/MYS/2025/02275,HURT / ASSAULT,Mysuru,Vidyaranyapuram,12.2265,76.6423,2025-10-10 18:45:00,Investigating,"Sec 323, 324, 504 IPC",High,96.2,High Risk Zone
KSP/BEN/2026/02276,HURT / ASSAULT,Bengaluru City,Jayanagar,12.9849,77.5482,2026-05-10 08:14:00,Closed,"Sec 323, 324, 504 IPC",High,93.0,High Risk Zone
KSP/CHI/2024/02277,BURGLARY / HOUSE BREAKING,Chikkaballapura,Gauribidanur,13.4344,77.6928,2024-01-15 00:09:00,Closed,"Sec 454, 457, 380 IPC",High,89.2,High Risk Zone
KSP/KAL/2026/02278,MOTOR VEHICLE ACCIDENTS NON-FATAL,Kalaburagi,Station Bazar,17.3276,76.761,2026-01-10 06:33:00,Pending,"Sec 279, 337 IPC",Medium,90.9,Standard Monitoring
KSP/BEN/2025/02279,BURGLARY / HOUSE BREAKING,Bengaluru City,Cubbon Park,12.942,77.5404,2025-04-20 05:43:00,Closed,"Sec 454, 457, 380 IPC",High,89.2,High Risk Zone
KSP/BEL/2024/02280,THEFT,Belagavi,Market PS,15.8912,74.4387,2024-11-16 01:58:00,Investigating,Sec 379 IPC,Medium,85.2,Standard Monitoring
KSP/MYS/2026/02281,CrPC OFFENCES,Mysuru,KRS Road,12.2803,76.6997,2026-04-28 22:20:00,Charge Sheeted,"Sec 107, 151 CrPC",Low,95.2,Standard Monitoring
KSP/BEN/2026/02282,HURT / ASSAULT,Bengaluru City,Cubbon Park,12.9838,77.5722,2026-02-03 17:58:00,Solved,"Sec 323, 324, 504 IPC",High,93.4,High Risk Zone
KSP/BEN/2026/02283,CrPC OFFENCES,Bengaluru Dist,Devanahalli,13.0293,77.6486,2026-07-14 20:48:00,Pending,"Sec 107, 151 CrPC",Low,86.9,Standard Monitoring
KSP/MYS/2024/02284,MISSING PERSON,Mysuru,Devaraja PS,12.2684,76.6238,2024-08-06 01:41:00,Charge Sheeted,Sec 363 IPC,Medium,94.1,Standard Monitoring
KSP/BEN/2024/02285,CrPC OFFENCES,Bengaluru City,Cubbon Park,12.9769,77.5928,2024-01-09 11:07:00,Closed,"Sec 107, 151 CrPC",Low,86.7,Standard Monitoring
KSP/BEN/2024/02286,THEFT,Bengaluru City,Electronic City,12.8985,77.642,2024-07-21 03:58:00,Closed,Sec 379 IPC,Medium,91.9,Standard Monitoring
KSP/MYS/2025/02287,THEFT,Mysuru,Lashkar PS,12.3133,76.618,2025-07-01 00:57:00,Closed,Sec 379 IPC,Medium,92.3,Standard Monitoring
KSP/BEN/2026/02288,CrPC OFFENCES,Bengaluru City,Electronic City,12.9438,77.6201,2026-03-03 09:19:00,Charge Sheeted,"Sec 107, 151 CrPC",Low,92.3,Standard Monitoring
KSP/CHI/2026/02289,CrPC OFFENCES,Chikkamagaluru,Basavanahalli,13.3842,75.8297,2026-04-19 11:10:00,Closed,"Sec 107, 151 CrPC",Low,92.8,Standard Monitoring
KSP/BEN/2025/02290,THEFT,Bengaluru City,Electronic City,12.9819,77.5473,2025-04-14 13:41:00,Solved,Sec 379 IPC,Medium,87.5,Standard Monitoring
KSP/KAL/2026/02291,THEFT,Kalaburagi,Ashok Nagar,17.3206,76.9139,2026-05-25 21:18:00,Closed,Sec 379 IPC,Medium,94.4,Standard Monitoring
KSP/SHI/2024/02292,MOTOR VEHICLE ACCIDENTS NON-FATAL,Shivamogga,Doddapet,13.9685,75.5759,2024-12-07 06:46:00,Charge Sheeted,"Sec 279, 337 IPC",Medium,97.6,Standard Monitoring
KSP/YAD/2025/02293,CYBER CRIME & FRAUD,Yadgir,Town PS,16.7574,77.1729,2025-02-08 12:31:00,Pending,"Sec 66D IT Act, 420 IPC",High,94.8,High Risk Zone
KSP/BEN/2025/02294,MOTOR VEHICLE ACCIDENTS NON-FATAL,Bengaluru City,Cubbon Park,12.9941,77.6568,2025-03-18 02:03:00,Closed,"Sec 279, 337 IPC",Medium,87.3,Standard Monitoring
KSP/BEN/2024/02295,CrPC OFFENCES,Bengaluru City,Jayanagar,12.9748,77.5933,2024-11-25 21:39:00,Charge Sheeted,"Sec 107, 151 CrPC",Low,91.5,Standard Monitoring
KSP/BEN/2025/02296,CYBER CRIME & FRAUD,Bengaluru City,Hebbal,13.0038,77.5677,2025-08-31 01:19:00,Charge Sheeted,"Sec 66D IT Act, 420 IPC",High,95.8,High Risk Zone
KSP/KAL/2025/02297,KPA 1963 VIOLATIONS,Kalaburagi,Station Bazar,17.4031,76.864,2025-08-22 18:18:00,Investigating,"Sec 78, 87 KPA",Low,96.4,Standard Monitoring
KSP/HUB/2024/02298,MOTOR VEHICLE ACCIDENTS NON-FATAL,Hubballi-Dharwad,Gokul Road,15.3915,75.1272,2024-10-06 12:10:00,Charge Sheeted,"Sec 279, 337 IPC",Medium,94.7,Standard Monitoring
KSP/HAS/2024/02299,CrPC OFFENCES,Hassan,Pension Mohalla,12.9364,76.0698,2024-10-11 10:43:00,Solved,"Sec 107, 151 CrPC",Low,90.9,Standard Monitoring
KSP/BEN/2024/02300,NARCOTICS (NDPS),Bengaluru City,Jayanagar,12.9256,77.641,2024-05-30 18:07:00,Solved,"Sec 20(b), 22 NDPS Act",Critical,97.4,High Risk Zone
KSP/BEN/2025/02301,HURT / ASSAULT,Bengaluru City,Indiranagar,13.0151,77.5355,2025-01-10 12:55:00,Pending,"Sec 323, 324, 504 IPC",High,90.1,High Risk Zone
KSP/BEN/2025/02302,CYBER CRIME & FRAUD,Bengaluru City,Indiranagar,13.0188,77.5569,2025-10-05 15:34:00,Investigating,"Sec 66D IT Act, 420 IPC",High,89.5,High Risk Zone
KSP/BEN/2026/02303,KPA 1963 VIOLATIONS,Bengaluru City,Hebbal,13.0458,77.6019,2026-02-18 13:25:00,Investigating,"Sec 78, 87 KPA",Low,92.5,Standard Monitoring
KSP/KAL/2025/02304,KPA 1963 VIOLATIONS,Kalaburagi,Station Bazar,17.3814,76.8166,2025-05-21 10:35:00,Investigating,"Sec 78, 87 KPA",Low,94.9,Standard Monitoring
KSP/MYS/2024/02305,THEFT,Mysuru,Vidyaranyapuram,12.2975,76.588,2024-08-02 22:51:00,Closed,Sec 379 IPC,Medium,89.1,Standard Monitoring
KSP/BAL/2024/02306,HURT / ASSAULT,Ballari,Brucepet,15.1471,77.0031,2024-02-03 09:15:00,Pending,"Sec 323, 324, 504 IPC",High,95.1,High Risk Zone
KSP/BEN/2026/02307,THEFT,Bengaluru City,Jayanagar,13.0352,77.6652,2026-01-26 09:32:00,Pending,Sec 379 IPC,Medium,89.5,Standard Monitoring
KSP/SHI/2024/02308,CrPC OFFENCES,Shivamogga,Bhadravathi,13.892,75.4887,2024-07-25 13:29:00,Charge Sheeted,"Sec 107, 151 CrPC",Low,87.1,Standard Monitoring
KSP/CHA/2024/02309,CrPC OFFENCES,Chamarajanagar,Gundlupet,11.8822,76.8755,2024-01-27 00:12:00,Charge Sheeted,"Sec 107, 151 CrPC",Low,89.9,Standard Monitoring
KSP/CHI/2025/02310,MISSING PERSON,Chikkaballapura,Town PS,13.3945,77.7861,2025-01-17 18:15:00,Pending,Sec 363 IPC,Medium,94.8,Standard Monitoring
KSP/BEN/2024/02311,CYBER CRIME & FRAUD,Bengaluru City,Electronic City,12.9436,77.5766,2024-12-31 01:25:00,Investigating,"Sec 66D IT Act, 420 IPC",High,89.2,High Risk Zone
KSP/BEN/2025/02312,MOTOR VEHICLE ACCIDENTS NON-FATAL,Bengaluru City,Electronic City,12.9675,77.6306,2025-12-04 11:46:00,Investigating,"Sec 279, 337 IPC",Medium,85.8,Standard Monitoring
KSP/KOP/2025/02313,ROBBERY / DACOITY,Koppal,Town PS,15.3181,76.1435,2025-12-13 22:21:00,Investigating,"Sec 392, 395 IPC",Critical,94.3,High Risk Zone
KSP/TUM/2025/02314,THEFT,Tumakuru,Kyatsandra,13.3382,77.1505,2025-03-29 07:18:00,Charge Sheeted,Sec 379 IPC,Medium,96.7,Standard Monitoring
KSP/VIJ/2025/02315,BURGLARY / HOUSE BREAKING,Vijayanagara,Kudligi,15.3233,76.3663,2025-03-12 01:32:00,Closed,"Sec 454, 457, 380 IPC",High,91.0,High Risk Zone
KSP/BEL/2026/02316,MOTOR VEHICLE ACCIDENTS NON-FATAL,Belagavi,Gokak,15.8645,74.4867,2026-03-25 07:36:00,Charge Sheeted,"Sec 279, 337 IPC",Medium,86.5,Standard Monitoring
KSP/BEN/2025/02317,MOTOR VEHICLE ACCIDENTS NON-FATAL,Bengaluru City,Indiranagar,12.928,77.5165,2025-05-08 19:32:00,Pending,"Sec 279, 337 IPC",Medium,95.4,Standard Monitoring
KSP/BAL/2024/02318,CYBER CRIME & FRAUD,Ballari,Gandhinagar,15.153,76.9864,2024-01-19 15:58:00,Solved,"Sec 66D IT Act, 420 IPC",High,94.7,High Risk Zone
KSP/BEN/2024/02319,MOTOR VEHICLE ACCIDENTS NON-FATAL,Bengaluru City,Koramangala,13.0117,77.5464,2024-12-16 05:38:00,Charge Sheeted,"Sec 279, 337 IPC",Medium,85.5,Standard Monitoring
KSP/MYS/2026/02320,CrPC OFFENCES,Mysuru,KRS Road,12.2261,76.6933,2026-07-18 04:49:00,Solved,"Sec 107, 151 CrPC",Low,88.3,Standard Monitoring
KSP/SHI/2026/02321,HURT / ASSAULT,Shivamogga,Bhadravathi,14.0092,75.5835,2026-06-28 12:26:00,Investigating,"Sec 323, 324, 504 IPC",High,92.4,High Risk Zone
KSP/MYS/2024/02322,HURT / ASSAULT,Mysuru,Devaraja PS,12.3521,76.6019,2024-05-16 22:48:00,Charge Sheeted,"Sec 323, 324, 504 IPC",High,89.7,High Risk Zone
KSP/MYS/2026/02323,MISSING PERSON,Mysuru,KRS Road,12.2509,76.6107,2026-05-02 12:42:00,Closed,Sec 363 IPC,Medium,96.7,Standard Monitoring
KSP/BEN/2024/02324,CrPC OFFENCES,Bengaluru Dist,Nelamangala,13.0275,77.6036,2024-09-26 12:27:00,Investigating,"Sec 107, 151 CrPC",Low,87.4,Standard Monitoring
KSP/KOL/2025/02325,MOTOR VEHICLE ACCIDENTS NON-FATAL,Kolar,Robertsonpet,13.0579,78.2054,2025-05-11 08:59:00,Solved,"Sec 279, 337 IPC",Medium,94.5,Standard Monitoring
KSP/VIJ/2025/02326,BURGLARY / HOUSE BREAKING,Vijayapura,Gandhi Chowk,16.8105,75.6378,2025-12-04 00:26:00,Charge Sheeted,"Sec 454, 457, 380 IPC",High,91.5,High Risk Zone
KSP/BEN/2024/02327,ROBBERY / DACOITY,Bengaluru City,Cubbon Park,12.9756,77.5291,2024-09-19 20:53:00,Pending,"Sec 392, 395 IPC",Critical,88.1,High Risk Zone
KSP/KOL/2025/02328,KPA 1963 VIOLATIONS,Kolar,Town PS,13.085,78.143,2025-04-17 02:58:00,Pending,"Sec 78, 87 KPA",Low,98.3,Standard Monitoring
KSP/CHA/2024/02329,CrPC OFFENCES,Chamarajanagar,Kollegal,11.9942,76.9613,2024-07-02 10:03:00,Pending,"Sec 107, 151 CrPC",Low,86.4,Standard Monitoring
KSP/UDU/2026/02330,CrPC OFFENCES,Udupi,Town PS,13.403,74.7781,2026-05-23 02:23:00,Pending,"Sec 107, 151 CrPC",Low,87.2,Standard Monitoring
KSP/CHI/2025/02331,MOTOR VEHICLE ACCIDENTS NON-FATAL,Chikkamagaluru,Basavanahalli,13.258,75.8282,2025-02-12 02:45:00,Closed,"Sec 279, 337 IPC",Medium,88.6,Standard Monitoring
KSP/BEN/2024/02332,MOTOR VEHICLE ACCIDENTS NON-FATAL,Bengaluru City,Indiranagar,12.9757,77.5529,2024-10-16 14:31:00,Pending,"Sec 279, 337 IPC",Medium,87.0,Standard Monitoring
KSP/MYS/2024/02333,HURT / ASSAULT,Mysuru,Vidyaranyapuram,12.2274,76.7209,2024-06-18 14:44:00,Charge Sheeted,"Sec 323, 324, 504 IPC",High,91.6,High Risk Zone
KSP/BEN/2026/02334,NARCOTICS (NDPS),Bengaluru Dist,Devanahalli,13.0875,77.5331,2026-07-25 14:03:00,Solved,"Sec 20(b), 22 NDPS Act",Critical,89.2,High Risk Zone
KSP/BEN/2024/02335,HURT / ASSAULT,Bengaluru City,Koramangala,12.9695,77.5251,2024-05-18 17:34:00,Investigating,"Sec 323, 324, 504 IPC",High,93.4,High Risk Zone
KSP/BEN/2026/02336,CYBER CRIME & FRAUD,Bengaluru City,Hebbal,13.0024,77.5358,2026-05-04 15:29:00,Solved,"Sec 66D IT Act, 420 IPC",High,89.2,High Risk Zone
KSP/BEN/2024/02337,MOTOR VEHICLE ACCIDENTS NON-FATAL,Bengaluru City,Yelahanka,12.9292,77.5165,2024-09-10 03:53:00,Solved,"Sec 279, 337 IPC",Medium,88.4,Standard Monitoring
KSP/TUM/2025/02338,MOTOR VEHICLE ACCIDENTS NON-FATAL,Tumakuru,Kyatsandra,13.2739,77.0434,2025-11-18 19:26:00,Closed,"Sec 279, 337 IPC",Medium,91.2,Standard Monitoring
KSP/BEL/2025/02339,THEFT,Belagavi,Market PS,15.7706,74.5231,2025-07-08 03:50:00,Charge Sheeted,Sec 379 IPC,Medium,89.0,Standard Monitoring
KSP/UDU/2025/02340,HURT / ASSAULT,Udupi,Kundapura,13.4038,74.7087,2025-07-08 00:33:00,Solved,"Sec 323, 324, 504 IPC",High,88.8,High Risk Zone
KSP/BEN/2026/02341,CrPC OFFENCES,Bengaluru City,Electronic City,12.8971,77.6742,2026-02-28 19:32:00,Pending,"Sec 107, 151 CrPC",Low,95.8,Standard Monitoring
KSP/BEN/2026/02342,MOTOR VEHICLE ACCIDENTS NON-FATAL,Bengaluru City,Electronic City,12.9384,77.5441,2026-04-01 09:47:00,Charge Sheeted,"Sec 279, 337 IPC",Medium,88.5,Standard Monitoring
KSP/BEN/2024/02343,KPA 1963 VIOLATIONS,Bengaluru City,Jayanagar,12.9278,77.6219,2024-02-04 14:30:00,Investigating,"Sec 78, 87 KPA",Low,88.0,Standard Monitoring
KSP/RAI/2024/02344,HURT / ASSAULT,Raichur,Market PS,16.1721,77.2922,2024-10-25 13:08:00,Investigating,"Sec 323, 324, 504 IPC",High,90.1,High Risk Zone
KSP/RAM/2025/02345,CrPC OFFENCES,Ramanagara,Magadi,12.6463,77.2439,2025-08-05 03:34:00,Solved,"Sec 107, 151 CrPC",Low,87.1,Standard Monitoring
KSP/TUM/2025/02346,THEFT,Tumakuru,Gubbi,13.3273,77.0886,2025-05-05 06:35:00,Solved,Sec 379 IPC,Medium,87.1,Standard Monitoring
KSP/CHI/2025/02347,MOTOR VEHICLE ACCIDENTS NON-FATAL,Chitradurga,Town PS,14.1534,76.4154,2025-12-05 02:57:00,Charge Sheeted,"Sec 279, 337 IPC",Medium,86.2,Standard Monitoring
KSP/SHI/2025/02348,THEFT,Shivamogga,Vinoba Nagar,13.8984,75.6464,2025-09-12 22:08:00,Closed,Sec 379 IPC,Medium,86.7,Standard Monitoring
KSP/HUB/2025/02349,HURT / ASSAULT,Hubballi-Dharwad,Dharwad Town,15.4154,75.0875,2025-08-21 06:43:00,Investigating,"Sec 323, 324, 504 IPC",High,96.3,High Risk Zone
KSP/BEN/2025/02350,MOTOR VEHICLE ACCIDENTS NON-FATAL,Bengaluru Dist,Devanahalli,13.0794,77.5266,2025-03-06 12:00:00,Closed,"Sec 279, 337 IPC",Medium,92.8,Standard Monitoring
KSP/BEN/2024/02351,CrPC OFFENCES,Bengaluru City,Hebbal,12.9288,77.6634,2024-04-26 15:17:00,Closed,"Sec 107, 151 CrPC",Low,93.8,Standard Monitoring
KSP/CHI/2025/02352,MOTOR VEHICLE ACCIDENTS NON-FATAL,Chitradurga,Hiriyur,14.2735,76.3357,2025-11-17 22:22:00,Closed,"Sec 279, 337 IPC",Medium,88.8,Standard Monitoring
KSP/GAD/2026/02353,THEFT,Gadag,Betageri,15.4207,75.6693,2026-04-14 22:27:00,Pending,Sec 379 IPC,Medium,91.6,Standard Monitoring
KSP/KOL/2024/02354,NARCOTICS (NDPS),Kolar,Town PS,13.0842,78.1633,2024-09-11 06:13:00,Investigating,"Sec 20(b), 22 NDPS Act",Critical,94.2,High Risk Zone
KSP/BEL/2025/02355,HURT / ASSAULT,Belagavi,Tilakwadi,15.8912,74.5882,2025-11-08 08:07:00,Solved,"Sec 323, 324, 504 IPC",High,85.0,High Risk Zone
KSP/BEN/2025/02356,THEFT,Bengaluru City,Whitefield,12.9773,77.5677,2025-05-07 06:50:00,Charge Sheeted,Sec 379 IPC,Medium,92.5,Standard Monitoring
KSP/BEN/2025/02357,CrPC OFFENCES,Bengaluru City,Jayanagar,12.9723,77.6518,2025-04-13 09:00:00,Solved,"Sec 107, 151 CrPC",Low,88.7,Standard Monitoring
KSP/TUM/2025/02358,MISSING PERSON,Tumakuru,Gubbi,13.3933,77.0709,2025-07-28 14:39:00,Charge Sheeted,Sec 363 IPC,Medium,93.7,Standard Monitoring
KSP/HAS/2025/02359,THEFT,Hassan,City PS,12.9939,76.0377,2025-10-14 16:26:00,Closed,Sec 379 IPC,Medium,87.9,Standard Monitoring
KSP/BID/2025/02360,MISSING PERSON,Bidar,Bhalki,17.8757,77.5681,2025-07-01 08:17:00,Investigating,Sec 363 IPC,Medium,97.5,Standard Monitoring
KSP/KOL/2025/02361,MOTOR VEHICLE ACCIDENTS NON-FATAL,Kolar,Gulpet,13.2064,78.2019,2025-07-11 12:41:00,Pending,"Sec 279, 337 IPC",Medium,89.1,Standard Monitoring
KSP/BEN/2024/02362,CrPC OFFENCES,Bengaluru City,Jayanagar,13.0427,77.5243,2024-02-13 07:57:00,Investigating,"Sec 107, 151 CrPC",Low,98.5,Standard Monitoring
KSP/BEN/2025/02363,KPA 1963 VIOLATIONS,Bengaluru Dist,Hosakote,13.1405,77.6599,2025-06-04 22:09:00,Closed,"Sec 78, 87 KPA",Low,89.9,Standard Monitoring
KSP/HUB/2025/02364,THEFT,Hubballi-Dharwad,Gokul Road,15.3152,75.0916,2025-07-20 05:08:00,Pending,Sec 379 IPC,Medium,88.9,Standard Monitoring
KSP/BEN/2025/02365,BURGLARY / HOUSE BREAKING,Bengaluru City,Cubbon Park,13.0193,77.5404,2025-04-24 23:43:00,Solved,"Sec 454, 457, 380 IPC",High,95.4,High Risk Zone
KSP/BAG/2025/02366,HURT / ASSAULT,Bagalkote,Ilkal,16.1908,75.6531,2025-12-30 16:30:00,Charge Sheeted,"Sec 323, 324, 504 IPC",High,87.5,High Risk Zone
KSP/BEN/2026/02367,MOTOR VEHICLE ACCIDENTS NON-FATAL,Bengaluru City,Indiranagar,12.9192,77.5745,2026-02-24 20:04:00,Closed,"Sec 279, 337 IPC",Medium,96.1,Standard Monitoring
KSP/MYS/2024/02368,KPA 1963 VIOLATIONS,Mysuru,Nazarbad,12.286,76.6044,2024-04-16 14:29:00,Charge Sheeted,"Sec 78, 87 KPA",Low,91.1,Standard Monitoring
KSP/KOD/2025/02369,MOTOR VEHICLE ACCIDENTS NON-FATAL,Kodagu,Gonikoppal,12.473,75.8057,2025-12-06 00:08:00,Charge Sheeted,"Sec 279, 337 IPC",Medium,90.2,Standard Monitoring
KSP/BEL/2025/02370,MOTOR VEHICLE ACCIDENTS NON-FATAL,Belagavi,Tilakwadi,15.882,74.4644,2025-11-30 13:45:00,Pending,"Sec 279, 337 IPC",Medium,92.8,Standard Monitoring
KSP/RAM/2026/02371,CrPC OFFENCES,Ramanagara,Channapatna,12.6755,77.2732,2026-04-16 02:16:00,Pending,"Sec 107, 151 CrPC",Low,91.3,Standard Monitoring
KSP/DAV/2025/02372,ROBBERY / DACOITY,Davanagere,Vidyanagar,14.4895,75.9369,2025-12-27 10:51:00,Charge Sheeted,"Sec 392, 395 IPC",Critical,97.5,High Risk Zone
KSP/BEN/2025/02373,THEFT,Bengaluru City,Yelahanka,12.9042,77.5934,2025-06-12 04:10:00,Pending,Sec 379 IPC,Medium,90.1,Standard Monitoring
KSP/BEN/2024/02374,NARCOTICS (NDPS),Bengaluru Dist,Hosakote,13.0584,77.5513,2024-12-05 08:51:00,Charge Sheeted,"Sec 20(b), 22 NDPS Act",Critical,90.4,High Risk Zone
KSP/MAN/2025/02375,ROBBERY / DACOITY,Mangaluru,Barkarke,12.8354,74.7793,2025-12-24 17:22:00,Solved,"Sec 392, 395 IPC",Critical,98.2,High Risk Zone
KSP/BEL/2024/02376,THEFT,Belagavi,Tilakwadi,15.8068,74.4387,2024-10-13 17:22:00,Solved,Sec 379 IPC,Medium,86.3,Standard Monitoring
KSP/MYS/2025/02377,KPA 1963 VIOLATIONS,Mysuru,Lashkar PS,12.2938,76.7295,2025-04-16 18:48:00,Investigating,"Sec 78, 87 KPA",Low,96.0,Standard Monitoring
KSP/BEN/2024/02378,MOTOR VEHICLE ACCIDENTS NON-FATAL,Bengaluru City,Cubbon Park,12.9781,77.5468,2024-10-27 14:59:00,Pending,"Sec 279, 337 IPC",Medium,97.3,Standard Monitoring
KSP/BAL/2026/02379,MOTOR VEHICLE ACCIDENTS NON-FATAL,Ballari,Cowl Bazar,15.0978,76.8542,2026-04-28 04:54:00,Pending,"Sec 279, 337 IPC",Medium,85.8,Standard Monitoring
KSP/CHI/2024/02380,MOTOR VEHICLE ACCIDENTS NON-FATAL,Chikkamagaluru,Tarikere,13.3513,75.7237,2024-06-03 07:52:00,Charge Sheeted,"Sec 279, 337 IPC",Medium,92.8,Standard Monitoring
KSP/BEN/2025/02381,HURT / ASSAULT,Bengaluru City,Jayanagar,13.0088,77.5864,2025-04-20 22:38:00,Solved,"Sec 323, 324, 504 IPC",High,96.5,High Risk Zone
KSP/CHI/2026/02382,KPA 1963 VIOLATIONS,Chikkamagaluru,Town PS,13.3229,75.7025,2026-04-11 02:06:00,Charge Sheeted,"Sec 78, 87 KPA",Low,93.9,Standard Monitoring
KSP/TUM/2024/02383,KPA 1963 VIOLATIONS,Tumakuru,Kyatsandra,13.3227,77.0538,2024-05-20 07:57:00,Pending,"Sec 78, 87 KPA",Low,86.4,Standard Monitoring
KSP/BEN/2026/02384,THEFT,Bengaluru City,Electronic City,12.8985,77.5892,2026-02-11 03:18:00,Closed,Sec 379 IPC,Medium,97.6,Standard Monitoring
KSP/BEN/2024/02385,CYBER CRIME & FRAUD,Bengaluru City,Hebbal,12.9672,77.5328,2024-11-12 08:03:00,Investigating,"Sec 66D IT Act, 420 IPC",High,89.1,High Risk Zone
KSP/BEN/2024/02386,MOTOR VEHICLE ACCIDENTS NON-FATAL,Bengaluru City,Cubbon Park,12.9823,77.5311,2024-08-31 11:12:00,Pending,"Sec 279, 337 IPC",Medium,98.2,Standard Monitoring
KSP/GAD/2026/02387,NARCOTICS (NDPS),Gadag,Nargund,15.4952,75.6732,2026-03-11 19:38:00,Closed,"Sec 20(b), 22 NDPS Act",Critical,90.4,High Risk Zone
KSP/MAN/2025/02388,MOTOR VEHICLE ACCIDENTS NON-FATAL,Mandya,Central PS,12.536,76.8542,2025-10-18 02:52:00,Closed,"Sec 279, 337 IPC",Medium,95.4,Standard Monitoring
KSP/TUM/2026/02389,HURT / ASSAULT,Tumakuru,Town PS,13.3836,77.1646,2026-01-13 07:14:00,Closed,"Sec 323, 324, 504 IPC",High,85.1,High Risk Zone
KSP/BEN/2026/02390,BURGLARY / HOUSE BREAKING,Bengaluru City,Yelahanka,13.01,77.5799,2026-07-21 20:47:00,Pending,"Sec 454, 457, 380 IPC",High,85.1,High Risk Zone
KSP/BEN/2024/02391,BURGLARY / HOUSE BREAKING,Bengaluru City,Cubbon Park,12.995,77.5874,2024-01-11 18:40:00,Charge Sheeted,"Sec 454, 457, 380 IPC",High,90.0,High Risk Zone
KSP/MAN/2024/02392,CrPC OFFENCES,Mangaluru,Surathkal,12.8607,74.815,2024-04-13 00:30:00,Closed,"Sec 107, 151 CrPC",Low,88.1,Standard Monitoring
KSP/BID/2026/02393,CYBER CRIME & FRAUD,Bidar,Bhalki,17.8546,77.5579,2026-01-22 11:54:00,Solved,"Sec 66D IT Act, 420 IPC",High,90.8,High Risk Zone
KSP/BEN/2024/02394,THEFT,Bengaluru City,Cubbon Park,12.8939,77.645,2024-01-06 17:12:00,Solved,Sec 379 IPC,Medium,96.6,Standard Monitoring
KSP/BEN/2025/02395,HURT / ASSAULT,Bengaluru City,Yelahanka,13.0338,77.5249,2025-03-03 21:42:00,Investigating,"Sec 323, 324, 504 IPC",High,91.0,High Risk Zone
KSP/MYS/2025/02396,THEFT,Mysuru,Nazarbad,12.3541,76.644,2025-03-13 07:10:00,Charge Sheeted,Sec 379 IPC,Medium,97.6,Standard Monitoring
KSP/UDU/2025/02397,MISSING PERSON,Udupi,Kundapura,13.3508,74.7578,2025-06-27 13:34:00,Solved,Sec 363 IPC,Medium,97.6,Standard Monitoring
KSP/KAL/2024/02398,KPA 1963 VIOLATIONS,Kalaburagi,Station Bazar,17.296,76.8211,2024-11-09 00:29:00,Investigating,"Sec 78, 87 KPA",Low,91.8,Standard Monitoring
KSP/BEN/2024/02399,CYBER CRIME & FRAUD,Bengaluru City,Koramangala,12.9228,77.6716,2024-02-05 01:25:00,Charge Sheeted,"Sec 66D IT Act, 420 IPC",High,95.5,High Risk Zone
KSP/BEN/2024/02400,HURT / ASSAULT,Bengaluru City,Hebbal,12.9925,77.5869,2024-03-04 00:36:00,Pending,"Sec 323, 324, 504 IPC",High,86.9,High Risk Zone
KSP/VIJ/2025/02401,MOTOR VEHICLE ACCIDENTS NON-FATAL,Vijayapura,Indi,16.8035,75.674,2025-04-03 13:48:00,Closed,"Sec 279, 337 IPC",Medium,86.2,Standard Monitoring
KSP/YAD/2025/02402,HURT / ASSAULT,Yadgir,Shahapur,16.7214,77.1423,2025-12-10 23:11:00,Pending,"Sec 323, 324, 504 IPC",High,94.8,High Risk Zone
KSP/CHA/2026/02403,ROBBERY / DACOITY,Chamarajanagar,Town PS,11.9953,76.9381,2026-02-24 01:14:00,Closed,"Sec 392, 395 IPC",Critical,96.1,High Risk Zone
KSP/HAS/2024/02404,HURT / ASSAULT,Hassan,Gorur,13.0824,76.0727,2024-12-31 05:46:00,Pending,"Sec 323, 324, 504 IPC",High,97.6,High Risk Zone
KSP/BEN/2025/02405,MOTOR VEHICLE ACCIDENTS NON-FATAL,Bengaluru City,Hebbal,12.9884,77.6485,2025-06-06 08:30:00,Charge Sheeted,"Sec 279, 337 IPC",Medium,97.0,Standard Monitoring
KSP/UTT/2024/02406,CYBER CRIME & FRAUD,Uttara Kannada,Bhatkal,14.7512,74.1634,2024-03-22 05:41:00,Closed,"Sec 66D IT Act, 420 IPC",High,91.1,High Risk Zone
KSP/KOP/2024/02407,THEFT,Koppal,Gangavathi,15.313,76.2121,2024-01-29 03:50:00,Pending,Sec 379 IPC,Medium,95.6,Standard Monitoring
KSP/MAN/2026/02408,ROBBERY / DACOITY,Mangaluru,Urwa,12.8531,74.8535,2026-06-25 04:37:00,Pending,"Sec 392, 395 IPC",Critical,98.3,High Risk Zone
KSP/BAL/2025/02409,MISSING PERSON,Ballari,Cowl Bazar,15.0999,76.9089,2025-10-10 07:08:00,Solved,Sec 363 IPC,Medium,95.5,Standard Monitoring
KSP/VIJ/2026/02410,MOTOR VEHICLE ACCIDENTS NON-FATAL,Vijayapura,Adarsh Nagar,16.7826,75.7203,2026-03-11 18:42:00,Charge Sheeted,"Sec 279, 337 IPC",Medium,91.9,Standard Monitoring
KSP/BEL/2026/02411,HURT / ASSAULT,Belagavi,Tilakwadi,15.8473,74.5203,2026-01-31 15:05:00,Investigating,"Sec 323, 324, 504 IPC",High,94.7,High Risk Zone
KSP/MYS/2025/02412,THEFT,Mysuru,Lashkar PS,12.3414,76.6437,2025-10-20 10:49:00,Charge Sheeted,Sec 379 IPC,Medium,89.1,Standard Monitoring
KSP/BEN/2025/02413,THEFT,Bengaluru City,Yelahanka,12.9946,77.5379,2025-01-27 15:24:00,Closed,Sec 379 IPC,Medium,90.1,Standard Monitoring
KSP/KOL/2026/02414,CrPC OFFENCES,Kolar,Robertsonpet,13.1594,78.0696,2026-07-13 23:33:00,Charge Sheeted,"Sec 107, 151 CrPC",Low,96.1,Standard Monitoring
KSP/BEN/2025/02415,CrPC OFFENCES,Bengaluru City,Hebbal,12.8971,77.6243,2025-05-07 03:16:00,Solved,"Sec 107, 151 CrPC",Low,93.4,Standard Monitoring
KSP/BEN/2026/02416,MOTOR VEHICLE ACCIDENTS NON-FATAL,Bengaluru Dist,Doddaballapura,13.1145,77.6125,2026-06-10 14:29:00,Charge Sheeted,"Sec 279, 337 IPC",Medium,98.0,Standard Monitoring
KSP/CHI/2024/02417,CrPC OFFENCES,Chikkamagaluru,Basavanahalli,13.3366,75.8056,2024-06-11 00:55:00,Pending,"Sec 107, 151 CrPC",Low,91.8,Standard Monitoring
KSP/RAM/2025/02418,MOTOR VEHICLE ACCIDENTS NON-FATAL,Ramanagara,Ijoor PS,12.7407,77.3099,2025-02-16 22:23:00,Closed,"Sec 279, 337 IPC",Medium,87.6,Standard Monitoring
KSP/BEN/2024/02419,KPA 1963 VIOLATIONS,Bengaluru City,Indiranagar,12.9479,77.6568,2024-10-31 05:54:00,Pending,"Sec 78, 87 KPA",Low,96.8,Standard Monitoring
KSP/BEN/2024/02420,BURGLARY / HOUSE BREAKING,Bengaluru Dist,Doddaballapura,13.1317,77.5803,2024-05-06 05:29:00,Pending,"Sec 454, 457, 380 IPC",High,92.0,High Risk Zone
KSP/CHA/2025/02421,THEFT,Chamarajanagar,Town PS,11.9637,76.9168,2025-06-22 01:41:00,Solved,Sec 379 IPC,Medium,92.6,Standard Monitoring
KSP/BEN/2024/02422,MOTOR VEHICLE ACCIDENTS NON-FATAL,Bengaluru City,Cubbon Park,12.945,77.5638,2024-08-23 01:22:00,Pending,"Sec 279, 337 IPC",Medium,85.5,Standard Monitoring
KSP/CHI/2026/02423,KPA 1963 VIOLATIONS,Chikkaballapura,Gauribidanur,13.3644,77.7401,2026-02-07 08:19:00,Solved,"Sec 78, 87 KPA",Low,95.4,Standard Monitoring
KSP/BEN/2024/02424,KPA 1963 VIOLATIONS,Bengaluru City,Cubbon Park,13.0506,77.6657,2024-08-05 09:21:00,Pending,"Sec 78, 87 KPA",Low,91.3,Standard Monitoring
KSP/BEN/2025/02425,THEFT,Bengaluru City,Whitefield,12.9244,77.5616,2025-05-10 15:42:00,Closed,Sec 379 IPC,Medium,92.0,Standard Monitoring
KSP/HAV/2024/02426,THEFT,Haveri,Town PS,14.8284,75.4103,2024-05-10 16:32:00,Solved,Sec 379 IPC,Medium,90.6,Standard Monitoring
KSP/BID/2026/02427,BURGLARY / HOUSE BREAKING,Bidar,Market PS,17.9334,77.4753,2026-02-04 20:59:00,Closed,"Sec 454, 457, 380 IPC",High,96.0,High Risk Zone
KSP/MYS/2025/02428,MISSING PERSON,Mysuru,Vidyaranyapuram,12.258,76.703,2025-02-10 00:46:00,Pending,Sec 363 IPC,Medium,90.8,Standard Monitoring
KSP/BEN/2026/02429,MOTOR VEHICLE ACCIDENTS NON-FATAL,Bengaluru City,Indiranagar,12.8995,77.5605,2026-07-22 04:08:00,Investigating,"Sec 279, 337 IPC",Medium,89.3,Standard Monitoring
KSP/BEN/2026/02430,CrPC OFFENCES,Bengaluru City,Cubbon Park,12.9404,77.6388,2026-03-10 16:44:00,Closed,"Sec 107, 151 CrPC",Low,89.7,Standard Monitoring
KSP/KAL/2024/02431,BURGLARY / HOUSE BREAKING,Kalaburagi,Ashok Nagar,17.3576,76.7989,2024-07-16 09:39:00,Charge Sheeted,"Sec 454, 457, 380 IPC",High,95.0,High Risk Zone
KSP/KAL/2025/02432,HURT / ASSAULT,Kalaburagi,University PS,17.2976,76.8832,2025-12-11 02:52:00,Charge Sheeted,"Sec 323, 324, 504 IPC",High,89.9,High Risk Zone
KSP/KAL/2024/02433,KPA 1963 VIOLATIONS,Kalaburagi,Station Bazar,17.3196,76.7851,2024-07-23 16:30:00,Closed,"Sec 78, 87 KPA",Low,89.5,Standard Monitoring
KSP/KOD/2024/02434,KPA 1963 VIOLATIONS,Kodagu,Kushalnagar,12.3798,75.7349,2024-10-30 22:50:00,Charge Sheeted,"Sec 78, 87 KPA",Low,86.7,Standard Monitoring
KSP/BID/2025/02435,THEFT,Bidar,Bhalki,17.8628,77.5866,2025-11-28 03:10:00,Solved,Sec 379 IPC,Medium,91.2,Standard Monitoring
KSP/BEL/2025/02436,MISSING PERSON,Belagavi,Camp PS,15.8582,74.5692,2025-09-19 08:50:00,Charge Sheeted,Sec 363 IPC,Medium,93.6,Standard Monitoring
KSP/BEN/2026/02437,THEFT,Bengaluru City,Koramangala,12.9114,77.5887,2026-06-09 08:50:00,Solved,Sec 379 IPC,Medium,89.9,Standard Monitoring
KSP/MYS/2026/02438,MOTOR VEHICLE ACCIDENTS NON-FATAL,Mysuru,Lashkar PS,12.2646,76.7275,2026-02-25 23:55:00,Pending,"Sec 279, 337 IPC",Medium,96.7,Standard Monitoring
KSP/MAN/2026/02439,NARCOTICS (NDPS),Mandya,East PS,12.5237,76.8883,2026-07-06 14:39:00,Closed,"Sec 20(b), 22 NDPS Act",Critical,88.6,High Risk Zone
KSP/UDU/2024/02440,KPA 1963 VIOLATIONS,Udupi,Malpe,13.2624,74.6637,2024-03-20 03:40:00,Closed,"Sec 78, 87 KPA",Low,88.4,Standard Monitoring
KSP/BEN/2025/02441,MISSING PERSON,Bengaluru City,Indiranagar,12.9457,77.5863,2025-09-24 05:24:00,Charge Sheeted,Sec 363 IPC,Medium,94.6,Standard Monitoring
KSP/DAV/2025/02442,HURT / ASSAULT,Davanagere,Azad Nagar,14.3915,75.9674,2025-07-25 07:36:00,Closed,"Sec 323, 324, 504 IPC",High,88.1,High Risk Zone
KSP/CHA/2024/02443,BURGLARY / HOUSE BREAKING,Chamarajanagar,Gundlupet,11.8574,76.8875,2024-02-15 14:22:00,Solved,"Sec 454, 457, 380 IPC",High,91.6,High Risk Zone
KSP/DAV/2026/02444,THEFT,Davanagere,Azad Nagar,14.4268,75.9893,2026-03-30 04:23:00,Solved,Sec 379 IPC,Medium,91.4,Standard Monitoring
KSP/BEN/2024/02445,MOTOR VEHICLE ACCIDENTS NON-FATAL,Bengaluru City,Jayanagar,13.0198,77.6096,2024-07-15 07:01:00,Pending,"Sec 279, 337 IPC",Medium,93.6,Standard Monitoring
KSP/BEN/2024/02446,THEFT,Bengaluru Dist,Nelamangala,13.1532,77.6222,2024-09-26 11:53:00,Charge Sheeted,Sec 379 IPC,Medium,85.2,Standard Monitoring
KSP/RAI/2024/02447,CYBER CRIME & FRAUD,Raichur,Manvi,16.1337,77.3035,2024-02-20 18:19:00,Solved,"Sec 66D IT Act, 420 IPC",High,90.8,High Risk Zone
KSP/BEN/2024/02448,THEFT,Bengaluru City,Jayanagar,13.0126,77.6037,2024-01-23 21:49:00,Investigating,Sec 379 IPC,Medium,87.8,Standard Monitoring
KSP/MYS/2024/02449,MOTOR VEHICLE ACCIDENTS NON-FATAL,Mysuru,Devaraja PS,12.3314,76.6205,2024-01-01 10:57:00,Charge Sheeted,"Sec 279, 337 IPC",Medium,92.7,Standard Monitoring
KSP/VIJ/2025/02450,ROBBERY / DACOITY,Vijayapura,Adarsh Nagar,16.8007,75.7686,2025-01-03 02:05:00,Charge Sheeted,"Sec 392, 395 IPC",Critical,89.0,High Risk Zone
KSP/BEN/2024/02451,THEFT,Bengaluru City,Cubbon Park,12.9676,77.5705,2024-04-05 10:21:00,Closed,Sec 379 IPC,Medium,89.0,Standard Monitoring
KSP/BEN/2026/02452,THEFT,Bengaluru City,Jayanagar,12.9388,77.6396,2026-02-01 22:24:00,Investigating,Sec 379 IPC,Medium,88.1,Standard Monitoring
KSP/MAN/2024/02453,MOTOR VEHICLE ACCIDENTS NON-FATAL,Mangaluru,Panambur,12.8787,74.8227,2024-08-26 04:29:00,Solved,"Sec 279, 337 IPC",Medium,90.0,Standard Monitoring
KSP/BEN/2024/02454,HURT / ASSAULT,Bengaluru City,Whitefield,12.9715,77.5908,2024-06-16 11:42:00,Charge Sheeted,"Sec 323, 324, 504 IPC",High,93.5,High Risk Zone
KSP/BEN/2025/02455,THEFT,Bengaluru City,Cubbon Park,12.9889,77.5985,2025-08-21 18:14:00,Solved,Sec 379 IPC,Medium,93.3,Standard Monitoring
KSP/MYS/2024/02456,KPA 1963 VIOLATIONS,Mysuru,Lashkar PS,12.258,76.6787,2024-08-17 19:52:00,Closed,"Sec 78, 87 KPA",Low,88.2,Standard Monitoring
KSP/MAN/2024/02457,MISSING PERSON,Mangaluru,Barkarke,12.8712,74.824,2024-07-24 15:44:00,Closed,Sec 363 IPC,Medium,90.5,Standard Monitoring
KSP/BEN/2024/02458,HURT / ASSAULT,Bengaluru City,Cubbon Park,12.9864,77.6503,2024-09-30 06:35:00,Closed,"Sec 323, 324, 504 IPC",High,95.6,High Risk Zone
KSP/BID/2025/02459,ROBBERY / DACOITY,Bidar,Gandhi Gunj,17.9367,77.5386,2025-11-28 06:43:00,Investigating,"Sec 392, 395 IPC",Critical,88.1,High Risk Zone
KSP/BAG/2025/02460,HURT / ASSAULT,Bagalkote,Navanagar,16.1614,75.7517,2025-12-17 16:02:00,Closed,"Sec 323, 324, 504 IPC",High,85.3,High Risk Zone
KSP/BEN/2024/02461,THEFT,Bengaluru Dist,Doddaballapura,13.0291,77.662,2024-11-23 11:27:00,Solved,Sec 379 IPC,Medium,92.1,Standard Monitoring
KSP/MAN/2026/02462,NARCOTICS (NDPS),Mangaluru,Surathkal,12.8873,74.776,2026-03-06 05:48:00,Closed,"Sec 20(b), 22 NDPS Act",Critical,96.7,High Risk Zone
KSP/KAL/2026/02463,KPA 1963 VIOLATIONS,Kalaburagi,Ashok Nagar,17.2939,76.8736,2026-05-18 10:33:00,Closed,"Sec 78, 87 KPA",Low,93.9,Standard Monitoring
KSP/KOL/2025/02464,MOTOR VEHICLE ACCIDENTS NON-FATAL,Kolar,Bangarapet,13.15,78.2029,2025-09-18 22:29:00,Closed,"Sec 279, 337 IPC",Medium,93.9,Standard Monitoring
KSP/BAL/2026/02465,THEFT,Ballari,Gandhinagar,15.0907,76.8628,2026-01-08 10:02:00,Solved,Sec 379 IPC,Medium,88.4,Standard Monitoring
KSP/KAL/2025/02466,CrPC OFFENCES,Kalaburagi,Station Bazar,17.3739,76.8684,2025-01-29 13:02:00,Pending,"Sec 107, 151 CrPC",Low,85.1,Standard Monitoring
KSP/BEL/2025/02467,CrPC OFFENCES,Belagavi,Camp PS,15.8695,74.4888,2025-02-02 07:13:00,Solved,"Sec 107, 151 CrPC",Low,97.9,Standard Monitoring
KSP/CHI/2026/02468,THEFT,Chikkaballapura,Town PS,13.3563,77.6705,2026-03-29 16:52:00,Solved,Sec 379 IPC,Medium,93.2,Standard Monitoring
KSP/RAI/2024/02469,MOTOR VEHICLE ACCIDENTS NON-FATAL,Raichur,Manvi,16.2483,77.267,2024-08-21 09:01:00,Investigating,"Sec 279, 337 IPC",Medium,94.5,Standard Monitoring
KSP/BEN/2025/02470,MOTOR VEHICLE ACCIDENTS NON-FATAL,Bengaluru City,Yelahanka,12.9773,77.6442,2025-08-29 05:37:00,Pending,"Sec 279, 337 IPC",Medium,97.0,Standard Monitoring
KSP/HAS/2024/02471,MOTOR VEHICLE ACCIDENTS NON-FATAL,Hassan,Pension Mohalla,13.0376,76.133,2024-11-03 12:10:00,Charge Sheeted,"Sec 279, 337 IPC",Medium,95.6,Standard Monitoring
KSP/BEN/2024/02472,MISSING PERSON,Bengaluru City,Cubbon Park,12.9736,77.648,2024-06-01 10:09:00,Solved,Sec 363 IPC,Medium,97.1,Standard Monitoring
KSP/HAV/2026/02473,MOTOR VEHICLE ACCIDENTS NON-FATAL,Haveri,Byadgi,14.8277,75.4782,2026-03-10 18:21:00,Investigating,"Sec 279, 337 IPC",Medium,92.9,Standard Monitoring
KSP/BEN/2024/02474,NARCOTICS (NDPS),Bengaluru Dist,Hosakote,13.0141,77.5811,2024-04-11 17:55:00,Closed,"Sec 20(b), 22 NDPS Act",Critical,94.8,High Risk Zone
KSP/BEL/2026/02475,THEFT,Belagavi,Tilakwadi,15.901,74.4378,2026-03-13 09:59:00,Pending,Sec 379 IPC,Medium,98.0,Standard Monitoring
KSP/BID/2024/02476,KPA 1963 VIOLATIONS,Bidar,Gandhi Gunj,17.9495,77.5949,2024-05-08 11:00:00,Investigating,"Sec 78, 87 KPA",Low,87.3,Standard Monitoring
KSP/BEN/2025/02477,CYBER CRIME & FRAUD,Bengaluru City,Indiranagar,12.9236,77.5472,2025-07-15 09:20:00,Charge Sheeted,"Sec 66D IT Act, 420 IPC",High,96.3,High Risk Zone
KSP/MAN/2024/02478,THEFT,Mangaluru,Kadri,12.9499,74.9357,2024-07-19 22:54:00,Charge Sheeted,Sec 379 IPC,Medium,85.8,Standard Monitoring
KSP/BEN/2024/02479,MOTOR VEHICLE ACCIDENTS NON-FATAL,Bengaluru City,Koramangala,12.9385,77.5889,2024-07-08 10:40:00,Closed,"Sec 279, 337 IPC",Medium,92.3,Standard Monitoring
KSP/DAV/2024/02480,MOTOR VEHICLE ACCIDENTS NON-FATAL,Davanagere,Vidyanagar,14.5257,75.8933,2024-11-17 10:19:00,Pending,"Sec 279, 337 IPC",Medium,91.6,Standard Monitoring
KSP/RAI/2025/02481,ROBBERY / DACOITY,Raichur,Market PS,16.193,77.2736,2025-01-03 00:14:00,Charge Sheeted,"Sec 392, 395 IPC",Critical,96.9,High Risk Zone
KSP/BEN/2025/02482,MOTOR VEHICLE ACCIDENTS NON-FATAL,Bengaluru City,Yelahanka,13.0222,77.6158,2025-10-01 16:39:00,Pending,"Sec 279, 337 IPC",Medium,88.0,Standard Monitoring
KSP/HUB/2024/02483,KPA 1963 VIOLATIONS,Hubballi-Dharwad,Dharwad Town,15.2893,75.1305,2024-09-28 07:10:00,Pending,"Sec 78, 87 KPA",Low,93.0,Standard Monitoring
KSP/DAV/2024/02484,MOTOR VEHICLE ACCIDENTS NON-FATAL,Davanagere,Harihar,14.423,75.9484,2024-07-28 09:06:00,Charge Sheeted,"Sec 279, 337 IPC",Medium,87.2,Standard Monitoring
KSP/HUB/2025/02485,HURT / ASSAULT,Hubballi-Dharwad,Suburban PS,15.4106,75.1745,2025-04-04 15:53:00,Pending,"Sec 323, 324, 504 IPC",High,90.5,High Risk Zone
KSP/BEN/2025/02486,MOTOR VEHICLE ACCIDENTS NON-FATAL,Bengaluru City,Hebbal,12.9702,77.548,2025-04-01 18:00:00,Solved,"Sec 279, 337 IPC",Medium,92.4,Standard Monitoring
KSP/KAL/2025/02487,MISSING PERSON,Kalaburagi,Station Bazar,17.3843,76.7928,2025-08-09 03:44:00,Investigating,Sec 363 IPC,Medium,85.1,Standard Monitoring
KSP/CHI/2025/02488,HURT / ASSAULT,Chikkaballapura,Town PS,13.427,77.6785,2025-03-05 22:20:00,Charge Sheeted,"Sec 323, 324, 504 IPC",High,96.4,High Risk Zone
KSP/TUM/2025/02489,MISSING PERSON,Tumakuru,Kyatsandra,13.3596,77.0823,2025-09-28 05:43:00,Closed,Sec 363 IPC,Medium,90.4,Standard Monitoring
KSP/MYS/2024/02490,THEFT,Mysuru,Lashkar PS,12.2631,76.6073,2024-11-01 09:26:00,Investigating,Sec 379 IPC,Medium,85.9,Standard Monitoring
KSP/BEL/2024/02491,CYBER CRIME & FRAUD,Belagavi,Gokak,15.8234,74.4636,2024-01-19 12:01:00,Charge Sheeted,"Sec 66D IT Act, 420 IPC",High,96.5,High Risk Zone
KSP/MYS/2026/02492,CrPC OFFENCES,Mysuru,Nazarbad,12.3216,76.5793,2026-03-18 21:19:00,Pending,"Sec 107, 151 CrPC",Low,92.1,Standard Monitoring
KSP/BEL/2025/02493,HURT / ASSAULT,Belagavi,Tilakwadi,15.8186,74.4418,2025-08-12 01:19:00,Charge Sheeted,"Sec 323, 324, 504 IPC",High,88.6,High Risk Zone
KSP/KOP/2024/02494,CrPC OFFENCES,Koppal,Kushtagi,15.3799,76.1282,2024-03-26 06:02:00,Charge Sheeted,"Sec 107, 151 CrPC",Low,87.9,Standard Monitoring
KSP/BEN/2025/02495,MISSING PERSON,Bengaluru City,Electronic City,12.9301,77.6022,2025-11-07 16:11:00,Investigating,Sec 363 IPC,Medium,94.2,Standard Monitoring
KSP/KAL/2026/02496,HURT / ASSAULT,Kalaburagi,University PS,17.3043,76.8484,2026-06-13 03:59:00,Pending,"Sec 323, 324, 504 IPC",High,89.9,High Risk Zone
KSP/UDU/2024/02497,THEFT,Udupi,Malpe,13.3254,74.7372,2024-10-02 12:01:00,Charge Sheeted,Sec 379 IPC,Medium,95.0,Standard Monitoring
KSP/BEN/2025/02498,HURT / ASSAULT,Bengaluru City,Hebbal,12.9799,77.6423,2025-10-11 14:12:00,Solved,"Sec 323, 324, 504 IPC",High,96.3,High Risk Zone
KSP/HAS/2026/02499,CYBER CRIME & FRAUD,Hassan,Arsikere,12.9671,76.1172,2026-02-22 15:29:00,Charge Sheeted,"Sec 66D IT Act, 420 IPC",High,92.8,High Risk Zone
KSP/TUM/2025/02500,MOTOR VEHICLE ACCIDENTS NON-FATAL,Tumakuru,Tiptur,13.3649,77.0647,2025-05-12 15:55:00,Charge Sheeted,"Sec 279, 337 IPC",Medium,92.2,Standard Monitoring
KSP/BEN/2024/02501,MOTOR VEHICLE ACCIDENTS NON-FATAL,Bengaluru Dist,Nelamangala,13.1473,77.6551,2024-05-04 20:56:00,Investigating,"Sec 279, 337 IPC",Medium,94.4,Standard Monitoring
KSP/BEN/2024/02502,THEFT,Bengaluru City,Whitefield,12.9282,77.5616,2024-02-03 10:07:00,Pending,Sec 379 IPC,Medium,96.6,Standard Monitoring
KSP/CHI/2025/02503,ROBBERY / DACOITY,Chitradurga,Kote PS,14.1469,76.4062,2025-12-17 17:57:00,Pending,"Sec 392, 395 IPC",Critical,89.0,High Risk Zone
KSP/BEN/2025/02504,HURT / ASSAULT,Bengaluru City,Cubbon Park,13.0275,77.55,2025-10-26 18:41:00,Charge Sheeted,"Sec 323, 324, 504 IPC",High,87.2,High Risk Zone
KSP/BEN/2025/02505,BURGLARY / HOUSE BREAKING,Bengaluru City,Koramangala,12.9121,77.612,2025-05-27 19:38:00,Solved,"Sec 454, 457, 380 IPC",High,92.9,High Risk Zone
KSP/VIJ/2025/02506,HURT / ASSAULT,Vijayanagara,Hospet Town,15.305,76.3782,2025-02-03 20:51:00,Closed,"Sec 323, 324, 504 IPC",High,89.5,High Risk Zone
KSP/BEN/2024/02507,THEFT,Bengaluru City,Electronic City,12.893,77.5677,2024-08-27 16:22:00,Solved,Sec 379 IPC,Medium,88.7,Standard Monitoring
KSP/MAN/2024/02508,MISSING PERSON,Mandya,Maddur,12.5195,76.8997,2024-03-03 05:37:00,Investigating,Sec 363 IPC,Medium,91.7,Standard Monitoring
KSP/CHI/2024/02509,KPA 1963 VIOLATIONS,Chitradurga,Town PS,14.2154,76.4319,2024-11-16 04:18:00,Investigating,"Sec 78, 87 KPA",Low,95.1,Standard Monitoring
KSP/SHI/2025/02510,MOTOR VEHICLE ACCIDENTS NON-FATAL,Shivamogga,Tunga Nagar,14.0006,75.5717,2025-03-14 23:05:00,Charge Sheeted,"Sec 279, 337 IPC",Medium,85.8,Standard Monitoring
KSP/BEL/2024/02511,THEFT,Belagavi,Camp PS,15.8276,74.502,2024-08-29 19:36:00,Pending,Sec 379 IPC,Medium,96.5,Standard Monitoring
KSP/CHI/2026/02512,MOTOR VEHICLE ACCIDENTS NON-FATAL,Chikkamagaluru,Kadur,13.3508,75.8496,2026-02-21 08:48:00,Solved,"Sec 279, 337 IPC",Medium,88.9,Standard Monitoring
KSP/BEN/2025/02513,HURT / ASSAULT,Bengaluru City,Koramangala,13.0353,77.623,2025-12-18 07:35:00,Solved,"Sec 323, 324, 504 IPC",High,89.1,High Risk Zone
KSP/KAL/2024/02514,CYBER CRIME & FRAUD,Kalaburagi,University PS,17.2865,76.8281,2024-10-01 23:55:00,Solved,"Sec 66D IT Act, 420 IPC",High,96.0,High Risk Zone
KSP/MAN/2025/02515,MOTOR VEHICLE ACCIDENTS NON-FATAL,Mangaluru,Barkarke,12.9342,74.8128,2025-12-08 05:09:00,Charge Sheeted,"Sec 279, 337 IPC",Medium,93.1,Standard Monitoring
KSP/MAN/2024/02516,THEFT,Mangaluru,Panambur,12.8983,74.8832,2024-09-21 17:53:00,Investigating,Sec 379 IPC,Medium,88.0,Standard Monitoring
KSP/UDU/2024/02517,KPA 1963 VIOLATIONS,Udupi,Manipal,13.3899,74.7915,2024-07-09 14:01:00,Closed,"Sec 78, 87 KPA",Low,88.2,Standard Monitoring
KSP/KAL/2025/02518,MISSING PERSON,Kalaburagi,Brahampur,17.2626,76.8958,2025-08-12 01:56:00,Investigating,Sec 363 IPC,Medium,92.5,Standard Monitoring
KSP/BAL/2025/02519,HURT / ASSAULT,Ballari,Brucepet,15.1626,76.8764,2025-12-01 04:03:00,Solved,"Sec 323, 324, 504 IPC",High,86.7,High Risk Zone
KSP/BEL/2025/02520,CrPC OFFENCES,Belagavi,Market PS,15.802,74.5895,2025-06-24 18:13:00,Solved,"Sec 107, 151 CrPC",Low,93.8,Standard Monitoring
KSP/BEN/2024/02521,THEFT,Bengaluru City,Indiranagar,12.9328,77.5234,2024-06-15 07:07:00,Pending,Sec 379 IPC,Medium,93.0,Standard Monitoring
KSP/VIJ/2024/02522,CrPC OFFENCES,Vijayanagara,Kudligi,15.2109,76.4103,2024-02-13 06:40:00,Investigating,"Sec 107, 151 CrPC",Low,95.7,Standard Monitoring
KSP/BEN/2026/02523,NARCOTICS (NDPS),Bengaluru Dist,Devanahalli,13.1516,77.6124,2026-02-04 05:32:00,Charge Sheeted,"Sec 20(b), 22 NDPS Act",Critical,97.1,High Risk Zone
KSP/BEN/2026/02524,THEFT,Bengaluru City,Electronic City,13.0136,77.5872,2026-05-07 16:34:00,Charge Sheeted,Sec 379 IPC,Medium,87.2,Standard Monitoring
KSP/MYS/2025/02525,THEFT,Mysuru,Devaraja PS,12.2345,76.6708,2025-10-17 22:12:00,Charge Sheeted,Sec 379 IPC,Medium,95.2,Standard Monitoring
KSP/RAI/2024/02526,CrPC OFFENCES,Raichur,Sindhanur,16.1352,77.2687,2024-01-01 04:08:00,Solved,"Sec 107, 151 CrPC",Low,98.2,Standard Monitoring
KSP/BID/2025/02527,CrPC OFFENCES,Bidar,Gandhi Gunj,17.8996,77.5372,2025-07-28 14:05:00,Pending,"Sec 107, 151 CrPC",Low,97.4,Standard Monitoring
KSP/SHI/2024/02528,MOTOR VEHICLE ACCIDENTS NON-FATAL,Shivamogga,Vinoba Nagar,13.9667,75.6255,2024-08-18 20:44:00,Closed,"Sec 279, 337 IPC",Medium,88.7,Standard Monitoring
KSP/HUB/2026/02529,MOTOR VEHICLE ACCIDENTS NON-FATAL,Hubballi-Dharwad,Gokul Road,15.3228,75.082,2026-04-28 02:27:00,Pending,"Sec 279, 337 IPC",Medium,86.8,Standard Monitoring
KSP/BEN/2026/02530,MOTOR VEHICLE ACCIDENTS NON-FATAL,Bengaluru City,Whitefield,12.8992,77.6281,2026-04-28 23:39:00,Pending,"Sec 279, 337 IPC",Medium,92.9,Standard Monitoring
KSP/MYS/2025/02531,HURT / ASSAULT,Mysuru,Lashkar PS,12.3611,76.6246,2025-06-06 20:16:00,Investigating,"Sec 323, 324, 504 IPC",High,92.0,High Risk Zone
KSP/BEN/2024/02532,THEFT,Bengaluru City,Electronic City,12.943,77.5384,2024-09-21 20:20:00,Pending,Sec 379 IPC,Medium,87.8,Standard Monitoring
KSP/HAS/2024/02533,HURT / ASSAULT,Hassan,City PS,13.0467,76.1337,2024-09-26 05:29:00,Closed,"Sec 323, 324, 504 IPC",High,94.1,High Risk Zone
KSP/BEN/2026/02534,CYBER CRIME & FRAUD,Bengaluru Dist,Doddaballapura,13.144,77.5718,2026-01-22 20:16:00,Solved,"Sec 66D IT Act, 420 IPC",High,89.8,High Risk Zone
KSP/KOP/2026/02535,MOTOR VEHICLE ACCIDENTS NON-FATAL,Koppal,Town PS,15.3182,76.2279,2026-01-17 18:41:00,Charge Sheeted,"Sec 279, 337 IPC",Medium,97.3,Standard Monitoring
KSP/HUB/2024/02536,KPA 1963 VIOLATIONS,Hubballi-Dharwad,Suburban PS,15.3177,75.1707,2024-11-03 02:59:00,Pending,"Sec 78, 87 KPA",Low,93.1,Standard Monitoring
KSP/CHI/2025/02537,THEFT,Chikkamagaluru,Tarikere,13.2628,75.7475,2025-09-04 08:11:00,Pending,Sec 379 IPC,Medium,90.0,Standard Monitoring
KSP/HUB/2024/02538,MISSING PERSON,Hubballi-Dharwad,Suburban PS,15.3256,75.1527,2024-07-06 10:04:00,Closed,Sec 363 IPC,Medium,85.6,Standard Monitoring
KSP/MYS/2025/02539,CYBER CRIME & FRAUD,Mysuru,Nazarbad,12.304,76.6765,2025-03-09 04:01:00,Solved,"Sec 66D IT Act, 420 IPC",High,90.9,High Risk Zone
KSP/BEN/2025/02540,MISSING PERSON,Bengaluru City,Jayanagar,12.9301,77.5448,2025-05-10 23:12:00,Charge Sheeted,Sec 363 IPC,Medium,95.7,Standard Monitoring
KSP/BEN/2025/02541,MISSING PERSON,Bengaluru Dist,Devanahalli,13.0918,77.5693,2025-09-20 23:49:00,Pending,Sec 363 IPC,Medium,97.7,Standard Monitoring
KSP/MYS/2025/02542,THEFT,Mysuru,Devaraja PS,12.3041,76.6262,2025-05-05 09:15:00,Charge Sheeted,Sec 379 IPC,Medium,94.1,Standard Monitoring
KSP/MAN/2024/02543,MOTOR VEHICLE ACCIDENTS NON-FATAL,Mangaluru,Urwa,12.8685,74.8116,2024-12-19 22:23:00,Closed,"Sec 279, 337 IPC",Medium,93.5,Standard Monitoring
KSP/BEN/2024/02544,MOTOR VEHICLE ACCIDENTS NON-FATAL,Bengaluru City,Yelahanka,13.05,77.669,2024-07-21 20:17:00,Closed,"Sec 279, 337 IPC",Medium,96.3,Standard Monitoring
KSP/BEL/2024/02545,MOTOR VEHICLE ACCIDENTS NON-FATAL,Belagavi,Khade Bazar,15.8891,74.5854,2024-08-17 22:42:00,Pending,"Sec 279, 337 IPC",Medium,88.2,Standard Monitoring
KSP/UDU/2025/02546,MOTOR VEHICLE ACCIDENTS NON-FATAL,Udupi,Kundapura,13.4128,74.6844,2025-01-11 15:52:00,Pending,"Sec 279, 337 IPC",Medium,92.3,Standard Monitoring
KSP/UDU/2026/02547,CYBER CRIME & FRAUD,Udupi,Malpe,13.367,74.7779,2026-03-03 19:10:00,Closed,"Sec 66D IT Act, 420 IPC",High,93.3,High Risk Zone
KSP/BEL/2026/02548,BURGLARY / HOUSE BREAKING,Belagavi,Tilakwadi,15.8673,74.4991,2026-06-29 05:45:00,Solved,"Sec 454, 457, 380 IPC",High,97.5,High Risk Zone
KSP/BEN/2026/02549,MOTOR VEHICLE ACCIDENTS NON-FATAL,Bengaluru City,Koramangala,12.9545,77.6724,2026-05-18 08:49:00,Pending,"Sec 279, 337 IPC",Medium,96.5,Standard Monitoring
KSP/TUM/2025/02550,CrPC OFFENCES,Tumakuru,Kyatsandra,13.2967,77.1429,2025-11-10 02:43:00,Investigating,"Sec 107, 151 CrPC",Low,94.9,Standard Monitoring
KSP/RAM/2024/02551,HURT / ASSAULT,Ramanagara,Channapatna,12.7509,77.2905,2024-05-10 03:37:00,Charge Sheeted,"Sec 323, 324, 504 IPC",High,95.6,High Risk Zone
KSP/MAN/2024/02552,MISSING PERSON,Mangaluru,Urwa,12.862,74.88,2024-06-30 22:50:00,Closed,Sec 363 IPC,Medium,86.8,Standard Monitoring
KSP/CHI/2025/02553,KPA 1963 VIOLATIONS,Chikkamagaluru,Tarikere,13.3866,75.8257,2025-11-18 17:50:00,Pending,"Sec 78, 87 KPA",Low,89.4,Standard Monitoring
KSP/UDU/2024/02554,HURT / ASSAULT,Udupi,Kundapura,13.3729,74.7761,2024-09-15 02:43:00,Closed,"Sec 323, 324, 504 IPC",High,93.9,High Risk Zone
KSP/BEN/2024/02555,ROBBERY / DACOITY,Bengaluru Dist,Nelamangala,13.0992,77.5917,2024-05-20 03:34:00,Investigating,"Sec 392, 395 IPC",Critical,93.0,High Risk Zone
KSP/SHI/2025/02556,CrPC OFFENCES,Shivamogga,Vinoba Nagar,13.8727,75.5113,2025-06-27 05:58:00,Charge Sheeted,"Sec 107, 151 CrPC",Low,97.5,Standard Monitoring
KSP/BEN/2024/02557,CrPC OFFENCES,Bengaluru City,Jayanagar,12.8926,77.5855,2024-04-11 11:06:00,Closed,"Sec 107, 151 CrPC",Low,96.9,Standard Monitoring
KSP/TUM/2025/02558,MOTOR VEHICLE ACCIDENTS NON-FATAL,Tumakuru,Kyatsandra,13.3458,77.067,2025-11-09 03:41:00,Investigating,"Sec 279, 337 IPC",Medium,86.6,Standard Monitoring
KSP/HUB/2024/02559,CYBER CRIME & FRAUD,Hubballi-Dharwad,Dharwad Town,15.4218,75.055,2024-10-10 04:28:00,Solved,"Sec 66D IT Act, 420 IPC",High,95.3,High Risk Zone
KSP/BEN/2024/02560,HURT / ASSAULT,Bengaluru City,Cubbon Park,13.0411,77.6122,2024-08-14 12:03:00,Investigating,"Sec 323, 324, 504 IPC",High,93.5,High Risk Zone
KSP/KOD/2026/02561,HURT / ASSAULT,Kodagu,Gonikoppal,12.3943,75.7465,2026-01-16 13:41:00,Charge Sheeted,"Sec 323, 324, 504 IPC",High,94.5,High Risk Zone
KSP/CHI/2025/02562,MOTOR VEHICLE ACCIDENTS NON-FATAL,Chikkaballapura,Gauribidanur,13.451,77.7859,2025-03-21 00:48:00,Pending,"Sec 279, 337 IPC",Medium,92.9,Standard Monitoring
KSP/BEN/2026/02563,CrPC OFFENCES,Bengaluru City,Jayanagar,12.9767,77.6671,2026-06-08 20:03:00,Investigating,"Sec 107, 151 CrPC",Low,92.8,Standard Monitoring
KSP/BEN/2025/02564,HURT / ASSAULT,Bengaluru Dist,Doddaballapura,13.0942,77.571,2025-05-26 20:33:00,Solved,"Sec 323, 324, 504 IPC",High,86.9,High Risk Zone
KSP/BEN/2024/02565,HURT / ASSAULT,Bengaluru City,Yelahanka,13.0027,77.5755,2024-10-12 20:47:00,Charge Sheeted,"Sec 323, 324, 504 IPC",High,93.5,High Risk Zone
KSP/BEN/2024/02566,CrPC OFFENCES,Bengaluru Dist,Nelamangala,13.0376,77.6632,2024-11-21 00:59:00,Charge Sheeted,"Sec 107, 151 CrPC",Low,86.7,Standard Monitoring
KSP/CHI/2026/02567,THEFT,Chitradurga,Town PS,14.2502,76.431,2026-06-29 14:21:00,Investigating,Sec 379 IPC,Medium,89.1,Standard Monitoring
KSP/HUB/2024/02568,CrPC OFFENCES,Hubballi-Dharwad,Gokul Road,15.3753,75.0532,2024-11-29 09:24:00,Pending,"Sec 107, 151 CrPC",Low,91.9,Standard Monitoring
KSP/RAI/2024/02569,CrPC OFFENCES,Raichur,Sadabad,16.196,77.3105,2024-06-30 19:38:00,Closed,"Sec 107, 151 CrPC",Low,86.2,Standard Monitoring
KSP/BEN/2025/02570,CrPC OFFENCES,Bengaluru City,Koramangala,13.0055,77.6631,2025-11-26 03:25:00,Pending,"Sec 107, 151 CrPC",Low,91.1,Standard Monitoring
KSP/KAL/2025/02571,BURGLARY / HOUSE BREAKING,Kalaburagi,Brahampur,17.3081,76.8823,2025-11-10 11:16:00,Closed,"Sec 454, 457, 380 IPC",High,87.8,High Risk Zone
KSP/BEN/2024/02572,THEFT,Bengaluru City,Whitefield,12.8949,77.6171,2024-04-25 08:55:00,Closed,Sec 379 IPC,Medium,85.8,Standard Monitoring
KSP/BEN/2026/02573,MISSING PERSON,Bengaluru City,Indiranagar,12.9581,77.632,2026-06-01 07:38:00,Investigating,Sec 363 IPC,Medium,93.1,Standard Monitoring
KSP/UDU/2025/02574,MISSING PERSON,Udupi,Town PS,13.268,74.76,2025-10-27 01:18:00,Charge Sheeted,Sec 363 IPC,Medium,94.9,Standard Monitoring
KSP/KOL/2026/02575,MISSING PERSON,Kolar,Robertsonpet,13.1146,78.1096,2026-05-30 14:16:00,Closed,Sec 363 IPC,Medium,87.2,Standard Monitoring
KSP/KOP/2026/02576,CrPC OFFENCES,Koppal,Town PS,15.3388,76.1313,2026-04-13 20:36:00,Pending,"Sec 107, 151 CrPC",Low,87.6,Standard Monitoring
KSP/BEL/2024/02577,MOTOR VEHICLE ACCIDENTS NON-FATAL,Belagavi,Khade Bazar,15.9062,74.4614,2024-02-18 02:59:00,Charge Sheeted,"Sec 279, 337 IPC",Medium,98.3,Standard Monitoring
KSP/SHI/2026/02578,MISSING PERSON,Shivamogga,Bhadravathi,13.9521,75.5643,2026-03-07 16:58:00,Closed,Sec 363 IPC,Medium,87.3,Standard Monitoring
KSP/SHI/2025/02579,MOTOR VEHICLE ACCIDENTS NON-FATAL,Shivamogga,Tunga Nagar,13.9217,75.614,2025-07-28 21:27:00,Investigating,"Sec 279, 337 IPC",Medium,86.9,Standard Monitoring
KSP/MYS/2025/02580,KPA 1963 VIOLATIONS,Mysuru,Devaraja PS,12.3567,76.7117,2025-07-02 19:57:00,Closed,"Sec 78, 87 KPA",Low,87.0,Standard Monitoring
KSP/MYS/2025/02581,THEFT,Mysuru,Vidyaranyapuram,12.2755,76.5932,2025-11-27 11:05:00,Investigating,Sec 379 IPC,Medium,92.3,Standard Monitoring
KSP/HUB/2026/02582,MOTOR VEHICLE ACCIDENTS NON-FATAL,Hubballi-Dharwad,Vidyagiri,15.3492,75.1111,2026-05-10 17:38:00,Solved,"Sec 279, 337 IPC",Medium,97.6,Standard Monitoring
KSP/BEL/2024/02583,THEFT,Belagavi,Khade Bazar,15.8598,74.5514,2024-06-05 12:21:00,Pending,Sec 379 IPC,Medium,97.5,Standard Monitoring
KSP/MAN/2026/02584,MOTOR VEHICLE ACCIDENTS NON-FATAL,Mangaluru,Urwa,12.986,74.9282,2026-07-06 00:22:00,Solved,"Sec 279, 337 IPC",Medium,85.0,Standard Monitoring
KSP/VIJ/2025/02585,BURGLARY / HOUSE BREAKING,Vijayanagara,Harapanahalli,15.2155,76.4046,2025-05-22 11:25:00,Solved,"Sec 454, 457, 380 IPC",High,95.7,High Risk Zone
KSP/HUB/2024/02586,CrPC OFFENCES,Hubballi-Dharwad,Vidyagiri,15.3833,75.0843,2024-01-02 05:17:00,Pending,"Sec 107, 151 CrPC",Low,87.7,Standard Monitoring
KSP/RAM/2025/02587,CYBER CRIME & FRAUD,Ramanagara,Ijoor PS,12.7447,77.2707,2025-08-20 10:18:00,Investigating,"Sec 66D IT Act, 420 IPC",High,96.5,High Risk Zone
KSP/BEN/2025/02588,KPA 1963 VIOLATIONS,Bengaluru City,Hebbal,12.9187,77.6407,2025-07-29 13:58:00,Charge Sheeted,"Sec 78, 87 KPA",Low,86.6,Standard Monitoring
KSP/BEN/2025/02589,HURT / ASSAULT,Bengaluru City,Cubbon Park,13.0246,77.5757,2025-09-28 21:50:00,Closed,"Sec 323, 324, 504 IPC",High,95.8,High Risk Zone
KSP/BEN/2025/02590,MISSING PERSON,Bengaluru City,Yelahanka,12.9995,77.5771,2025-12-19 03:10:00,Investigating,Sec 363 IPC,Medium,91.2,Standard Monitoring
KSP/CHI/2024/02591,KPA 1963 VIOLATIONS,Chitradurga,Kote PS,14.2985,76.4249,2024-06-16 21:05:00,Charge Sheeted,"Sec 78, 87 KPA",Low,87.9,Standard Monitoring
KSP/SHI/2024/02592,THEFT,Shivamogga,Tunga Nagar,13.8616,75.6464,2024-04-04 13:14:00,Solved,Sec 379 IPC,Medium,92.9,Standard Monitoring
KSP/BEN/2024/02593,MISSING PERSON,Bengaluru City,Jayanagar,12.9898,77.5744,2024-09-06 07:54:00,Closed,Sec 363 IPC,Medium,86.1,Standard Monitoring
KSP/SHI/2026/02594,THEFT,Shivamogga,Doddapet,13.9615,75.57,2026-07-25 09:15:00,Charge Sheeted,Sec 379 IPC,Medium,88.7,Standard Monitoring
KSP/MYS/2026/02595,MISSING PERSON,Mysuru,Vidyaranyapuram,12.3363,76.664,2026-01-08 17:59:00,Solved,Sec 363 IPC,Medium,97.0,Standard Monitoring
KSP/DAV/2024/02596,MOTOR VEHICLE ACCIDENTS NON-FATAL,Davanagere,Harihar,14.4838,75.8785,2024-04-12 20:13:00,Pending,"Sec 279, 337 IPC",Medium,94.7,Standard Monitoring
KSP/HAV/2024/02597,CrPC OFFENCES,Haveri,Ranebennur,14.7992,75.4104,2024-09-04 12:25:00,Pending,"Sec 107, 151 CrPC",Low,97.5,Standard Monitoring
KSP/BEN/2024/02598,MOTOR VEHICLE ACCIDENTS NON-FATAL,Bengaluru City,Whitefield,12.9967,77.5734,2024-09-15 06:27:00,Closed,"Sec 279, 337 IPC",Medium,87.5,Standard Monitoring
KSP/RAM/2024/02599,MOTOR VEHICLE ACCIDENTS NON-FATAL,Ramanagara,Channapatna,12.7306,77.2851,2024-08-26 16:53:00,Closed,"Sec 279, 337 IPC",Medium,85.3,Standard Monitoring
KSP/BEN/2025/02600,MOTOR VEHICLE ACCIDENTS NON-FATAL,Bengaluru Dist,Nelamangala,13.1187,77.5612,2025-09-25 10:56:00,Investigating,"Sec 279, 337 IPC",Medium,89.5,Standard Monitoring
KSP/HAS/2025/02601,HURT / ASSAULT,Hassan,City PS,12.9572,76.0585,2025-11-10 05:01:00,Pending,"Sec 323, 324, 504 IPC",High,88.7,High Risk Zone
KSP/KOD/2024/02602,CrPC OFFENCES,Kodagu,Madikeri Town,12.4248,75.6657,2024-10-19 19:09:00,Charge Sheeted,"Sec 107, 151 CrPC",Low,86.5,Standard Monitoring
KSP/BEN/2025/02603,MISSING PERSON,Bengaluru City,Koramangala,12.9695,77.5705,2025-03-06 08:26:00,Closed,Sec 363 IPC,Medium,90.2,Standard Monitoring
KSP/SHI/2025/02604,NARCOTICS (NDPS),Shivamogga,Vinoba Nagar,13.975,75.563,2025-06-19 15:39:00,Solved,"Sec 20(b), 22 NDPS Act",Critical,91.0,High Risk Zone
KSP/VIJ/2025/02605,THEFT,Vijayanagara,Harapanahalli,15.3425,76.4037,2025-10-30 20:14:00,Solved,Sec 379 IPC,Medium,85.3,Standard Monitoring
KSP/BID/2025/02606,HURT / ASSAULT,Bidar,Bhalki,17.9095,77.5066,2025-01-06 08:52:00,Pending,"Sec 323, 324, 504 IPC",High,91.3,High Risk Zone
KSP/VIJ/2024/02607,MOTOR VEHICLE ACCIDENTS NON-FATAL,Vijayanagara,Hospet Town,15.2682,76.4476,2024-01-15 21:40:00,Solved,"Sec 279, 337 IPC",Medium,96.6,Standard Monitoring
KSP/BEN/2026/02608,HURT / ASSAULT,Bengaluru City,Electronic City,13.0123,77.637,2026-02-09 13:58:00,Solved,"Sec 323, 324, 504 IPC",High,86.8,High Risk Zone
KSP/TUM/2025/02609,BURGLARY / HOUSE BREAKING,Tumakuru,Sira,13.406,77.1522,2025-11-18 05:14:00,Solved,"Sec 454, 457, 380 IPC",High,90.9,High Risk Zone
KSP/BEN/2024/02610,NARCOTICS (NDPS),Bengaluru City,Whitefield,12.9874,77.5212,2024-04-06 14:25:00,Investigating,"Sec 20(b), 22 NDPS Act",Critical,89.3,High Risk Zone
KSP/BEN/2026/02611,THEFT,Bengaluru Dist,Doddaballapura,13.0439,77.6347,2026-06-28 10:15:00,Charge Sheeted,Sec 379 IPC,Medium,91.2,Standard Monitoring
KSP/SHI/2026/02612,THEFT,Shivamogga,Tunga Nagar,13.8555,75.5152,2026-03-08 04:10:00,Closed,Sec 379 IPC,Medium,92.4,Standard Monitoring
KSP/BEN/2025/02613,CrPC OFFENCES,Bengaluru City,Indiranagar,12.9657,77.5353,2025-10-26 03:21:00,Charge Sheeted,"Sec 107, 151 CrPC",Low,91.8,Standard Monitoring
KSP/BEN/2025/02614,THEFT,Bengaluru City,Indiranagar,12.967,77.6159,2025-07-21 04:49:00,Charge Sheeted,Sec 379 IPC,Medium,87.3,Standard Monitoring
KSP/BEN/2026/02615,THEFT,Bengaluru City,Indiranagar,13.0418,77.5757,2026-05-02 11:22:00,Solved,Sec 379 IPC,Medium,97.4,Standard Monitoring
KSP/BEN/2024/02616,NARCOTICS (NDPS),Bengaluru City,Hebbal,12.9206,77.6733,2024-09-14 22:58:00,Closed,"Sec 20(b), 22 NDPS Act",Critical,87.9,High Risk Zone
KSP/BEN/2026/02617,BURGLARY / HOUSE BREAKING,Bengaluru City,Koramangala,12.8961,77.5299,2026-05-21 09:02:00,Investigating,"Sec 454, 457, 380 IPC",High,90.4,High Risk Zone
KSP/MAN/2024/02618,KPA 1963 VIOLATIONS,Mandya,Central PS,12.5549,76.8292,2024-02-23 03:26:00,Closed,"Sec 78, 87 KPA",Low,91.8,Standard Monitoring
KSP/CHI/2024/02619,MOTOR VEHICLE ACCIDENTS NON-FATAL,Chikkamagaluru,Town PS,13.31,75.7604,2024-04-13 09:32:00,Pending,"Sec 279, 337 IPC",Medium,85.2,Standard Monitoring
KSP/BEN/2024/02620,KPA 1963 VIOLATIONS,Bengaluru Dist,Nelamangala,13.0176,77.5816,2024-10-02 08:58:00,Closed,"Sec 78, 87 KPA",Low,96.9,Standard Monitoring
KSP/BEL/2024/02621,CrPC OFFENCES,Belagavi,Market PS,15.8413,74.5606,2024-05-02 14:12:00,Investigating,"Sec 107, 151 CrPC",Low,86.7,Standard Monitoring
KSP/BEN/2025/02622,CrPC OFFENCES,Bengaluru Dist,Nelamangala,13.1331,77.6478,2025-06-01 06:40:00,Solved,"Sec 107, 151 CrPC",Low,86.3,Standard Monitoring
KSP/HAV/2025/02623,MOTOR VEHICLE ACCIDENTS NON-FATAL,Haveri,Byadgi,14.7699,75.4045,2025-01-07 10:00:00,Investigating,"Sec 279, 337 IPC",Medium,88.2,Standard Monitoring
KSP/BEN/2026/02624,MOTOR VEHICLE ACCIDENTS NON-FATAL,Bengaluru City,Jayanagar,12.9362,77.5812,2026-02-20 13:59:00,Investigating,"Sec 279, 337 IPC",Medium,94.8,Standard Monitoring
KSP/MAN/2025/02625,NARCOTICS (NDPS),Mangaluru,Surathkal,12.8642,74.8478,2025-06-27 07:29:00,Solved,"Sec 20(b), 22 NDPS Act",Critical,88.9,High Risk Zone
KSP/BEN/2026/02626,THEFT,Bengaluru City,Whitefield,12.9854,77.5425,2026-04-11 07:29:00,Solved,Sec 379 IPC,Medium,97.1,Standard Monitoring
KSP/BEN/2024/02627,MOTOR VEHICLE ACCIDENTS NON-FATAL,Bengaluru City,Indiranagar,12.9052,77.5862,2024-08-07 22:53:00,Pending,"Sec 279, 337 IPC",Medium,96.6,Standard Monitoring
KSP/HUB/2025/02628,MOTOR VEHICLE ACCIDENTS NON-FATAL,Hubballi-Dharwad,Kamripeth,15.3185,75.1543,2025-05-27 17:09:00,Charge Sheeted,"Sec 279, 337 IPC",Medium,94.3,Standard Monitoring
KSP/BEN/2026/02629,MOTOR VEHICLE ACCIDENTS NON-FATAL,Bengaluru City,Indiranagar,12.9192,77.6654,2026-03-19 09:47:00,Investigating,"Sec 279, 337 IPC",Medium,97.6,Standard Monitoring
KSP/KOP/2025/02630,CYBER CRIME & FRAUD,Koppal,Kushtagi,15.396,76.19,2025-04-07 02:07:00,Charge Sheeted,"Sec 66D IT Act, 420 IPC",High,86.4,High Risk Zone
KSP/BEN/2025/02631,CrPC OFFENCES,Bengaluru Dist,Nelamangala,13.0579,77.6206,2025-10-28 20:02:00,Investigating,"Sec 107, 151 CrPC",Low,85.2,Standard Monitoring
KSP/MYS/2024/02632,KPA 1963 VIOLATIONS,Mysuru,Devaraja PS,12.2443,76.7213,2024-06-28 10:50:00,Pending,"Sec 78, 87 KPA",Low,91.6,Standard Monitoring
KSP/BEN/2024/02633,MOTOR VEHICLE ACCIDENTS NON-FATAL,Bengaluru City,Indiranagar,13.0136,77.5249,2024-05-03 04:42:00,Solved,"Sec 279, 337 IPC",Medium,91.6,Standard Monitoring
KSP/BEN/2024/02634,CYBER CRIME & FRAUD,Bengaluru City,Electronic City,13.0331,77.5731,2024-04-23 04:10:00,Solved,"Sec 66D IT Act, 420 IPC",High,87.0,High Risk Zone
KSP/BEN/2025/02635,THEFT,Bengaluru City,Cubbon Park,13.0069,77.5184,2025-10-24 06:28:00,Pending,Sec 379 IPC,Medium,90.6,Standard Monitoring
KSP/BEN/2026/02636,MOTOR VEHICLE ACCIDENTS NON-FATAL,Bengaluru Dist,Devanahalli,13.0415,77.5664,2026-01-04 09:40:00,Investigating,"Sec 279, 337 IPC",Medium,86.8,Standard Monitoring
KSP/BEN/2024/02637,MOTOR VEHICLE ACCIDENTS NON-FATAL,Bengaluru City,Jayanagar,12.9921,77.5375,2024-09-26 19:03:00,Charge Sheeted,"Sec 279, 337 IPC",Medium,93.1,Standard Monitoring
KSP/HUB/2024/02638,THEFT,Hubballi-Dharwad,Vidyagiri,15.3909,75.1379,2024-12-09 06:42:00,Pending,Sec 379 IPC,Medium,87.6,Standard Monitoring
KSP/BEN/2024/02639,HURT / ASSAULT,Bengaluru Dist,Devanahalli,13.0146,77.5197,2024-03-03 20:51:00,Pending,"Sec 323, 324, 504 IPC",High,87.1,High Risk Zone
KSP/BEN/2026/02640,MISSING PERSON,Bengaluru City,Cubbon Park,12.976,77.6116,2026-07-21 03:30:00,Solved,Sec 363 IPC,Medium,95.1,Standard Monitoring
KSP/YAD/2024/02641,CrPC OFFENCES,Yadgir,Shahapur,16.8132,77.1973,2024-09-16 20:54:00,Solved,"Sec 107, 151 CrPC",Low,96.1,Standard Monitoring
KSP/RAM/2026/02642,MISSING PERSON,Ramanagara,Magadi,12.7073,77.2742,2026-03-01 20:51:00,Pending,Sec 363 IPC,Medium,87.1,Standard Monitoring
KSP/UTT/2025/02643,CYBER CRIME & FRAUD,Uttara Kannada,Bhatkal,14.8442,74.0792,2025-03-23 04:34:00,Pending,"Sec 66D IT Act, 420 IPC",High,90.7,High Risk Zone
KSP/BAL/2024/02644,BURGLARY / HOUSE BREAKING,Ballari,Gandhinagar,15.1252,76.8449,2024-11-29 13:36:00,Solved,"Sec 454, 457, 380 IPC",High,90.3,High Risk Zone
KSP/BEN/2025/02645,THEFT,Bengaluru Dist,Nelamangala,13.0661,77.6424,2025-01-05 17:56:00,Closed,Sec 379 IPC,Medium,92.7,Standard Monitoring
KSP/BEN/2025/02646,CrPC OFFENCES,Bengaluru Dist,Doddaballapura,13.0412,77.5784,2025-11-21 07:43:00,Closed,"Sec 107, 151 CrPC",Low,97.3,Standard Monitoring
KSP/TUM/2024/02647,ROBBERY / DACOITY,Tumakuru,Town PS,13.3979,77.0247,2024-04-03 17:11:00,Charge Sheeted,"Sec 392, 395 IPC",Critical,89.8,High Risk Zone
KSP/BAL/2025/02648,KPA 1963 VIOLATIONS,Ballari,Cowl Bazar,15.0934,76.9939,2025-02-17 02:28:00,Pending,"Sec 78, 87 KPA",Low,86.6,Standard Monitoring
KSP/RAI/2024/02649,MISSING PERSON,Raichur,Manvi,16.1553,77.3073,2024-03-05 22:16:00,Charge Sheeted,Sec 363 IPC,Medium,94.0,Standard Monitoring
KSP/CHI/2025/02650,THEFT,Chitradurga,Kote PS,14.2454,76.3349,2025-01-26 23:07:00,Solved,Sec 379 IPC,Medium,89.1,Standard Monitoring
KSP/BEN/2025/02651,MOTOR VEHICLE ACCIDENTS NON-FATAL,Bengaluru Dist,Hosakote,13.1106,77.5127,2025-09-28 23:30:00,Charge Sheeted,"Sec 279, 337 IPC",Medium,96.9,Standard Monitoring
KSP/BID/2025/02652,MOTOR VEHICLE ACCIDENTS NON-FATAL,Bidar,Basavakalyan,17.8909,77.5158,2025-03-08 18:29:00,Closed,"Sec 279, 337 IPC",Medium,90.3,Standard Monitoring
KSP/MYS/2024/02653,CYBER CRIME & FRAUD,Mysuru,KRS Road,12.2612,76.6186,2024-02-12 15:19:00,Investigating,"Sec 66D IT Act, 420 IPC",High,92.4,High Risk Zone
KSP/BEN/2025/02654,CYBER CRIME & FRAUD,Bengaluru City,Jayanagar,13.0227,77.6671,2025-12-16 19:36:00,Closed,"Sec 66D IT Act, 420 IPC",High,89.3,High Risk Zone
KSP/MYS/2025/02655,CrPC OFFENCES,Mysuru,Vidyaranyapuram,12.3576,76.7323,2025-08-07 17:10:00,Closed,"Sec 107, 151 CrPC",Low,87.6,Standard Monitoring
KSP/HUB/2024/02656,HURT / ASSAULT,Hubballi-Dharwad,Suburban PS,15.3093,75.0924,2024-10-06 17:00:00,Solved,"Sec 323, 324, 504 IPC",High,97.9,High Risk Zone
KSP/BEN/2024/02657,CYBER CRIME & FRAUD,Bengaluru Dist,Nelamangala,13.067,77.6183,2024-03-18 22:33:00,Closed,"Sec 66D IT Act, 420 IPC",High,96.7,High Risk Zone
KSP/BEN/2025/02658,BURGLARY / HOUSE BREAKING,Bengaluru City,Yelahanka,13.0384,77.5185,2025-08-11 08:36:00,Solved,"Sec 454, 457, 380 IPC",High,85.7,High Risk Zone
KSP/BEN/2026/02659,CrPC OFFENCES,Bengaluru Dist,Devanahalli,13.1426,77.5478,2026-05-14 03:27:00,Charge Sheeted,"Sec 107, 151 CrPC",Low,88.8,Standard Monitoring
KSP/BEN/2024/02660,MOTOR VEHICLE ACCIDENTS NON-FATAL,Bengaluru City,Indiranagar,12.9303,77.5865,2024-10-22 20:46:00,Charge Sheeted,"Sec 279, 337 IPC",Medium,92.3,Standard Monitoring
KSP/TUM/2026/02661,THEFT,Tumakuru,Kyatsandra,13.2925,77.1684,2026-06-22 09:12:00,Charge Sheeted,Sec 379 IPC,Medium,91.1,Standard Monitoring
KSP/MYS/2024/02662,NARCOTICS (NDPS),Mysuru,KRS Road,12.3325,76.6269,2024-10-06 19:31:00,Pending,"Sec 20(b), 22 NDPS Act",Critical,96.5,High Risk Zone
KSP/BEN/2026/02663,MISSING PERSON,Bengaluru Dist,Devanahalli,13.0079,77.594,2026-05-20 06:11:00,Solved,Sec 363 IPC,Medium,86.8,Standard Monitoring
KSP/TUM/2025/02664,CrPC OFFENCES,Tumakuru,Gubbi,13.3538,77.0796,2025-07-09 21:49:00,Pending,"Sec 107, 151 CrPC",Low,88.5,Standard Monitoring
KSP/RAM/2024/02665,CrPC OFFENCES,Ramanagara,Kanakapura,12.7047,77.3266,2024-10-18 16:28:00,Pending,"Sec 107, 151 CrPC",Low,90.7,Standard Monitoring
KSP/SHI/2025/02666,MOTOR VEHICLE ACCIDENTS NON-FATAL,Shivamogga,Vinoba Nagar,14.0065,75.5895,2025-06-11 07:52:00,Closed,"Sec 279, 337 IPC",Medium,96.1,Standard Monitoring
KSP/VIJ/2026/02667,MOTOR VEHICLE ACCIDENTS NON-FATAL,Vijayanagara,Harapanahalli,15.238,76.4578,2026-06-21 09:28:00,Solved,"Sec 279, 337 IPC",Medium,89.0,Standard Monitoring
KSP/KAL/2026/02668,MOTOR VEHICLE ACCIDENTS NON-FATAL,Kalaburagi,Ashok Nagar,17.265,76.7668,2026-04-08 13:15:00,Closed,"Sec 279, 337 IPC",Medium,85.8,Standard Monitoring
KSP/BEN/2025/02669,KPA 1963 VIOLATIONS,Bengaluru City,Cubbon Park,13.0162,77.5557,2025-10-10 11:53:00,Investigating,"Sec 78, 87 KPA",Low,89.8,Standard Monitoring
KSP/VIJ/2026/02670,MOTOR VEHICLE ACCIDENTS NON-FATAL,Vijayanagara,Hospet Town,15.2282,76.4553,2026-07-21 00:10:00,Closed,"Sec 279, 337 IPC",Medium,97.8,Standard Monitoring
KSP/MAN/2026/02671,HURT / ASSAULT,Mandya,Srirangapatna,12.5254,76.8255,2026-01-04 03:55:00,Investigating,"Sec 323, 324, 504 IPC",High,91.7,High Risk Zone
KSP/HUB/2024/02672,MOTOR VEHICLE ACCIDENTS NON-FATAL,Hubballi-Dharwad,Suburban PS,15.386,75.1176,2024-06-15 15:50:00,Solved,"Sec 279, 337 IPC",Medium,96.3,Standard Monitoring
KSP/BEN/2025/02673,BURGLARY / HOUSE BREAKING,Bengaluru City,Electronic City,13.0059,77.6587,2025-09-05 15:27:00,Pending,"Sec 454, 457, 380 IPC",High,92.4,High Risk Zone
KSP/BEN/2026/02674,HURT / ASSAULT,Bengaluru Dist,Hosakote,13.114,77.5186,2026-06-10 07:42:00,Pending,"Sec 323, 324, 504 IPC",High,88.1,High Risk Zone
KSP/SHI/2025/02675,BURGLARY / HOUSE BREAKING,Shivamogga,Tunga Nagar,13.9062,75.639,2025-06-14 17:20:00,Solved,"Sec 454, 457, 380 IPC",High,96.0,High Risk Zone
KSP/MYS/2024/02676,CrPC OFFENCES,Mysuru,KRS Road,12.336,76.7121,2024-07-27 02:36:00,Investigating,"Sec 107, 151 CrPC",Low,92.8,Standard Monitoring
KSP/TUM/2026/02677,HURT / ASSAULT,Tumakuru,Kyatsandra,13.3726,77.1654,2026-01-26 19:17:00,Charge Sheeted,"Sec 323, 324, 504 IPC",High,86.3,High Risk Zone
KSP/BEN/2025/02678,MOTOR VEHICLE ACCIDENTS NON-FATAL,Bengaluru City,Cubbon Park,13.0497,77.6092,2025-08-22 12:52:00,Charge Sheeted,"Sec 279, 337 IPC",Medium,91.7,Standard Monitoring
KSP/BEN/2025/02679,CYBER CRIME & FRAUD,Bengaluru City,Indiranagar,13.0473,77.5288,2025-03-05 12:37:00,Investigating,"Sec 66D IT Act, 420 IPC",High,92.4,High Risk Zone
KSP/BEN/2025/02680,MISSING PERSON,Bengaluru City,Yelahanka,13.0446,77.5545,2025-01-10 11:46:00,Investigating,Sec 363 IPC,Medium,89.9,Standard Monitoring
KSP/SHI/2025/02681,BURGLARY / HOUSE BREAKING,Shivamogga,Doddapet,13.9063,75.4918,2025-07-17 09:29:00,Charge Sheeted,"Sec 454, 457, 380 IPC",High,97.1,High Risk Zone
KSP/HUB/2025/02682,THEFT,Hubballi-Dharwad,Suburban PS,15.3759,75.1263,2025-10-13 14:30:00,Closed,Sec 379 IPC,Medium,87.9,Standard Monitoring
KSP/BEN/2025/02683,MISSING PERSON,Bengaluru City,Cubbon Park,13.0365,77.5666,2025-07-17 17:13:00,Pending,Sec 363 IPC,Medium,87.6,Standard Monitoring
KSP/YAD/2025/02684,BURGLARY / HOUSE BREAKING,Yadgir,Shorapur,16.74,77.1714,2025-05-06 05:28:00,Solved,"Sec 454, 457, 380 IPC",High,96.9,High Risk Zone
KSP/BID/2026/02685,BURGLARY / HOUSE BREAKING,Bidar,Basavakalyan,17.8963,77.4918,2026-04-10 20:40:00,Charge Sheeted,"Sec 454, 457, 380 IPC",High,95.7,High Risk Zone
KSP/BEL/2025/02686,MISSING PERSON,Belagavi,Market PS,15.7874,74.5624,2025-09-18 21:55:00,Solved,Sec 363 IPC,Medium,90.7,Standard Monitoring
KSP/BEN/2026/02687,MISSING PERSON,Bengaluru City,Indiranagar,13.0107,77.6105,2026-06-30 07:04:00,Closed,Sec 363 IPC,Medium,96.0,Standard Monitoring
KSP/BEL/2025/02688,MISSING PERSON,Belagavi,Khade Bazar,15.7743,74.4652,2025-08-06 10:18:00,Solved,Sec 363 IPC,Medium,93.2,Standard Monitoring
KSP/BEN/2024/02689,BURGLARY / HOUSE BREAKING,Bengaluru City,Electronic City,12.988,77.5623,2024-01-22 07:22:00,Pending,"Sec 454, 457, 380 IPC",High,89.7,High Risk Zone
KSP/TUM/2024/02690,MOTOR VEHICLE ACCIDENTS NON-FATAL,Tumakuru,Kyatsandra,13.361,77.0478,2024-08-05 00:51:00,Closed,"Sec 279, 337 IPC",Medium,85.4,Standard Monitoring
KSP/BEL/2025/02691,KPA 1963 VIOLATIONS,Belagavi,Gokak,15.8628,74.4436,2025-10-14 23:51:00,Pending,"Sec 78, 87 KPA",Low,89.7,Standard Monitoring
KSP/KOL/2024/02692,ROBBERY / DACOITY,Kolar,Gulpet,13.1662,78.1418,2024-03-08 12:39:00,Charge Sheeted,"Sec 392, 395 IPC",Critical,92.3,High Risk Zone
KSP/BEN/2025/02693,CrPC OFFENCES,Bengaluru City,Jayanagar,12.9788,77.6325,2025-12-11 04:47:00,Investigating,"Sec 107, 151 CrPC",Low,85.8,Standard Monitoring
KSP/BEN/2026/02694,MISSING PERSON,Bengaluru City,Jayanagar,12.9613,77.651,2026-01-07 04:44:00,Solved,Sec 363 IPC,Medium,88.4,Standard Monitoring
KSP/BEN/2026/02695,MOTOR VEHICLE ACCIDENTS NON-FATAL,Bengaluru City,Jayanagar,13.0204,77.6027,2026-02-24 02:11:00,Charge Sheeted,"Sec 279, 337 IPC",Medium,86.9,Standard Monitoring
KSP/TUM/2024/02696,CYBER CRIME & FRAUD,Tumakuru,Kyatsandra,13.2804,77.1385,2024-01-15 08:40:00,Solved,"Sec 66D IT Act, 420 IPC",High,92.0,High Risk Zone
KSP/KOP/2025/02697,MOTOR VEHICLE ACCIDENTS NON-FATAL,Koppal,Town PS,15.3074,76.1353,2025-04-28 21:07:00,Pending,"Sec 279, 337 IPC",Medium,96.9,Standard Monitoring
KSP/BEN/2026/02698,BURGLARY / HOUSE BREAKING,Bengaluru City,Indiranagar,13.0228,77.6159,2026-02-28 22:10:00,Closed,"Sec 454, 457, 380 IPC",High,90.0,High Risk Zone
KSP/BEN/2025/02699,MOTOR VEHICLE ACCIDENTS NON-FATAL,Bengaluru City,Jayanagar,12.9219,77.6414,2025-06-16 07:29:00,Investigating,"Sec 279, 337 IPC",Medium,95.0,Standard Monitoring
KSP/BEL/2026/02700,KPA 1963 VIOLATIONS,Belagavi,Tilakwadi,15.911,74.5047,2026-05-14 05:08:00,Investigating,"Sec 78, 87 KPA",Low,93.3,Standard Monitoring
KSP/RAM/2024/02701,HURT / ASSAULT,Ramanagara,Magadi,12.6395,77.2502,2024-10-31 18:26:00,Charge Sheeted,"Sec 323, 324, 504 IPC",High,85.9,High Risk Zone
KSP/TUM/2025/02702,THEFT,Tumakuru,Kyatsandra,13.3337,77.0862,2025-08-21 22:03:00,Investigating,Sec 379 IPC,Medium,91.9,Standard Monitoring
KSP/KAL/2024/02703,HURT / ASSAULT,Kalaburagi,Brahampur,17.3946,76.7956,2024-12-11 19:29:00,Closed,"Sec 323, 324, 504 IPC",High,96.5,High Risk Zone
KSP/MAN/2025/02704,MOTOR VEHICLE ACCIDENTS NON-FATAL,Mandya,Central PS,12.465,76.9612,2025-05-18 10:13:00,Investigating,"Sec 279, 337 IPC",Medium,91.7,Standard Monitoring
KSP/VIJ/2025/02705,MISSING PERSON,Vijayapura,Gandhi Chowk,16.7797,75.718,2025-04-22 10:29:00,Investigating,Sec 363 IPC,Medium,91.0,Standard Monitoring
KSP/BEL/2024/02706,BURGLARY / HOUSE BREAKING,Belagavi,Tilakwadi,15.775,74.5851,2024-07-06 00:20:00,Pending,"Sec 454, 457, 380 IPC",High,96.9,High Risk Zone
KSP/HUB/2024/02707,MISSING PERSON,Hubballi-Dharwad,Suburban PS,15.4226,75.1461,2024-11-23 20:51:00,Solved,Sec 363 IPC,Medium,92.7,Standard Monitoring
KSP/KAL/2025/02708,HURT / ASSAULT,Kalaburagi,Ashok Nagar,17.298,76.8285,2025-10-08 20:36:00,Charge Sheeted,"Sec 323, 324, 504 IPC",High,97.2,High Risk Zone
KSP/VIJ/2025/02709,CrPC OFFENCES,Vijayapura,Indi,16.7882,75.6561,2025-08-01 03:28:00,Charge Sheeted,"Sec 107, 151 CrPC",Low,88.9,Standard Monitoring
KSP/MAN/2024/02710,BURGLARY / HOUSE BREAKING,Mangaluru,Kadri,12.8837,74.7804,2024-08-16 03:23:00,Solved,"Sec 454, 457, 380 IPC",High,96.2,High Risk Zone
KSP/HAV/2024/02711,CYBER CRIME & FRAUD,Haveri,Byadgi,14.8042,75.4371,2024-06-23 22:29:00,Closed,"Sec 66D IT Act, 420 IPC",High,96.1,High Risk Zone
KSP/BAL/2024/02712,THEFT,Ballari,Cowl Bazar,15.1206,76.9482,2024-01-15 20:22:00,Closed,Sec 379 IPC,Medium,97.1,Standard Monitoring
KSP/BAL/2025/02713,CrPC OFFENCES,Ballari,Gandhinagar,15.14,76.9347,2025-02-11 17:17:00,Investigating,"Sec 107, 151 CrPC",Low,98.3,Standard Monitoring
KSP/BEN/2025/02714,CrPC OFFENCES,Bengaluru City,Jayanagar,12.8961,77.5266,2025-07-26 02:40:00,Solved,"Sec 107, 151 CrPC",Low,97.4,Standard Monitoring
KSP/TUM/2025/02715,MISSING PERSON,Tumakuru,Tiptur,13.4034,77.0712,2025-04-13 17:54:00,Solved,Sec 363 IPC,Medium,95.3,Standard Monitoring
KSP/MYS/2024/02716,MOTOR VEHICLE ACCIDENTS NON-FATAL,Mysuru,Vidyaranyapuram,12.3056,76.6611,2024-06-05 04:33:00,Solved,"Sec 279, 337 IPC",Medium,88.0,Standard Monitoring
KSP/BEN/2024/02717,KPA 1963 VIOLATIONS,Bengaluru City,Whitefield,12.9214,77.5216,2024-10-22 16:17:00,Charge Sheeted,"Sec 78, 87 KPA",Low,96.9,Standard Monitoring
KSP/BEN/2024/02718,HURT / ASSAULT,Bengaluru City,Hebbal,13.0218,77.6276,2024-09-27 06:17:00,Investigating,"Sec 323, 324, 504 IPC",High,86.2,High Risk Zone
KSP/TUM/2025/02719,MISSING PERSON,Tumakuru,Sira,13.3115,77.149,2025-11-23 21:14:00,Investigating,Sec 363 IPC,Medium,94.1,Standard Monitoring
KSP/BEN/2025/02720,CrPC OFFENCES,Bengaluru City,Whitefield,12.953,77.6014,2025-02-03 17:09:00,Investigating,"Sec 107, 151 CrPC",Low,85.7,Standard Monitoring
KSP/BEN/2026/02721,HURT / ASSAULT,Bengaluru City,Whitefield,12.8949,77.6605,2026-05-18 09:02:00,Investigating,"Sec 323, 324, 504 IPC",High,98.0,High Risk Zone
KSP/BEN/2026/02722,MISSING PERSON,Bengaluru City,Yelahanka,12.9581,77.5375,2026-02-26 03:09:00,Solved,Sec 363 IPC,Medium,95.9,Standard Monitoring
KSP/KOL/2024/02723,MISSING PERSON,Kolar,Town PS,13.1952,78.069,2024-02-05 03:01:00,Investigating,Sec 363 IPC,Medium,88.5,Standard Monitoring
KSP/BEL/2024/02724,CrPC OFFENCES,Belagavi,Camp PS,15.9179,74.496,2024-05-09 09:12:00,Investigating,"Sec 107, 151 CrPC",Low,86.2,Standard Monitoring
KSP/BEN/2024/02725,ROBBERY / DACOITY,Bengaluru City,Electronic City,12.9143,77.5632,2024-09-25 02:44:00,Solved,"Sec 392, 395 IPC",Critical,86.5,High Risk Zone
KSP/BEN/2024/02726,ROBBERY / DACOITY,Bengaluru City,Jayanagar,12.9442,77.6674,2024-10-29 08:30:00,Solved,"Sec 392, 395 IPC",Critical,92.7,High Risk Zone
KSP/BEN/2024/02727,THEFT,Bengaluru City,Electronic City,12.9366,77.5977,2024-02-24 00:51:00,Pending,Sec 379 IPC,Medium,87.9,Standard Monitoring
KSP/RAI/2025/02728,ROBBERY / DACOITY,Raichur,Sadabad,16.2248,77.315,2025-09-01 14:26:00,Closed,"Sec 392, 395 IPC",Critical,90.2,High Risk Zone
KSP/MAN/2025/02729,MOTOR VEHICLE ACCIDENTS NON-FATAL,Mangaluru,Barkarke,12.9734,74.8805,2025-06-29 22:39:00,Solved,"Sec 279, 337 IPC",Medium,93.7,Standard Monitoring
KSP/BEN/2026/02730,CrPC OFFENCES,Bengaluru City,Koramangala,12.9849,77.6196,2026-05-23 23:06:00,Closed,"Sec 107, 151 CrPC",Low,91.4,Standard Monitoring
KSP/HUB/2026/02731,MOTOR VEHICLE ACCIDENTS NON-FATAL,Hubballi-Dharwad,Gokul Road,15.2992,75.1293,2026-03-31 13:31:00,Pending,"Sec 279, 337 IPC",Medium,93.7,Standard Monitoring
KSP/BEN/2025/02732,CYBER CRIME & FRAUD,Bengaluru City,Whitefield,13.0222,77.5609,2025-08-01 04:06:00,Pending,"Sec 66D IT Act, 420 IPC",High,96.8,High Risk Zone
KSP/BEN/2025/02733,CrPC OFFENCES,Bengaluru City,Indiranagar,12.9685,77.5597,2025-01-25 19:35:00,Solved,"Sec 107, 151 CrPC",Low,94.7,Standard Monitoring
KSP/BEN/2025/02734,MOTOR VEHICLE ACCIDENTS NON-FATAL,Bengaluru City,Whitefield,12.9015,77.6238,2025-11-13 15:15:00,Solved,"Sec 279, 337 IPC",Medium,89.0,Standard Monitoring
KSP/MAN/2025/02735,BURGLARY / HOUSE BREAKING,Mangaluru,Urwa,12.9739,74.9301,2025-03-06 21:30:00,Solved,"Sec 454, 457, 380 IPC",High,93.7,High Risk Zone
KSP/BID/2024/02736,HURT / ASSAULT,Bidar,Bhalki,17.8335,77.5435,2024-11-06 12:38:00,Charge Sheeted,"Sec 323, 324, 504 IPC",High,93.7,High Risk Zone
KSP/VIJ/2025/02737,HURT / ASSAULT,Vijayapura,Adarsh Nagar,16.7644,75.7067,2025-04-29 13:26:00,Investigating,"Sec 323, 324, 504 IPC",High,96.0,High Risk Zone
KSP/BEN/2026/02738,MOTOR VEHICLE ACCIDENTS NON-FATAL,Bengaluru City,Yelahanka,13.0222,77.576,2026-05-11 06:44:00,Closed,"Sec 279, 337 IPC",Medium,97.0,Standard Monitoring
KSP/CHI/2025/02739,CrPC OFFENCES,Chitradurga,Hiriyur,14.1549,76.4137,2025-11-20 20:51:00,Charge Sheeted,"Sec 107, 151 CrPC",Low,92.5,Standard Monitoring
KSP/BEN/2026/02740,HURT / ASSAULT,Bengaluru City,Jayanagar,13.0082,77.5466,2026-07-18 05:03:00,Closed,"Sec 323, 324, 504 IPC",High,98.0,High Risk Zone
KSP/BEN/2026/02741,MISSING PERSON,Bengaluru City,Yelahanka,12.9643,77.6484,2026-04-03 17:48:00,Charge Sheeted,Sec 363 IPC,Medium,97.0,Standard Monitoring
KSP/BEN/2024/02742,MOTOR VEHICLE ACCIDENTS NON-FATAL,Bengaluru Dist,Doddaballapura,13.0035,77.5841,2024-03-31 09:01:00,Investigating,"Sec 279, 337 IPC",Medium,92.2,Standard Monitoring
KSP/KOP/2026/02743,THEFT,Koppal,Kushtagi,15.3011,76.0814,2026-01-07 12:29:00,Closed,Sec 379 IPC,Medium,97.0,Standard Monitoring
KSP/SHI/2025/02744,CrPC OFFENCES,Shivamogga,Tunga Nagar,13.956,75.5223,2025-09-24 17:49:00,Solved,"Sec 107, 151 CrPC",Low,93.7,Standard Monitoring
KSP/MYS/2024/02745,THEFT,Mysuru,Lashkar PS,12.2876,76.6376,2024-04-15 09:56:00,Closed,Sec 379 IPC,Medium,87.3,Standard Monitoring
KSP/MAN/2024/02746,MOTOR VEHICLE ACCIDENTS NON-FATAL,Mandya,Maddur,12.575,76.939,2024-10-15 03:27:00,Charge Sheeted,"Sec 279, 337 IPC",Medium,90.8,Standard Monitoring
KSP/BEN/2026/02747,THEFT,Bengaluru City,Koramangala,12.9619,77.5473,2026-02-17 20:20:00,Charge Sheeted,Sec 379 IPC,Medium,93.5,Standard Monitoring
KSP/CHI/2024/02748,THEFT,Chikkaballapura,Town PS,13.3574,77.6507,2024-01-11 20:26:00,Pending,Sec 379 IPC,Medium,86.9,Standard Monitoring
KSP/BEN/2024/02749,NARCOTICS (NDPS),Bengaluru City,Indiranagar,13.0366,77.5824,2024-09-09 20:10:00,Charge Sheeted,"Sec 20(b), 22 NDPS Act",Critical,95.1,High Risk Zone
KSP/TUM/2025/02750,MOTOR VEHICLE ACCIDENTS NON-FATAL,Tumakuru,Tiptur,13.3072,77.0277,2025-11-13 15:36:00,Investigating,"Sec 279, 337 IPC",Medium,91.7,Standard Monitoring
KSP/MYS/2024/02751,THEFT,Mysuru,KRS Road,12.2487,76.594,2024-05-24 20:36:00,Pending,Sec 379 IPC,Medium,94.6,Standard Monitoring
KSP/BEN/2026/02752,CYBER CRIME & FRAUD,Bengaluru City,Hebbal,12.9921,77.6034,2026-03-04 10:02:00,Charge Sheeted,"Sec 66D IT Act, 420 IPC",High,96.5,High Risk Zone
KSP/HUB/2024/02753,HURT / ASSAULT,Hubballi-Dharwad,Gokul Road,15.3915,75.0998,2024-11-13 06:08:00,Charge Sheeted,"Sec 323, 324, 504 IPC",High,86.2,High Risk Zone
KSP/BEN/2026/02754,THEFT,Bengaluru City,Whitefield,12.9596,77.5421,2026-06-18 04:09:00,Charge Sheeted,Sec 379 IPC,Medium,96.7,Standard Monitoring
KSP/MAN/2024/02755,MISSING PERSON,Mandya,East PS,12.4937,76.9368,2024-11-13 21:12:00,Closed,Sec 363 IPC,Medium,87.1,Standard Monitoring
KSP/BAG/2026/02756,MOTOR VEHICLE ACCIDENTS NON-FATAL,Bagalkote,Ilkal,16.1629,75.629,2026-05-15 08:00:00,Investigating,"Sec 279, 337 IPC",Medium,88.2,Standard Monitoring
KSP/BEL/2025/02757,ROBBERY / DACOITY,Belagavi,Gokak,15.8161,74.4854,2025-05-28 23:38:00,Investigating,"Sec 392, 395 IPC",Critical,86.7,High Risk Zone
KSP/BEN/2026/02758,CrPC OFFENCES,Bengaluru City,Indiranagar,12.983,77.5844,2026-06-01 15:43:00,Charge Sheeted,"Sec 107, 151 CrPC",Low,89.5,Standard Monitoring
KSP/HUB/2024/02759,MISSING PERSON,Hubballi-Dharwad,Dharwad Town,15.3305,75.1894,2024-09-26 22:08:00,Investigating,Sec 363 IPC,Medium,85.7,Standard Monitoring
KSP/BEN/2025/02760,CYBER CRIME & FRAUD,Bengaluru City,Whitefield,12.9016,77.5553,2025-07-27 11:12:00,Closed,"Sec 66D IT Act, 420 IPC",High,86.3,High Risk Zone
KSP/MAN/2026/02761,MOTOR VEHICLE ACCIDENTS NON-FATAL,Mangaluru,Surathkal,12.8953,74.7811,2026-03-12 21:53:00,Charge Sheeted,"Sec 279, 337 IPC",Medium,90.4,Standard Monitoring
KSP/BEL/2024/02762,KPA 1963 VIOLATIONS,Belagavi,Tilakwadi,15.8936,74.4726,2024-05-14 23:40:00,Pending,"Sec 78, 87 KPA",Low,96.5,Standard Monitoring
KSP/BEN/2024/02763,THEFT,Bengaluru City,Jayanagar,13.0408,77.531,2024-03-07 12:32:00,Pending,Sec 379 IPC,Medium,96.3,Standard Monitoring
KSP/BEL/2025/02764,HURT / ASSAULT,Belagavi,Market PS,15.923,74.5576,2025-09-09 14:39:00,Charge Sheeted,"Sec 323, 324, 504 IPC",High,96.6,High Risk Zone
KSP/CHI/2025/02765,HURT / ASSAULT,Chitradurga,Kote PS,14.248,76.349,2025-03-09 06:40:00,Investigating,"Sec 323, 324, 504 IPC",High,97.9,High Risk Zone
KSP/BAL/2024/02766,MOTOR VEHICLE ACCIDENTS NON-FATAL,Ballari,Cowl Bazar,15.1061,76.944,2024-02-25 20:49:00,Charge Sheeted,"Sec 279, 337 IPC",Medium,94.3,Standard Monitoring
KSP/BEN/2025/02767,BURGLARY / HOUSE BREAKING,Bengaluru Dist,Devanahalli,13.1131,77.5112,2025-05-30 02:29:00,Pending,"Sec 454, 457, 380 IPC",High,91.4,High Risk Zone
KSP/MAN/2026/02768,MOTOR VEHICLE ACCIDENTS NON-FATAL,Mangaluru,Panambur,12.9077,74.8833,2026-06-20 16:42:00,Charge Sheeted,"Sec 279, 337 IPC",Medium,91.5,Standard Monitoring
KSP/BEN/2025/02769,THEFT,Bengaluru Dist,Doddaballapura,13.0241,77.6317,2025-07-21 10:12:00,Investigating,Sec 379 IPC,Medium,86.7,Standard Monitoring
KSP/UTT/2025/02770,HURT / ASSAULT,Uttara Kannada,Karwar Town,14.8553,74.125,2025-04-27 18:01:00,Pending,"Sec 323, 324, 504 IPC",High,97.0,High Risk Zone
KSP/SHI/2024/02771,MISSING PERSON,Shivamogga,Bhadravathi,13.9061,75.5008,2024-04-28 15:13:00,Investigating,Sec 363 IPC,Medium,96.9,Standard Monitoring
KSP/HUB/2025/02772,MISSING PERSON,Hubballi-Dharwad,Kamripeth,15.3314,75.1863,2025-01-09 04:49:00,Investigating,Sec 363 IPC,Medium,93.2,Standard Monitoring
KSP/HUB/2025/02773,THEFT,Hubballi-Dharwad,Gokul Road,15.4295,75.106,2025-05-14 22:35:00,Pending,Sec 379 IPC,Medium,85.7,Standard Monitoring
KSP/HUB/2025/02774,THEFT,Hubballi-Dharwad,Vidyagiri,15.3381,75.0699,2025-06-12 14:45:00,Solved,Sec 379 IPC,Medium,91.6,Standard Monitoring
KSP/KOL/2025/02775,MOTOR VEHICLE ACCIDENTS NON-FATAL,Kolar,Robertsonpet,13.0871,78.1748,2025-08-05 22:27:00,Solved,"Sec 279, 337 IPC",Medium,91.2,Standard Monitoring
KSP/KAL/2025/02776,THEFT,Kalaburagi,University PS,17.2889,76.7822,2025-03-13 22:51:00,Pending,Sec 379 IPC,Medium,87.6,Standard Monitoring
KSP/BEN/2025/02777,THEFT,Bengaluru Dist,Hosakote,13.105,77.5689,2025-06-04 10:53:00,Solved,Sec 379 IPC,Medium,89.8,Standard Monitoring
KSP/BEN/2024/02778,HURT / ASSAULT,Bengaluru City,Jayanagar,13.0404,77.6092,2024-06-23 05:19:00,Investigating,"Sec 323, 324, 504 IPC",High,85.6,High Risk Zone
KSP/BEN/2025/02779,THEFT,Bengaluru City,Yelahanka,12.9658,77.6215,2025-05-18 00:31:00,Charge Sheeted,Sec 379 IPC,Medium,95.0,Standard Monitoring
KSP/RAI/2025/02780,MISSING PERSON,Raichur,Sindhanur,16.2539,77.2984,2025-11-26 01:16:00,Charge Sheeted,Sec 363 IPC,Medium,87.6,Standard Monitoring
KSP/HUB/2025/02781,HURT / ASSAULT,Hubballi-Dharwad,Vidyagiri,15.3312,75.0821,2025-11-13 00:17:00,Investigating,"Sec 323, 324, 504 IPC",High,95.3,High Risk Zone
KSP/BEL/2025/02782,CrPC OFFENCES,Belagavi,Camp PS,15.8426,74.4388,2025-12-19 15:02:00,Charge Sheeted,"Sec 107, 151 CrPC",Low,90.9,Standard Monitoring
KSP/CHI/2024/02783,MOTOR VEHICLE ACCIDENTS NON-FATAL,Chikkaballapura,Chintamani,13.425,77.6751,2024-01-20 16:17:00,Investigating,"Sec 279, 337 IPC",Medium,98.1,Standard Monitoring
KSP/YAD/2025/02784,MOTOR VEHICLE ACCIDENTS NON-FATAL,Yadgir,Shorapur,16.7292,77.0602,2025-12-22 08:21:00,Closed,"Sec 279, 337 IPC",Medium,96.0,Standard Monitoring
KSP/BEN/2025/02785,HURT / ASSAULT,Bengaluru Dist,Devanahalli,13.0661,77.6315,2025-10-01 06:58:00,Solved,"Sec 323, 324, 504 IPC",High,97.3,High Risk Zone
KSP/YAD/2025/02786,MISSING PERSON,Yadgir,Shorapur,16.8172,77.1047,2025-02-18 00:44:00,Pending,Sec 363 IPC,Medium,95.6,Standard Monitoring
KSP/BEN/2026/02787,HURT / ASSAULT,Bengaluru City,Cubbon Park,12.9915,77.641,2026-05-11 17:59:00,Investigating,"Sec 323, 324, 504 IPC",High,96.0,High Risk Zone
KSP/BEN/2024/02788,THEFT,Bengaluru Dist,Devanahalli,13.1301,77.6282,2024-12-03 06:01:00,Investigating,Sec 379 IPC,Medium,91.0,Standard Monitoring
KSP/MAN/2024/02789,HURT / ASSAULT,Mandya,East PS,12.4721,76.816,2024-10-31 04:20:00,Pending,"Sec 323, 324, 504 IPC",High,93.2,High Risk Zone
KSP/MYS/2026/02790,HURT / ASSAULT,Mysuru,Vidyaranyapuram,12.2265,76.6266,2026-01-10 15:03:00,Solved,"Sec 323, 324, 504 IPC",High,98.2,High Risk Zone
KSP/TUM/2025/02791,MOTOR VEHICLE ACCIDENTS NON-FATAL,Tumakuru,Kyatsandra,13.2911,77.0822,2025-11-26 13:22:00,Charge Sheeted,"Sec 279, 337 IPC",Medium,94.1,Standard Monitoring
KSP/TUM/2024/02792,THEFT,Tumakuru,Town PS,13.3943,77.1355,2024-01-28 10:27:00,Solved,Sec 379 IPC,Medium,90.6,Standard Monitoring
KSP/VIJ/2024/02793,KPA 1963 VIOLATIONS,Vijayapura,Adarsh Nagar,16.8081,75.6749,2024-02-17 13:14:00,Investigating,"Sec 78, 87 KPA",Low,88.5,Standard Monitoring
KSP/HAS/2025/02794,MISSING PERSON,Hassan,Pension Mohalla,13.0768,76.1088,2025-01-30 14:39:00,Charge Sheeted,Sec 363 IPC,Medium,96.8,Standard Monitoring
KSP/CHI/2025/02795,MISSING PERSON,Chikkaballapura,Chintamani,13.4195,77.6516,2025-03-13 08:38:00,Investigating,Sec 363 IPC,Medium,89.2,Standard Monitoring
KSP/MYS/2025/02796,ROBBERY / DACOITY,Mysuru,KRS Road,12.3014,76.6895,2025-11-29 12:59:00,Solved,"Sec 392, 395 IPC",Critical,93.6,High Risk Zone
KSP/BEN/2024/02797,MISSING PERSON,Bengaluru City,Cubbon Park,12.9479,77.6016,2024-07-27 02:44:00,Investigating,Sec 363 IPC,Medium,89.2,Standard Monitoring
KSP/RAI/2025/02798,CrPC OFFENCES,Raichur,Sadabad,16.178,77.3536,2025-01-04 23:11:00,Investigating,"Sec 107, 151 CrPC",Low,95.2,Standard Monitoring
KSP/GAD/2025/02799,MOTOR VEHICLE ACCIDENTS NON-FATAL,Gadag,Town PS,15.4097,75.6996,2025-03-26 10:23:00,Solved,"Sec 279, 337 IPC",Medium,96.4,Standard Monitoring
KSP/BEN/2024/02800,MOTOR VEHICLE ACCIDENTS NON-FATAL,Bengaluru City,Yelahanka,12.894,77.6179,2024-08-16 23:24:00,Investigating,"Sec 279, 337 IPC",Medium,89.6,Standard Monitoring
KSP/HUB/2024/02801,MISSING PERSON,Hubballi-Dharwad,Dharwad Town,15.329,75.1889,2024-07-22 10:52:00,Investigating,Sec 363 IPC,Medium,97.1,Standard Monitoring
KSP/TUM/2024/02802,ROBBERY / DACOITY,Tumakuru,Sira,13.4041,77.0745,2024-09-13 02:08:00,Charge Sheeted,"Sec 392, 395 IPC",Critical,94.9,High Risk Zone
KSP/BEN/2024/02803,MISSING PERSON,Bengaluru City,Hebbal,12.9517,77.6639,2024-04-20 06:05:00,Closed,Sec 363 IPC,Medium,86.9,Standard Monitoring
KSP/RAI/2026/02804,MOTOR VEHICLE ACCIDENTS NON-FATAL,Raichur,Market PS,16.2264,77.314,2026-03-09 07:55:00,Charge Sheeted,"Sec 279, 337 IPC",Medium,88.7,Standard Monitoring
KSP/HUB/2025/02805,ROBBERY / DACOITY,Hubballi-Dharwad,Vidyagiri,15.3834,75.18,2025-12-21 00:34:00,Charge Sheeted,"Sec 392, 395 IPC",Critical,94.1,High Risk Zone
KSP/BEN/2025/02806,THEFT,Bengaluru City,Koramangala,13.0328,77.647,2025-09-14 11:24:00,Solved,Sec 379 IPC,Medium,85.9,Standard Monitoring
KSP/BAL/2025/02807,CYBER CRIME & FRAUD,Ballari,Hospet Town,15.094,76.8862,2025-10-07 02:32:00,Solved,"Sec 66D IT Act, 420 IPC",High,93.0,High Risk Zone
KSP/BEN/2024/02808,HURT / ASSAULT,Bengaluru City,Electronic City,12.9781,77.6585,2024-07-21 10:33:00,Investigating,"Sec 323, 324, 504 IPC",High,94.3,High Risk Zone
KSP/HAS/2025/02809,THEFT,Hassan,Pension Mohalla,13.0733,76.1334,2025-03-08 20:26:00,Charge Sheeted,Sec 379 IPC,Medium,92.8,Standard Monitoring
KSP/MYS/2025/02810,ROBBERY / DACOITY,Mysuru,Devaraja PS,12.2963,76.6562,2025-07-20 07:24:00,Solved,"Sec 392, 395 IPC",Critical,93.6,High Risk Zone
KSP/BEL/2025/02811,CrPC OFFENCES,Belagavi,Tilakwadi,15.846,74.538,2025-04-08 18:45:00,Charge Sheeted,"Sec 107, 151 CrPC",Low,90.8,Standard Monitoring
KSP/BEN/2024/02812,MISSING PERSON,Bengaluru Dist,Doddaballapura,13.0587,77.5439,2024-10-24 19:57:00,Closed,Sec 363 IPC,Medium,97.9,Standard Monitoring
KSP/BEL/2024/02813,MOTOR VEHICLE ACCIDENTS NON-FATAL,Belagavi,Khade Bazar,15.9108,74.4461,2024-09-17 11:00:00,Solved,"Sec 279, 337 IPC",Medium,96.6,Standard Monitoring
KSP/RAI/2026/02814,BURGLARY / HOUSE BREAKING,Raichur,Sindhanur,16.1628,77.396,2026-06-27 14:04:00,Pending,"Sec 454, 457, 380 IPC",High,93.8,High Risk Zone
KSP/RAM/2024/02815,CrPC OFFENCES,Ramanagara,Kanakapura,12.681,77.2155,2024-12-28 09:46:00,Closed,"Sec 107, 151 CrPC",Low,93.4,Standard Monitoring
KSP/BEN/2024/02816,CYBER CRIME & FRAUD,Bengaluru City,Hebbal,13.051,77.5199,2024-03-30 19:24:00,Charge Sheeted,"Sec 66D IT Act, 420 IPC",High,95.2,High Risk Zone
KSP/GAD/2026/02817,CrPC OFFENCES,Gadag,Nargund,15.5087,75.6209,2026-06-30 14:40:00,Closed,"Sec 107, 151 CrPC",Low,87.0,Standard Monitoring
KSP/MYS/2025/02818,ROBBERY / DACOITY,Mysuru,Devaraja PS,12.3119,76.6419,2025-03-13 15:18:00,Pending,"Sec 392, 395 IPC",Critical,89.7,High Risk Zone
KSP/UTT/2025/02819,BURGLARY / HOUSE BREAKING,Uttara Kannada,Bhatkal,14.8465,74.1176,2025-05-05 10:19:00,Solved,"Sec 454, 457, 380 IPC",High,89.4,High Risk Zone
KSP/BEN/2025/02820,THEFT,Bengaluru City,Electronic City,12.9883,77.5743,2025-09-27 15:40:00,Investigating,Sec 379 IPC,Medium,92.8,Standard Monitoring
KSP/BEN/2025/02821,MISSING PERSON,Bengaluru City,Whitefield,12.9655,77.661,2025-09-28 05:52:00,Pending,Sec 363 IPC,Medium,88.7,Standard Monitoring
KSP/BEN/2025/02822,NARCOTICS (NDPS),Bengaluru City,Yelahanka,13.0233,77.6043,2025-08-27 00:27:00,Charge Sheeted,"Sec 20(b), 22 NDPS Act",Critical,85.4,High Risk Zone
KSP/BEN/2026/02823,MOTOR VEHICLE ACCIDENTS NON-FATAL,Bengaluru City,Koramangala,12.8986,77.6049,2026-02-07 08:13:00,Charge Sheeted,"Sec 279, 337 IPC",Medium,85.4,Standard Monitoring
KSP/KAL/2024/02824,BURGLARY / HOUSE BREAKING,Kalaburagi,Brahampur,17.3166,76.8044,2024-01-25 21:16:00,Pending,"Sec 454, 457, 380 IPC",High,96.1,High Risk Zone
KSP/BID/2024/02825,CYBER CRIME & FRAUD,Bidar,Market PS,17.9361,77.5743,2024-05-28 13:36:00,Pending,"Sec 66D IT Act, 420 IPC",High,92.1,High Risk Zone
KSP/UDU/2025/02826,MOTOR VEHICLE ACCIDENTS NON-FATAL,Udupi,Kundapura,13.2629,74.6673,2025-08-30 14:20:00,Investigating,"Sec 279, 337 IPC",Medium,97.8,Standard Monitoring
KSP/BAL/2025/02827,MOTOR VEHICLE ACCIDENTS NON-FATAL,Ballari,Gandhinagar,15.1277,76.8462,2025-05-10 13:40:00,Closed,"Sec 279, 337 IPC",Medium,90.9,Standard Monitoring
KSP/DAV/2025/02828,CrPC OFFENCES,Davanagere,Azad Nagar,14.5334,75.9458,2025-02-08 21:54:00,Investigating,"Sec 107, 151 CrPC",Low,87.5,Standard Monitoring
KSP/HAV/2025/02829,CYBER CRIME & FRAUD,Haveri,Byadgi,14.7366,75.3336,2025-10-06 04:17:00,Solved,"Sec 66D IT Act, 420 IPC",High,91.5,High Risk Zone
KSP/SHI/2024/02830,CYBER CRIME & FRAUD,Shivamogga,Vinoba Nagar,13.9039,75.569,2024-10-27 03:08:00,Investigating,"Sec 66D IT Act, 420 IPC",High,95.7,High Risk Zone
KSP/BEN/2026/02831,KPA 1963 VIOLATIONS,Bengaluru City,Whitefield,12.9869,77.651,2026-06-18 18:48:00,Investigating,"Sec 78, 87 KPA",Low,92.4,Standard Monitoring
KSP/BAL/2024/02832,BURGLARY / HOUSE BREAKING,Ballari,Cowl Bazar,15.1409,76.8884,2024-01-11 01:34:00,Charge Sheeted,"Sec 454, 457, 380 IPC",High,92.0,High Risk Zone
KSP/RAI/2026/02833,MISSING PERSON,Raichur,Market PS,16.1393,77.3947,2026-01-16 05:10:00,Investigating,Sec 363 IPC,Medium,89.8,Standard Monitoring
KSP/MAN/2025/02834,MOTOR VEHICLE ACCIDENTS NON-FATAL,Mangaluru,Barkarke,12.8619,74.8575,2025-08-18 04:38:00,Investigating,"Sec 279, 337 IPC",Medium,94.0,Standard Monitoring
KSP/BEN/2026/02835,CrPC OFFENCES,Bengaluru Dist,Devanahalli,13.0957,77.6193,2026-02-16 10:20:00,Closed,"Sec 107, 151 CrPC",Low,94.9,Standard Monitoring
KSP/MYS/2025/02836,CrPC OFFENCES,Mysuru,Lashkar PS,12.3413,76.7334,2025-01-11 10:25:00,Charge Sheeted,"Sec 107, 151 CrPC",Low,97.4,Standard Monitoring
KSP/BEN/2025/02837,MOTOR VEHICLE ACCIDENTS NON-FATAL,Bengaluru City,Hebbal,12.9767,77.545,2025-10-24 21:40:00,Investigating,"Sec 279, 337 IPC",Medium,89.4,Standard Monitoring
KSP/BEN/2024/02838,MISSING PERSON,Bengaluru Dist,Nelamangala,13.0602,77.5159,2024-08-14 21:41:00,Closed,Sec 363 IPC,Medium,96.3,Standard Monitoring
KSP/KOP/2025/02839,CYBER CRIME & FRAUD,Koppal,Gangavathi,15.273,76.2066,2025-08-26 11:09:00,Closed,"Sec 66D IT Act, 420 IPC",High,97.1,High Risk Zone
KSP/VIJ/2025/02840,HURT / ASSAULT,Vijayapura,Gol Gumbaz PS,16.8761,75.7056,2025-09-26 10:17:00,Solved,"Sec 323, 324, 504 IPC",High,95.5,High Risk Zone
KSP/BID/2024/02841,MOTOR VEHICLE ACCIDENTS NON-FATAL,Bidar,Market PS,17.8503,77.5953,2024-10-15 07:58:00,Pending,"Sec 279, 337 IPC",Medium,94.3,Standard Monitoring
KSP/BAL/2026/02842,MOTOR VEHICLE ACCIDENTS NON-FATAL,Ballari,Hospet Town,15.2179,76.8924,2026-04-17 19:05:00,Pending,"Sec 279, 337 IPC",Medium,96.7,Standard Monitoring
KSP/BEN/2025/02843,KPA 1963 VIOLATIONS,Bengaluru Dist,Hosakote,13.0548,77.5855,2025-11-16 06:59:00,Closed,"Sec 78, 87 KPA",Low,88.9,Standard Monitoring
KSP/BEN/2026/02844,BURGLARY / HOUSE BREAKING,Bengaluru City,Jayanagar,13.0296,77.6016,2026-07-11 10:13:00,Investigating,"Sec 454, 457, 380 IPC",High,93.9,High Risk Zone
KSP/HUB/2024/02845,BURGLARY / HOUSE BREAKING,Hubballi-Dharwad,Suburban PS,15.2994,75.0695,2024-11-04 20:14:00,Investigating,"Sec 454, 457, 380 IPC",High,93.4,High Risk Zone
KSP/BEN/2025/02846,KPA 1963 VIOLATIONS,Bengaluru Dist,Hosakote,13.0282,77.6315,2025-02-12 10:49:00,Pending,"Sec 78, 87 KPA",Low,87.8,Standard Monitoring
KSP/BEL/2024/02847,BURGLARY / HOUSE BREAKING,Belagavi,Khade Bazar,15.8533,74.5237,2024-09-16 02:05:00,Closed,"Sec 454, 457, 380 IPC",High,98.2,High Risk Zone
KSP/RAM/2025/02848,HURT / ASSAULT,Ramanagara,Channapatna,12.7447,77.3349,2025-02-27 14:20:00,Charge Sheeted,"Sec 323, 324, 504 IPC",High,91.9,High Risk Zone
KSP/BEN/2025/02849,CYBER CRIME & FRAUD,Bengaluru City,Koramangala,12.9373,77.6099,2025-10-05 09:35:00,Solved,"Sec 66D IT Act, 420 IPC",High,90.0,High Risk Zone
KSP/BEN/2024/02850,THEFT,Bengaluru City,Cubbon Park,12.894,77.6414,2024-10-21 13:54:00,Charge Sheeted,Sec 379 IPC,Medium,97.0,Standard Monitoring
KSP/MYS/2026/02851,MOTOR VEHICLE ACCIDENTS NON-FATAL,Mysuru,Vidyaranyapuram,12.3653,76.717,2026-06-11 16:49:00,Closed,"Sec 279, 337 IPC",Medium,92.8,Standard Monitoring
KSP/SHI/2025/02852,MOTOR VEHICLE ACCIDENTS NON-FATAL,Shivamogga,Doddapet,13.9275,75.6357,2025-05-12 23:58:00,Charge Sheeted,"Sec 279, 337 IPC",Medium,85.9,Standard Monitoring
KSP/HAS/2024/02853,MOTOR VEHICLE ACCIDENTS NON-FATAL,Hassan,Gorur,13.0682,76.1415,2024-06-09 02:19:00,Investigating,"Sec 279, 337 IPC",Medium,94.0,Standard Monitoring
KSP/CHI/2026/02854,THEFT,Chikkaballapura,Town PS,13.4879,77.7049,2026-02-23 00:07:00,Closed,Sec 379 IPC,Medium,90.6,Standard Monitoring
KSP/BEN/2025/02855,HURT / ASSAULT,Bengaluru Dist,Hosakote,13.1369,77.5129,2025-03-07 22:38:00,Closed,"Sec 323, 324, 504 IPC",High,90.8,High Risk Zone
KSP/BEN/2024/02856,MISSING PERSON,Bengaluru Dist,Hosakote,13.0617,77.6519,2024-03-03 18:13:00,Investigating,Sec 363 IPC,Medium,93.2,Standard Monitoring
KSP/MYS/2026/02857,THEFT,Mysuru,KRS Road,12.2624,76.7179,2026-06-14 21:30:00,Investigating,Sec 379 IPC,Medium,96.8,Standard Monitoring
KSP/HAS/2024/02858,HURT / ASSAULT,Hassan,City PS,13.0665,76.0568,2024-07-31 10:33:00,Solved,"Sec 323, 324, 504 IPC",High,90.8,High Risk Zone
KSP/BAL/2026/02859,MISSING PERSON,Ballari,Cowl Bazar,15.0877,77.0027,2026-06-23 08:03:00,Investigating,Sec 363 IPC,Medium,90.3,Standard Monitoring
KSP/RAI/2025/02860,HURT / ASSAULT,Raichur,Market PS,16.2839,77.4083,2025-06-26 13:07:00,Investigating,"Sec 323, 324, 504 IPC",High,94.1,High Risk Zone
KSP/MYS/2024/02861,CrPC OFFENCES,Mysuru,Lashkar PS,12.2495,76.6815,2024-09-17 08:20:00,Solved,"Sec 107, 151 CrPC",Low,98.0,Standard Monitoring
KSP/BEN/2025/02862,CrPC OFFENCES,Bengaluru Dist,Nelamangala,13.0508,77.566,2025-05-16 11:38:00,Solved,"Sec 107, 151 CrPC",Low,94.9,Standard Monitoring
KSP/BEN/2024/02863,THEFT,Bengaluru Dist,Doddaballapura,13.1274,77.6621,2024-06-28 04:07:00,Charge Sheeted,Sec 379 IPC,Medium,89.3,Standard Monitoring
KSP/HAV/2026/02864,HURT / ASSAULT,Haveri,Ranebennur,14.8097,75.3997,2026-05-03 12:14:00,Closed,"Sec 323, 324, 504 IPC",High,89.9,High Risk Zone
KSP/BEN/2024/02865,MISSING PERSON,Bengaluru City,Yelahanka,13.0051,77.5273,2024-11-19 20:58:00,Closed,Sec 363 IPC,Medium,98.2,Standard Monitoring
KSP/BEN/2024/02866,MISSING PERSON,Bengaluru City,Indiranagar,13.0303,77.5509,2024-10-15 06:36:00,Solved,Sec 363 IPC,Medium,97.7,Standard Monitoring
KSP/KOL/2024/02867,MOTOR VEHICLE ACCIDENTS NON-FATAL,Kolar,Bangarapet,13.0592,78.2097,2024-03-24 18:57:00,Closed,"Sec 279, 337 IPC",Medium,91.9,Standard Monitoring
KSP/BEN/2024/02868,MOTOR VEHICLE ACCIDENTS NON-FATAL,Bengaluru Dist,Devanahalli,13.0652,77.6311,2024-03-20 00:49:00,Solved,"Sec 279, 337 IPC",Medium,97.9,Standard Monitoring
KSP/BEN/2025/02869,THEFT,Bengaluru City,Hebbal,12.9053,77.6669,2025-02-12 04:40:00,Closed,Sec 379 IPC,Medium,97.2,Standard Monitoring
KSP/MAN/2024/02870,MOTOR VEHICLE ACCIDENTS NON-FATAL,Mangaluru,Kadri,12.9172,74.8614,2024-05-07 19:54:00,Pending,"Sec 279, 337 IPC",Medium,90.5,Standard Monitoring
KSP/HUB/2025/02871,CrPC OFFENCES,Hubballi-Dharwad,Suburban PS,15.3649,75.052,2025-06-27 09:07:00,Closed,"Sec 107, 151 CrPC",Low,91.6,Standard Monitoring
KSP/BEN/2026/02872,MOTOR VEHICLE ACCIDENTS NON-FATAL,Bengaluru Dist,Devanahalli,13.1087,77.635,2026-05-18 16:00:00,Pending,"Sec 279, 337 IPC",Medium,95.4,Standard Monitoring
KSP/BEN/2024/02873,CYBER CRIME & FRAUD,Bengaluru City,Whitefield,12.9237,77.5567,2024-06-23 10:44:00,Investigating,"Sec 66D IT Act, 420 IPC",High,97.3,High Risk Zone
KSP/BEN/2025/02874,HURT / ASSAULT,Bengaluru City,Electronic City,12.961,77.5391,2025-07-23 10:08:00,Pending,"Sec 323, 324, 504 IPC",High,88.3,High Risk Zone
KSP/HAS/2026/02875,MOTOR VEHICLE ACCIDENTS NON-FATAL,Hassan,Pension Mohalla,13.0547,76.0257,2026-03-26 04:58:00,Pending,"Sec 279, 337 IPC",Medium,90.0,Standard Monitoring
KSP/CHA/2024/02876,KPA 1963 VIOLATIONS,Chamarajanagar,Kollegal,11.8525,77.0133,2024-04-21 14:42:00,Solved,"Sec 78, 87 KPA",Low,97.3,Standard Monitoring
KSP/BEN/2025/02877,KPA 1963 VIOLATIONS,Bengaluru City,Jayanagar,12.9582,77.5973,2025-12-18 11:35:00,Solved,"Sec 78, 87 KPA",Low,85.1,Standard Monitoring
KSP/BEN/2025/02878,THEFT,Bengaluru City,Whitefield,13.0091,77.5522,2025-09-09 21:12:00,Closed,Sec 379 IPC,Medium,94.0,Standard Monitoring
KSP/BEN/2025/02879,KPA 1963 VIOLATIONS,Bengaluru City,Jayanagar,12.9309,77.6599,2025-07-13 02:12:00,Pending,"Sec 78, 87 KPA",Low,86.1,Standard Monitoring
KSP/HAS/2025/02880,CrPC OFFENCES,Hassan,Arsikere,13.0566,76.0572,2025-08-11 10:00:00,Closed,"Sec 107, 151 CrPC",Low,94.3,Standard Monitoring
KSP/BEN/2024/02881,HURT / ASSAULT,Bengaluru City,Electronic City,13.0027,77.5814,2024-07-28 07:11:00,Investigating,"Sec 323, 324, 504 IPC",High,93.7,High Risk Zone
KSP/BEN/2025/02882,MOTOR VEHICLE ACCIDENTS NON-FATAL,Bengaluru City,Whitefield,12.9936,77.5567,2025-04-29 08:50:00,Solved,"Sec 279, 337 IPC",Medium,94.2,Standard Monitoring
KSP/TUM/2026/02883,KPA 1963 VIOLATIONS,Tumakuru,Town PS,13.2671,77.1016,2026-05-05 14:35:00,Closed,"Sec 78, 87 KPA",Low,93.3,Standard Monitoring
KSP/BEN/2026/02884,THEFT,Bengaluru City,Koramangala,12.9885,77.6048,2026-02-24 13:36:00,Pending,Sec 379 IPC,Medium,93.3,Standard Monitoring
KSP/BEN/2025/02885,NARCOTICS (NDPS),Bengaluru Dist,Doddaballapura,13.0152,77.5188,2025-05-18 23:32:00,Pending,"Sec 20(b), 22 NDPS Act",Critical,91.1,High Risk Zone
KSP/BAG/2026/02886,CYBER CRIME & FRAUD,Bagalkote,Jamkhandi,16.1664,75.682,2026-07-11 23:58:00,Charge Sheeted,"Sec 66D IT Act, 420 IPC",High,90.9,High Risk Zone
KSP/BEN/2025/02887,BURGLARY / HOUSE BREAKING,Bengaluru City,Koramangala,12.9747,77.5945,2025-06-03 03:20:00,Charge Sheeted,"Sec 454, 457, 380 IPC",High,90.0,High Risk Zone
KSP/BEN/2024/02888,MOTOR VEHICLE ACCIDENTS NON-FATAL,Bengaluru City,Jayanagar,12.9283,77.5542,2024-03-03 05:45:00,Investigating,"Sec 279, 337 IPC",Medium,98.2,Standard Monitoring
KSP/RAM/2025/02889,MOTOR VEHICLE ACCIDENTS NON-FATAL,Ramanagara,Channapatna,12.7366,77.2059,2025-09-15 19:25:00,Closed,"Sec 279, 337 IPC",Medium,87.2,Standard Monitoring
KSP/BEL/2026/02890,THEFT,Belagavi,Khade Bazar,15.8942,74.4963,2026-06-03 02:21:00,Charge Sheeted,Sec 379 IPC,Medium,91.2,Standard Monitoring
KSP/BEN/2025/02891,MOTOR VEHICLE ACCIDENTS NON-FATAL,Bengaluru City,Cubbon Park,12.9799,77.5363,2025-08-15 12:44:00,Pending,"Sec 279, 337 IPC",Medium,88.0,Standard Monitoring
KSP/BEN/2024/02892,KPA 1963 VIOLATIONS,Bengaluru Dist,Doddaballapura,13.0316,77.6493,2024-08-04 02:40:00,Closed,"Sec 78, 87 KPA",Low,91.1,Standard Monitoring
KSP/MAN/2025/02893,MISSING PERSON,Mandya,Srirangapatna,12.5971,76.9379,2025-07-07 06:44:00,Pending,Sec 363 IPC,Medium,96.6,Standard Monitoring
KSP/SHI/2025/02894,THEFT,Shivamogga,Doddapet,13.9241,75.6376,2025-06-10 16:37:00,Charge Sheeted,Sec 379 IPC,Medium,96.5,Standard Monitoring
KSP/VIJ/2026/02895,ROBBERY / DACOITY,Vijayapura,Gandhi Chowk,16.888,75.7625,2026-06-22 02:50:00,Pending,"Sec 392, 395 IPC",Critical,86.3,High Risk Zone
KSP/GAD/2026/02896,MISSING PERSON,Gadag,Betageri,15.488,75.7044,2026-01-05 08:32:00,Investigating,Sec 363 IPC,Medium,98.0,Standard Monitoring
KSP/BEN/2025/02897,BURGLARY / HOUSE BREAKING,Bengaluru Dist,Doddaballapura,13.1592,77.5681,2025-08-29 11:59:00,Investigating,"Sec 454, 457, 380 IPC",High,87.8,High Risk Zone
KSP/HUB/2026/02898,CYBER CRIME & FRAUD,Hubballi-Dharwad,Kamripeth,15.3846,75.1463,2026-04-08 20:35:00,Closed,"Sec 66D IT Act, 420 IPC",High,95.7,High Risk Zone
KSP/BEN/2025/02899,ROBBERY / DACOITY,Bengaluru City,Hebbal,12.952,77.6535,2025-11-06 13:06:00,Charge Sheeted,"Sec 392, 395 IPC",Critical,87.0,High Risk Zone
KSP/BEN/2025/02900,MOTOR VEHICLE ACCIDENTS NON-FATAL,Bengaluru City,Hebbal,12.9507,77.5539,2025-11-27 01:42:00,Closed,"Sec 279, 337 IPC",Medium,97.0,Standard Monitoring
KSP/BEN/2026/02901,ROBBERY / DACOITY,Bengaluru City,Indiranagar,12.9287,77.5148,2026-03-20 15:29:00,Charge Sheeted,"Sec 392, 395 IPC",Critical,89.1,High Risk Zone
KSP/KOL/2024/02902,KPA 1963 VIOLATIONS,Kolar,Town PS,13.1481,78.1304,2024-05-26 03:09:00,Solved,"Sec 78, 87 KPA",Low,92.4,Standard Monitoring
KSP/BEN/2024/02903,MISSING PERSON,Bengaluru City,Jayanagar,13.0281,77.6475,2024-06-17 00:53:00,Solved,Sec 363 IPC,Medium,92.8,Standard Monitoring
KSP/BEN/2024/02904,THEFT,Bengaluru City,Cubbon Park,13.0387,77.5746,2024-09-17 20:24:00,Charge Sheeted,Sec 379 IPC,Medium,89.2,Standard Monitoring
KSP/UDU/2025/02905,BURGLARY / HOUSE BREAKING,Udupi,Town PS,13.4201,74.7617,2025-06-14 00:54:00,Charge Sheeted,"Sec 454, 457, 380 IPC",High,95.3,High Risk Zone
KSP/BEN/2024/02906,THEFT,Bengaluru City,Yelahanka,12.9782,77.6085,2024-01-22 23:44:00,Pending,Sec 379 IPC,Medium,88.3,Standard Monitoring
KSP/HAS/2025/02907,THEFT,Hassan,Gorur,13.0663,76.0886,2025-11-09 12:55:00,Charge Sheeted,Sec 379 IPC,Medium,87.6,Standard Monitoring
KSP/RAM/2026/02908,THEFT,Ramanagara,Ijoor PS,12.6493,77.2519,2026-07-22 12:19:00,Solved,Sec 379 IPC,Medium,91.9,Standard Monitoring
KSP/BEN/2024/02909,BURGLARY / HOUSE BREAKING,Bengaluru City,Indiranagar,13.0097,77.6407,2024-03-21 06:23:00,Pending,"Sec 454, 457, 380 IPC",High,89.5,High Risk Zone
KSP/BAL/2024/02910,MOTOR VEHICLE ACCIDENTS NON-FATAL,Ballari,Hospet Town,15.2204,76.9621,2024-12-11 16:00:00,Closed,"Sec 279, 337 IPC",Medium,95.1,Standard Monitoring
KSP/CHI/2025/02911,CrPC OFFENCES,Chitradurga,Challakere,14.2675,76.4596,2025-05-10 12:37:00,Closed,"Sec 107, 151 CrPC",Low,88.5,Standard Monitoring
KSP/TUM/2025/02912,HURT / ASSAULT,Tumakuru,Kyatsandra,13.4079,77.1063,2025-06-13 12:52:00,Pending,"Sec 323, 324, 504 IPC",High,95.7,High Risk Zone
KSP/BEN/2024/02913,KPA 1963 VIOLATIONS,Bengaluru City,Yelahanka,13.0137,77.6653,2024-10-02 18:41:00,Charge Sheeted,"Sec 78, 87 KPA",Low,97.2,Standard Monitoring
KSP/MYS/2026/02914,MOTOR VEHICLE ACCIDENTS NON-FATAL,Mysuru,Vidyaranyapuram,12.3615,76.7069,2026-03-28 10:10:00,Closed,"Sec 279, 337 IPC",Medium,97.1,Standard Monitoring
KSP/BAG/2026/02915,THEFT,Bagalkote,Ilkal,16.2611,75.7071,2026-02-06 20:11:00,Investigating,Sec 379 IPC,Medium,90.0,Standard Monitoring
KSP/HUB/2025/02916,CYBER CRIME & FRAUD,Hubballi-Dharwad,Dharwad Town,15.327,75.0949,2025-09-28 21:41:00,Investigating,"Sec 66D IT Act, 420 IPC",High,87.4,High Risk Zone
KSP/BEN/2024/02917,MOTOR VEHICLE ACCIDENTS NON-FATAL,Bengaluru City,Hebbal,12.9552,77.5183,2024-05-25 13:21:00,Pending,"Sec 279, 337 IPC",Medium,89.6,Standard Monitoring
KSP/KOD/2025/02918,CYBER CRIME & FRAUD,Kodagu,Madikeri Town,12.4181,75.817,2025-04-06 21:13:00,Closed,"Sec 66D IT Act, 420 IPC",High,93.6,High Risk Zone
KSP/BAL/2025/02919,MOTOR VEHICLE ACCIDENTS NON-FATAL,Ballari,Gandhinagar,15.133,76.8501,2025-04-26 08:54:00,Investigating,"Sec 279, 337 IPC",Medium,90.7,Standard Monitoring
KSP/BEN/2025/02920,THEFT,Bengaluru City,Electronic City,12.9593,77.5716,2025-09-09 11:02:00,Pending,Sec 379 IPC,Medium,92.3,Standard Monitoring
KSP/MAN/2024/02921,THEFT,Mangaluru,Urwa,12.9501,74.8829,2024-06-17 15:33:00,Pending,Sec 379 IPC,Medium,86.9,Standard Monitoring
KSP/BEN/2025/02922,CrPC OFFENCES,Bengaluru City,Jayanagar,12.9573,77.6171,2025-03-16 20:17:00,Investigating,"Sec 107, 151 CrPC",Low,93.9,Standard Monitoring
KSP/BEN/2025/02923,KPA 1963 VIOLATIONS,Bengaluru City,Cubbon Park,13.005,77.5508,2025-09-01 06:04:00,Investigating,"Sec 78, 87 KPA",Low,86.7,Standard Monitoring
KSP/KAL/2024/02924,HURT / ASSAULT,Kalaburagi,Station Bazar,17.3392,76.9076,2024-08-01 19:21:00,Solved,"Sec 323, 324, 504 IPC",High,94.5,High Risk Zone
KSP/BEL/2026/02925,CrPC OFFENCES,Belagavi,Gokak,15.8003,74.4679,2026-02-17 23:56:00,Pending,"Sec 107, 151 CrPC",Low,95.3,Standard Monitoring
KSP/MAN/2026/02926,MISSING PERSON,Mangaluru,Panambur,12.9276,74.7952,2026-03-27 18:26:00,Solved,Sec 363 IPC,Medium,87.4,Standard Monitoring
KSP/BEN/2024/02927,THEFT,Bengaluru Dist,Doddaballapura,13.0434,77.5805,2024-10-02 14:41:00,Charge Sheeted,Sec 379 IPC,Medium,95.8,Standard Monitoring
KSP/MAN/2026/02928,THEFT,Mangaluru,Panambur,12.9298,74.8039,2026-05-17 12:35:00,Investigating,Sec 379 IPC,Medium,94.8,Standard Monitoring
KSP/BEN/2024/02929,THEFT,Bengaluru City,Koramangala,12.9162,77.5997,2024-10-04 12:36:00,Investigating,Sec 379 IPC,Medium,95.8,Standard Monitoring
KSP/BEN/2024/02930,KPA 1963 VIOLATIONS,Bengaluru City,Yelahanka,13.0471,77.6444,2024-10-24 16:08:00,Solved,"Sec 78, 87 KPA",Low,96.2,Standard Monitoring
KSP/BEN/2025/02931,CYBER CRIME & FRAUD,Bengaluru City,Indiranagar,12.9894,77.516,2025-12-02 11:15:00,Solved,"Sec 66D IT Act, 420 IPC",High,91.7,High Risk Zone
KSP/GAD/2024/02932,BURGLARY / HOUSE BREAKING,Gadag,Betageri,15.446,75.5693,2024-03-20 14:08:00,Pending,"Sec 454, 457, 380 IPC",High,85.3,High Risk Zone
KSP/BEN/2024/02933,MOTOR VEHICLE ACCIDENTS NON-FATAL,Bengaluru City,Whitefield,12.9087,77.6575,2024-11-09 01:24:00,Closed,"Sec 279, 337 IPC",Medium,89.7,Standard Monitoring
KSP/BEL/2024/02934,MOTOR VEHICLE ACCIDENTS NON-FATAL,Belagavi,Market PS,15.858,74.4566,2024-10-13 02:37:00,Solved,"Sec 279, 337 IPC",Medium,86.4,Standard Monitoring
KSP/BID/2025/02935,BURGLARY / HOUSE BREAKING,Bidar,Basavakalyan,17.9478,77.5727,2025-05-03 03:25:00,Pending,"Sec 454, 457, 380 IPC",High,89.8,High Risk Zone
KSP/BEN/2025/02936,KPA 1963 VIOLATIONS,Bengaluru City,Indiranagar,12.9482,77.6207,2025-02-12 00:47:00,Closed,"Sec 78, 87 KPA",Low,97.5,Standard Monitoring
KSP/BEN/2024/02937,KPA 1963 VIOLATIONS,Bengaluru Dist,Hosakote,13.0546,77.6339,2024-07-15 09:02:00,Pending,"Sec 78, 87 KPA",Low,89.7,Standard Monitoring
KSP/HUB/2025/02938,HURT / ASSAULT,Hubballi-Dharwad,Dharwad Town,15.2964,75.2011,2025-03-04 02:07:00,Charge Sheeted,"Sec 323, 324, 504 IPC",High,88.7,High Risk Zone
KSP/BEN/2024/02939,MOTOR VEHICLE ACCIDENTS NON-FATAL,Bengaluru City,Whitefield,12.9468,77.5654,2024-09-01 03:27:00,Investigating,"Sec 279, 337 IPC",Medium,86.7,Standard Monitoring
KSP/VIJ/2024/02940,MOTOR VEHICLE ACCIDENTS NON-FATAL,Vijayapura,Adarsh Nagar,16.884,75.6871,2024-06-13 06:20:00,Investigating,"Sec 279, 337 IPC",Medium,90.4,Standard Monitoring
KSP/SHI/2026/02941,BURGLARY / HOUSE BREAKING,Shivamogga,Doddapet,13.899,75.5163,2026-07-09 03:22:00,Charge Sheeted,"Sec 454, 457, 380 IPC",High,85.6,High Risk Zone
KSP/BEN/2025/02942,MISSING PERSON,Bengaluru City,Hebbal,12.9059,77.5866,2025-11-16 15:46:00,Investigating,Sec 363 IPC,Medium,96.9,Standard Monitoring
KSP/MYS/2024/02943,MOTOR VEHICLE ACCIDENTS NON-FATAL,Mysuru,Vidyaranyapuram,12.3369,76.6316,2024-09-06 22:21:00,Pending,"Sec 279, 337 IPC",Medium,93.8,Standard Monitoring
KSP/BEL/2024/02944,BURGLARY / HOUSE BREAKING,Belagavi,Camp PS,15.9216,74.4552,2024-02-09 18:43:00,Charge Sheeted,"Sec 454, 457, 380 IPC",High,94.5,High Risk Zone
KSP/KAL/2025/02945,CrPC OFFENCES,Kalaburagi,Ashok Nagar,17.3027,76.7913,2025-05-15 01:50:00,Investigating,"Sec 107, 151 CrPC",Low,97.1,Standard Monitoring
KSP/BEN/2024/02946,NARCOTICS (NDPS),Bengaluru City,Yelahanka,12.8926,77.6693,2024-12-05 00:09:00,Closed,"Sec 20(b), 22 NDPS Act",Critical,89.5,High Risk Zone
KSP/RAM/2026/02947,NARCOTICS (NDPS),Ramanagara,Magadi,12.7559,77.3462,2026-03-07 11:53:00,Pending,"Sec 20(b), 22 NDPS Act",Critical,98.1,High Risk Zone
KSP/HAS/2024/02948,NARCOTICS (NDPS),Hassan,Pension Mohalla,13.0132,76.1527,2024-11-25 12:11:00,Solved,"Sec 20(b), 22 NDPS Act",Critical,92.0,High Risk Zone
KSP/MAN/2026/02949,MOTOR VEHICLE ACCIDENTS NON-FATAL,Mangaluru,Barkarke,12.8412,74.8643,2026-04-14 10:15:00,Pending,"Sec 279, 337 IPC",Medium,95.5,Standard Monitoring
KSP/HAV/2026/02950,MOTOR VEHICLE ACCIDENTS NON-FATAL,Haveri,Ranebennur,14.7534,75.4449,2026-06-28 23:26:00,Investigating,"Sec 279, 337 IPC",Medium,92.9,Standard Monitoring
KSP/BEN/2026/02951,HURT / ASSAULT,Bengaluru Dist,Devanahalli,13.1297,77.6309,2026-01-15 00:29:00,Investigating,"Sec 323, 324, 504 IPC",High,91.5,High Risk Zone
KSP/GAD/2025/02952,MOTOR VEHICLE ACCIDENTS NON-FATAL,Gadag,Nargund,15.4511,75.6396,2025-09-05 13:08:00,Closed,"Sec 279, 337 IPC",Medium,95.9,Standard Monitoring
KSP/BEN/2025/02953,BURGLARY / HOUSE BREAKING,Bengaluru City,Whitefield,12.9242,77.5368,2025-05-05 06:34:00,Closed,"Sec 454, 457, 380 IPC",High,93.9,High Risk Zone
KSP/BEN/2024/02954,THEFT,Bengaluru City,Electronic City,12.9147,77.5555,2024-02-02 19:11:00,Closed,Sec 379 IPC,Medium,91.0,Standard Monitoring
KSP/KAL/2024/02955,BURGLARY / HOUSE BREAKING,Kalaburagi,Brahampur,17.4048,76.7834,2024-03-23 00:29:00,Investigating,"Sec 454, 457, 380 IPC",High,88.1,High Risk Zone
KSP/BEN/2025/02956,THEFT,Bengaluru City,Jayanagar,12.9815,77.5944,2025-09-12 00:55:00,Solved,Sec 379 IPC,Medium,94.2,Standard Monitoring
KSP/BEN/2025/02957,MISSING PERSON,Bengaluru City,Jayanagar,13.024,77.594,2025-10-19 02:21:00,Investigating,Sec 363 IPC,Medium,92.1,Standard Monitoring
KSP/CHI/2026/02958,MOTOR VEHICLE ACCIDENTS NON-FATAL,Chikkamagaluru,Town PS,13.3586,75.7057,2026-02-08 20:09:00,Charge Sheeted,"Sec 279, 337 IPC",Medium,95.9,Standard Monitoring
KSP/CHI/2025/02959,MOTOR VEHICLE ACCIDENTS NON-FATAL,Chikkaballapura,Gauribidanur,13.4566,77.7903,2025-04-02 05:40:00,Investigating,"Sec 279, 337 IPC",Medium,90.5,Standard Monitoring
KSP/BEN/2024/02960,MISSING PERSON,Bengaluru Dist,Devanahalli,13.02,77.6033,2024-05-31 10:12:00,Closed,Sec 363 IPC,Medium,93.7,Standard Monitoring
KSP/BEN/2025/02961,MISSING PERSON,Bengaluru City,Yelahanka,12.949,77.573,2025-08-11 16:18:00,Investigating,Sec 363 IPC,Medium,92.1,Standard Monitoring
KSP/VIJ/2025/02962,MOTOR VEHICLE ACCIDENTS NON-FATAL,Vijayanagara,Hospet Town,15.273,76.3386,2025-06-06 21:42:00,Closed,"Sec 279, 337 IPC",Medium,97.2,Standard Monitoring
KSP/HAS/2024/02963,CrPC OFFENCES,Hassan,Gorur,12.9365,76.1761,2024-12-22 00:21:00,Investigating,"Sec 107, 151 CrPC",Low,90.6,Standard Monitoring
KSP/MYS/2024/02964,MOTOR VEHICLE ACCIDENTS NON-FATAL,Mysuru,Nazarbad,12.3151,76.5984,2024-08-13 23:30:00,Investigating,"Sec 279, 337 IPC",Medium,88.5,Standard Monitoring
KSP/BEN/2026/02965,HURT / ASSAULT,Bengaluru City,Cubbon Park,12.9114,77.5951,2026-01-11 10:10:00,Investigating,"Sec 323, 324, 504 IPC",High,97.2,High Risk Zone
KSP/BEL/2024/02966,ROBBERY / DACOITY,Belagavi,Market PS,15.7772,74.5276,2024-11-27 04:27:00,Charge Sheeted,"Sec 392, 395 IPC",Critical,95.5,High Risk Zone
KSP/CHI/2025/02967,THEFT,Chitradurga,Kote PS,14.2558,76.3587,2025-08-27 08:35:00,Closed,Sec 379 IPC,Medium,91.3,Standard Monitoring
KSP/KOD/2026/02968,MISSING PERSON,Kodagu,Somwarpet,12.3607,75.7625,2026-03-24 02:40:00,Solved,Sec 363 IPC,Medium,85.2,Standard Monitoring
KSP/VIJ/2025/02969,THEFT,Vijayanagara,Harapanahalli,15.2898,76.4085,2025-11-01 11:42:00,Closed,Sec 379 IPC,Medium,90.6,Standard Monitoring
KSP/MYS/2025/02970,BURGLARY / HOUSE BREAKING,Mysuru,Devaraja PS,12.2887,76.6899,2025-01-11 07:35:00,Closed,"Sec 454, 457, 380 IPC",High,95.3,High Risk Zone
KSP/VIJ/2025/02971,MISSING PERSON,Vijayanagara,Hospet Town,15.281,76.3199,2025-08-21 12:04:00,Investigating,Sec 363 IPC,Medium,92.6,Standard Monitoring
KSP/BEN/2025/02972,CrPC OFFENCES,Bengaluru City,Indiranagar,12.9815,77.5783,2025-02-20 22:04:00,Pending,"Sec 107, 151 CrPC",Low,87.7,Standard Monitoring
KSP/BEN/2026/02973,HURT / ASSAULT,Bengaluru City,Yelahanka,12.8991,77.6352,2026-03-07 13:29:00,Solved,"Sec 323, 324, 504 IPC",High,93.1,High Risk Zone
KSP/TUM/2025/02974,MISSING PERSON,Tumakuru,Kyatsandra,13.3173,77.062,2025-05-05 14:56:00,Solved,Sec 363 IPC,Medium,91.7,Standard Monitoring
KSP/BEN/2024/02975,THEFT,Bengaluru City,Electronic City,12.9361,77.5281,2024-02-18 10:03:00,Closed,Sec 379 IPC,Medium,96.4,Standard Monitoring
KSP/BEL/2026/02976,MISSING PERSON,Belagavi,Market PS,15.8423,74.5172,2026-05-19 18:14:00,Pending,Sec 363 IPC,Medium,87.9,Standard Monitoring
KSP/KAL/2024/02977,NARCOTICS (NDPS),Kalaburagi,Ashok Nagar,17.2998,76.7888,2024-09-16 01:22:00,Charge Sheeted,"Sec 20(b), 22 NDPS Act",Critical,90.8,High Risk Zone
KSP/MAN/2025/02978,THEFT,Mangaluru,Panambur,12.9649,74.9057,2025-12-02 19:34:00,Investigating,Sec 379 IPC,Medium,86.0,Standard Monitoring
KSP/VIJ/2026/02979,CrPC OFFENCES,Vijayapura,Adarsh Nagar,16.7864,75.7026,2026-06-05 15:03:00,Solved,"Sec 107, 151 CrPC",Low,92.4,Standard Monitoring
KSP/YAD/2024/02980,THEFT,Yadgir,Town PS,16.7945,77.1059,2024-09-30 06:15:00,Charge Sheeted,Sec 379 IPC,Medium,86.7,Standard Monitoring
KSP/GAD/2024/02981,MOTOR VEHICLE ACCIDENTS NON-FATAL,Gadag,Betageri,15.4834,75.7103,2024-11-14 06:54:00,Closed,"Sec 279, 337 IPC",Medium,94.7,Standard Monitoring
KSP/MAN/2026/02982,CrPC OFFENCES,Mandya,Srirangapatna,12.4571,76.9067,2026-03-01 07:57:00,Pending,"Sec 107, 151 CrPC",Low,93.6,Standard Monitoring
KSP/KOL/2026/02983,CYBER CRIME & FRAUD,Kolar,Robertsonpet,13.2022,78.1326,2026-06-18 19:06:00,Solved,"Sec 66D IT Act, 420 IPC",High,91.8,High Risk Zone
KSP/BEN/2025/02984,MISSING PERSON,Bengaluru City,Electronic City,13.0281,77.5866,2025-07-01 04:38:00,Closed,Sec 363 IPC,Medium,89.1,Standard Monitoring
KSP/VIJ/2025/02985,KPA 1963 VIOLATIONS,Vijayapura,Adarsh Nagar,16.8964,75.6908,2025-10-19 20:51:00,Solved,"Sec 78, 87 KPA",Low,87.3,Standard Monitoring
KSP/HUB/2024/02986,THEFT,Hubballi-Dharwad,Kamripeth,15.2887,75.122,2024-06-19 09:40:00,Solved,Sec 379 IPC,Medium,98.5,Standard Monitoring
KSP/BEN/2025/02987,CYBER CRIME & FRAUD,Bengaluru City,Whitefield,12.9985,77.5493,2025-07-17 14:51:00,Pending,"Sec 66D IT Act, 420 IPC",High,97.9,High Risk Zone
KSP/BEN/2024/02988,MOTOR VEHICLE ACCIDENTS NON-FATAL,Bengaluru City,Yelahanka,13.0346,77.6504,2024-01-03 19:53:00,Closed,"Sec 279, 337 IPC",Medium,93.9,Standard Monitoring
KSP/HUB/2025/02989,CrPC OFFENCES,Hubballi-Dharwad,Kamripeth,15.407,75.1454,2025-10-26 13:24:00,Solved,"Sec 107, 151 CrPC",Low,93.0,Standard Monitoring
KSP/BAG/2024/02990,MISSING PERSON,Bagalkote,Jamkhandi,16.1212,75.6202,2024-02-07 18:34:00,Charge Sheeted,Sec 363 IPC,Medium,92.1,Standard Monitoring
KSP/BEN/2024/02991,MOTOR VEHICLE ACCIDENTS NON-FATAL,Bengaluru City,Jayanagar,12.9986,77.6325,2024-01-05 11:02:00,Charge Sheeted,"Sec 279, 337 IPC",Medium,90.3,Standard Monitoring
KSP/HUB/2024/02992,CrPC OFFENCES,Hubballi-Dharwad,Suburban PS,15.4334,75.1026,2024-04-30 20:11:00,Charge Sheeted,"Sec 107, 151 CrPC",Low,92.2,Standard Monitoring
KSP/BEN/2024/02993,NARCOTICS (NDPS),Bengaluru City,Koramangala,12.9712,77.5662,2024-05-25 02:19:00,Investigating,"Sec 20(b), 22 NDPS Act",Critical,94.2,High Risk Zone
KSP/BEN/2026/02994,BURGLARY / HOUSE BREAKING,Bengaluru City,Cubbon Park,12.9461,77.6072,2026-01-19 07:50:00,Charge Sheeted,"Sec 454, 457, 380 IPC",High,88.5,High Risk Zone
KSP/BAL/2025/02995,HURT / ASSAULT,Ballari,Brucepet,15.1707,76.8916,2025-01-16 15:25:00,Charge Sheeted,"Sec 323, 324, 504 IPC",High,92.9,High Risk Zone
KSP/BEN/2024/02996,CrPC OFFENCES,Bengaluru City,Whitefield,12.8954,77.5786,2024-07-04 15:07:00,Solved,"Sec 107, 151 CrPC",Low,90.6,Standard Monitoring
KSP/CHI/2026/02997,MISSING PERSON,Chikkaballapura,Chintamani,13.4523,77.7882,2026-07-21 10:40:00,Pending,Sec 363 IPC,Medium,93.3,Standard Monitoring
KSP/MYS/2025/02998,MOTOR VEHICLE ACCIDENTS NON-FATAL,Mysuru,Devaraja PS,12.3832,76.5754,2025-01-25 17:55:00,Pending,"Sec 279, 337 IPC",Medium,87.4,Standard Monitoring
KSP/BEN/2024/02999,MOTOR VEHICLE ACCIDENTS NON-FATAL,Bengaluru City,Yelahanka,12.9945,77.621,2024-10-11 23:42:00,Pending,"Sec 279, 337 IPC",Medium,93.6,Standard Monitoring
KSP/BEN/2024/03000,CYBER CRIME & FRAUD,Bengaluru City,Cubbon Park,12.9946,77.6627,2024-08-07 09:35:00,Charge Sheeted,"Sec 66D IT Act, 420 IPC",High,89.3,High Risk Zone
KSP/HUB/2026/03001,THEFT,Hubballi-Dharwad,Suburban PS,15.3744,75.1568,2026-01-14 17:40:00,Closed,Sec 379 IPC,Medium,86.7,Standard Monitoring
KSP/BEN/2025/03002,CrPC OFFENCES,Bengaluru City,Indiranagar,12.9516,77.5868,2025-05-25 02:36:00,Charge Sheeted,"Sec 107, 151 CrPC",Low,89.0,Standard Monitoring
KSP/HUB/2025/03003,MOTOR VEHICLE ACCIDENTS NON-FATAL,Hubballi-Dharwad,Gokul Road,15.2983,75.1625,2025-07-30 03:27:00,Charge Sheeted,"Sec 279, 337 IPC",Medium,85.5,Standard Monitoring
KSP/DAV/2025/03004,THEFT,Davanagere,Harihar,14.4311,75.8933,2025-07-01 08:45:00,Solved,Sec 379 IPC,Medium,88.1,Standard Monitoring
KSP/BEN/2025/03005,NARCOTICS (NDPS),Bengaluru City,Electronic City,12.9483,77.6198,2025-03-04 16:08:00,Charge Sheeted,"Sec 20(b), 22 NDPS Act",Critical,85.1,High Risk Zone
KSP/BEN/2025/03006,CrPC OFFENCES,Bengaluru City,Hebbal,12.9806,77.6038,2025-01-01 21:40:00,Solved,"Sec 107, 151 CrPC",Low,96.2,Standard Monitoring
KSP/TUM/2024/03007,MOTOR VEHICLE ACCIDENTS NON-FATAL,Tumakuru,Town PS,13.3377,77.1575,2024-05-21 03:47:00,Solved,"Sec 279, 337 IPC",Medium,86.8,Standard Monitoring
KSP/BEN/2024/03008,THEFT,Bengaluru City,Hebbal,12.9254,77.5934,2024-09-07 08:12:00,Charge Sheeted,Sec 379 IPC,Medium,88.8,Standard Monitoring
KSP/BEN/2024/03009,MOTOR VEHICLE ACCIDENTS NON-FATAL,Bengaluru City,Koramangala,12.9857,77.5894,2024-10-29 10:00:00,Pending,"Sec 279, 337 IPC",Medium,93.5,Standard Monitoring
KSP/BEN/2025/03010,CrPC OFFENCES,Bengaluru City,Yelahanka,12.9103,77.5844,2025-06-08 18:56:00,Charge Sheeted,"Sec 107, 151 CrPC",Low,97.0,Standard Monitoring
KSP/BEL/2026/03011,MISSING PERSON,Belagavi,Gokak,15.9019,74.5499,2026-06-23 02:17:00,Charge Sheeted,Sec 363 IPC,Medium,85.6,Standard Monitoring
KSP/BEN/2025/03012,MOTOR VEHICLE ACCIDENTS NON-FATAL,Bengaluru Dist,Hosakote,13.0552,77.6549,2025-01-29 18:11:00,Pending,"Sec 279, 337 IPC",Medium,91.7,Standard Monitoring
KSP/BEN/2025/03013,HURT / ASSAULT,Bengaluru City,Koramangala,12.9197,77.5531,2025-11-10 22:22:00,Pending,"Sec 323, 324, 504 IPC",High,89.3,High Risk Zone
KSP/BAG/2024/03014,THEFT,Bagalkote,Navanagar,16.1588,75.767,2024-05-12 11:09:00,Pending,Sec 379 IPC,Medium,90.7,Standard Monitoring
KSP/BEN/2024/03015,CrPC OFFENCES,Bengaluru City,Koramangala,12.9879,77.5918,2024-05-27 07:02:00,Charge Sheeted,"Sec 107, 151 CrPC",Low,90.4,Standard Monitoring
KSP/VIJ/2024/03016,MISSING PERSON,Vijayapura,Adarsh Nagar,16.886,75.7252,2024-08-01 20:58:00,Pending,Sec 363 IPC,Medium,87.6,Standard Monitoring
KSP/BEN/2026/03017,CrPC OFFENCES,Bengaluru City,Electronic City,12.9429,77.5688,2026-06-01 19:47:00,Closed,"Sec 107, 151 CrPC",Low,91.7,Standard Monitoring
KSP/MYS/2026/03018,BURGLARY / HOUSE BREAKING,Mysuru,KRS Road,12.272,76.6102,2026-04-23 20:36:00,Closed,"Sec 454, 457, 380 IPC",High,96.6,High Risk Zone
KSP/BEN/2024/03019,CrPC OFFENCES,Bengaluru City,Electronic City,13.0116,77.6311,2024-05-13 19:51:00,Pending,"Sec 107, 151 CrPC",Low,95.5,Standard Monitoring
KSP/BEN/2025/03020,THEFT,Bengaluru City,Jayanagar,12.9794,77.5687,2025-09-08 06:26:00,Investigating,Sec 379 IPC,Medium,92.2,Standard Monitoring
KSP/HAS/2026/03021,MISSING PERSON,Hassan,City PS,13.0122,76.0985,2026-01-23 19:15:00,Closed,Sec 363 IPC,Medium,93.3,Standard Monitoring
KSP/BEN/2026/03022,CrPC OFFENCES,Bengaluru City,Jayanagar,12.929,77.5314,2026-03-29 11:45:00,Closed,"Sec 107, 151 CrPC",Low,95.8,Standard Monitoring
KSP/BEN/2025/03023,THEFT,Bengaluru City,Koramangala,12.8918,77.5268,2025-01-05 14:09:00,Pending,Sec 379 IPC,Medium,95.9,Standard Monitoring
KSP/MAN/2025/03024,MISSING PERSON,Mangaluru,Kadri,12.9024,74.8766,2025-02-05 02:56:00,Solved,Sec 363 IPC,Medium,89.5,Standard Monitoring
KSP/CHI/2025/03025,CYBER CRIME & FRAUD,Chikkaballapura,Gauribidanur,13.4222,77.7595,2025-02-10 08:13:00,Closed,"Sec 66D IT Act, 420 IPC",High,87.7,High Risk Zone
KSP/KAL/2025/03026,MISSING PERSON,Kalaburagi,Brahampur,17.3583,76.8178,2025-01-21 00:37:00,Charge Sheeted,Sec 363 IPC,Medium,98.4,Standard Monitoring
KSP/BEN/2026/03027,KPA 1963 VIOLATIONS,Bengaluru Dist,Hosakote,13.0291,77.5493,2026-01-21 21:32:00,Solved,"Sec 78, 87 KPA",Low,97.8,Standard Monitoring
KSP/BEL/2025/03028,KPA 1963 VIOLATIONS,Belagavi,Camp PS,15.7824,74.5791,2025-06-30 14:00:00,Solved,"Sec 78, 87 KPA",Low,87.3,Standard Monitoring
KSP/KOP/2024/03029,NARCOTICS (NDPS),Koppal,Gangavathi,15.3924,76.1285,2024-10-21 18:23:00,Charge Sheeted,"Sec 20(b), 22 NDPS Act",Critical,86.5,High Risk Zone
KSP/BEN/2025/03030,CrPC OFFENCES,Bengaluru City,Electronic City,12.953,77.5768,2025-11-15 13:53:00,Investigating,"Sec 107, 151 CrPC",Low,95.9,Standard Monitoring
KSP/BEN/2026/03031,MOTOR VEHICLE ACCIDENTS NON-FATAL,Bengaluru City,Hebbal,12.9531,77.5149,2026-03-29 09:08:00,Charge Sheeted,"Sec 279, 337 IPC",Medium,97.8,Standard Monitoring
KSP/BEN/2026/03032,MISSING PERSON,Bengaluru City,Koramangala,12.9037,77.6544,2026-03-18 22:42:00,Investigating,Sec 363 IPC,Medium,97.3,Standard Monitoring
KSP/BEN/2025/03033,MOTOR VEHICLE ACCIDENTS NON-FATAL,Bengaluru Dist,Hosakote,13.0188,77.5838,2025-05-13 20:23:00,Investigating,"Sec 279, 337 IPC",Medium,87.9,Standard Monitoring
KSP/BEN/2025/03034,BURGLARY / HOUSE BREAKING,Bengaluru City,Hebbal,12.9871,77.5814,2025-09-08 16:01:00,Solved,"Sec 454, 457, 380 IPC",High,95.7,High Risk Zone
KSP/BAG/2025/03035,BURGLARY / HOUSE BREAKING,Bagalkote,Town PS,16.1393,75.6219,2025-06-14 21:52:00,Investigating,"Sec 454, 457, 380 IPC",High,97.0,High Risk Zone
KSP/BEN/2024/03036,MOTOR VEHICLE ACCIDENTS NON-FATAL,Bengaluru City,Electronic City,13.0373,77.5719,2024-01-22 12:34:00,Pending,"Sec 279, 337 IPC",Medium,86.0,Standard Monitoring
KSP/HUB/2025/03037,MISSING PERSON,Hubballi-Dharwad,Suburban PS,15.318,75.0517,2025-11-02 03:08:00,Solved,Sec 363 IPC,Medium,85.9,Standard Monitoring
KSP/RAM/2026/03038,MISSING PERSON,Ramanagara,Kanakapura,12.6384,77.3189,2026-02-21 20:41:00,Solved,Sec 363 IPC,Medium,89.3,Standard Monitoring
KSP/BEN/2024/03039,CrPC OFFENCES,Bengaluru City,Indiranagar,12.9714,77.6444,2024-12-03 23:52:00,Closed,"Sec 107, 151 CrPC",Low,90.5,Standard Monitoring
KSP/HUB/2026/03040,NARCOTICS (NDPS),Hubballi-Dharwad,Dharwad Town,15.3161,75.0697,2026-05-30 22:37:00,Charge Sheeted,"Sec 20(b), 22 NDPS Act",Critical,88.7,High Risk Zone
KSP/BEN/2026/03041,ROBBERY / DACOITY,Bengaluru City,Whitefield,12.9338,77.5746,2026-07-12 05:30:00,Investigating,"Sec 392, 395 IPC",Critical,85.9,High Risk Zone
KSP/BEN/2026/03042,MOTOR VEHICLE ACCIDENTS NON-FATAL,Bengaluru Dist,Nelamangala,13.0455,77.6667,2026-05-02 21:17:00,Closed,"Sec 279, 337 IPC",Medium,96.8,Standard Monitoring
KSP/VIJ/2024/03043,MOTOR VEHICLE ACCIDENTS NON-FATAL,Vijayapura,Adarsh Nagar,16.8529,75.6761,2024-04-29 20:05:00,Investigating,"Sec 279, 337 IPC",Medium,97.9,Standard Monitoring
KSP/BEN/2025/03044,MOTOR VEHICLE ACCIDENTS NON-FATAL,Bengaluru City,Electronic City,12.9236,77.606,2025-12-30 02:25:00,Charge Sheeted,"Sec 279, 337 IPC",Medium,93.3,Standard Monitoring
KSP/BEN/2024/03045,NARCOTICS (NDPS),Bengaluru City,Whitefield,12.9036,77.6009,2024-10-27 12:09:00,Investigating,"Sec 20(b), 22 NDPS Act",Critical,92.1,High Risk Zone
KSP/BAL/2025/03046,THEFT,Ballari,Hospet Town,15.1153,76.8985,2025-04-06 17:22:00,Pending,Sec 379 IPC,Medium,94.7,Standard Monitoring
KSP/SHI/2024/03047,MOTOR VEHICLE ACCIDENTS NON-FATAL,Shivamogga,Tunga Nagar,13.9534,75.5314,2024-03-29 15:05:00,Pending,"Sec 279, 337 IPC",Medium,91.1,Standard Monitoring
KSP/CHI/2025/03048,ROBBERY / DACOITY,Chitradurga,Kote PS,14.3011,76.4604,2025-06-24 19:16:00,Pending,"Sec 392, 395 IPC",Critical,93.7,High Risk Zone
KSP/BID/2026/03049,CYBER CRIME & FRAUD,Bidar,Gandhi Gunj,17.9848,77.5567,2026-03-19 03:19:00,Charge Sheeted,"Sec 66D IT Act, 420 IPC",High,86.4,High Risk Zone
KSP/BEN/2024/03050,HURT / ASSAULT,Bengaluru City,Jayanagar,12.9898,77.527,2024-03-10 03:54:00,Charge Sheeted,"Sec 323, 324, 504 IPC",High,86.2,High Risk Zone
KSP/BID/2025/03051,HURT / ASSAULT,Bidar,Market PS,17.8533,77.4791,2025-06-25 06:32:00,Pending,"Sec 323, 324, 504 IPC",High,93.5,High Risk Zone
KSP/BEN/2025/03052,HURT / ASSAULT,Bengaluru City,Indiranagar,12.8947,77.5569,2025-04-23 00:05:00,Charge Sheeted,"Sec 323, 324, 504 IPC",High,86.7,High Risk Zone
KSP/TUM/2024/03053,MISSING PERSON,Tumakuru,Kyatsandra,13.2803,77.0323,2024-01-10 19:32:00,Investigating,Sec 363 IPC,Medium,98.2,Standard Monitoring
KSP/GAD/2026/03054,THEFT,Gadag,Town PS,15.396,75.609,2026-07-25 20:00:00,Charge Sheeted,Sec 379 IPC,Medium,86.4,Standard Monitoring
KSP/UDU/2026/03055,MISSING PERSON,Udupi,Town PS,13.2774,74.8001,2026-04-23 08:45:00,Solved,Sec 363 IPC,Medium,98.2,Standard Monitoring
KSP/BEN/2025/03056,MOTOR VEHICLE ACCIDENTS NON-FATAL,Bengaluru Dist,Doddaballapura,13.0668,77.6393,2025-06-13 04:18:00,Investigating,"Sec 279, 337 IPC",Medium,87.6,Standard Monitoring
KSP/KAL/2025/03057,MOTOR VEHICLE ACCIDENTS NON-FATAL,Kalaburagi,Ashok Nagar,17.2996,76.8181,2025-12-03 12:49:00,Investigating,"Sec 279, 337 IPC",Medium,95.2,Standard Monitoring
KSP/BEN/2024/03058,THEFT,Bengaluru City,Whitefield,13.0027,77.5298,2024-09-04 04:44:00,Investigating,Sec 379 IPC,Medium,92.0,Standard Monitoring
KSP/BEN/2024/03059,CrPC OFFENCES,Bengaluru City,Indiranagar,12.9567,77.6711,2024-06-12 15:15:00,Investigating,"Sec 107, 151 CrPC",Low,93.0,Standard Monitoring
KSP/BEN/2024/03060,CrPC OFFENCES,Bengaluru City,Electronic City,13.0235,77.6198,2024-12-20 07:04:00,Charge Sheeted,"Sec 107, 151 CrPC",Low,92.9,Standard Monitoring
KSP/BAG/2024/03061,THEFT,Bagalkote,Navanagar,16.2599,75.7643,2024-04-07 22:24:00,Pending,Sec 379 IPC,Medium,90.3,Standard Monitoring
KSP/BEN/2025/03062,MOTOR VEHICLE ACCIDENTS NON-FATAL,Bengaluru Dist,Hosakote,13.094,77.5295,2025-07-19 15:26:00,Charge Sheeted,"Sec 279, 337 IPC",Medium,90.2,Standard Monitoring
KSP/MYS/2025/03063,HURT / ASSAULT,Mysuru,Devaraja PS,12.3779,76.6683,2025-08-04 14:08:00,Solved,"Sec 323, 324, 504 IPC",High,88.4,High Risk Zone
KSP/BEN/2025/03064,THEFT,Bengaluru City,Indiranagar,12.9542,77.5982,2025-05-24 03:25:00,Investigating,Sec 379 IPC,Medium,87.5,Standard Monitoring
KSP/VIJ/2026/03065,MOTOR VEHICLE ACCIDENTS NON-FATAL,Vijayapura,Gol Gumbaz PS,16.8503,75.7412,2026-07-23 22:24:00,Investigating,"Sec 279, 337 IPC",Medium,90.0,Standard Monitoring
KSP/RAM/2024/03066,CrPC OFFENCES,Ramanagara,Magadi,12.7942,77.3299,2024-06-03 03:02:00,Charge Sheeted,"Sec 107, 151 CrPC",Low,94.3,Standard Monitoring
KSP/BEN/2025/03067,NARCOTICS (NDPS),Bengaluru City,Electronic City,12.9048,77.5414,2025-10-26 21:09:00,Pending,"Sec 20(b), 22 NDPS Act",Critical,88.4,High Risk Zone
KSP/BEL/2024/03068,NARCOTICS (NDPS),Belagavi,Khade Bazar,15.8945,74.5254,2024-08-04 07:26:00,Pending,"Sec 20(b), 22 NDPS Act",Critical,95.9,High Risk Zone
KSP/BEN/2026/03069,MISSING PERSON,Bengaluru City,Hebbal,12.908,77.6598,2026-05-24 04:17:00,Closed,Sec 363 IPC,Medium,97.7,Standard Monitoring
KSP/BEN/2025/03070,CYBER CRIME & FRAUD,Bengaluru City,Electronic City,12.9028,77.5996,2025-04-14 14:54:00,Investigating,"Sec 66D IT Act, 420 IPC",High,98.0,High Risk Zone
KSP/BEN/2025/03071,MOTOR VEHICLE ACCIDENTS NON-FATAL,Bengaluru City,Cubbon Park,12.9436,77.6069,2025-02-27 02:57:00,Solved,"Sec 279, 337 IPC",Medium,90.8,Standard Monitoring
KSP/BEN/2024/03072,CYBER CRIME & FRAUD,Bengaluru City,Electronic City,13.0498,77.5549,2024-12-23 14:38:00,Closed,"Sec 66D IT Act, 420 IPC",High,95.0,High Risk Zone
KSP/BAL/2026/03073,KPA 1963 VIOLATIONS,Ballari,Brucepet,15.194,76.9126,2026-07-03 14:13:00,Closed,"Sec 78, 87 KPA",Low,98.1,Standard Monitoring
KSP/MYS/2024/03074,HURT / ASSAULT,Mysuru,Nazarbad,12.3664,76.603,2024-05-01 15:28:00,Investigating,"Sec 323, 324, 504 IPC",High,88.6,High Risk Zone
KSP/DAV/2024/03075,THEFT,Davanagere,PJ Extension,14.5376,75.9409,2024-07-22 01:10:00,Pending,Sec 379 IPC,Medium,89.0,Standard Monitoring
KSP/BEN/2024/03076,HURT / ASSAULT,Bengaluru City,Cubbon Park,12.989,77.5983,2024-01-12 18:33:00,Closed,"Sec 323, 324, 504 IPC",High,89.3,High Risk Zone
KSP/BEL/2026/03077,HURT / ASSAULT,Belagavi,Camp PS,15.79,74.5546,2026-03-29 22:46:00,Pending,"Sec 323, 324, 504 IPC",High,90.2,High Risk Zone
KSP/BEN/2025/03078,BURGLARY / HOUSE BREAKING,Bengaluru Dist,Nelamangala,13.1401,77.5112,2025-01-26 06:59:00,Pending,"Sec 454, 457, 380 IPC",High,93.3,High Risk Zone
KSP/HUB/2024/03079,MISSING PERSON,Hubballi-Dharwad,Gokul Road,15.2901,75.1365,2024-10-18 21:59:00,Investigating,Sec 363 IPC,Medium,93.7,Standard Monitoring
KSP/BAG/2025/03080,CYBER CRIME & FRAUD,Bagalkote,Ilkal,16.2511,75.7223,2025-04-21 04:49:00,Pending,"Sec 66D IT Act, 420 IPC",High,95.0,High Risk Zone
KSP/BEL/2025/03081,CrPC OFFENCES,Belagavi,Market PS,15.7804,74.4408,2025-10-18 12:23:00,Closed,"Sec 107, 151 CrPC",Low,96.6,Standard Monitoring
KSP/KAL/2026/03082,MISSING PERSON,Kalaburagi,Station Bazar,17.2746,76.7841,2026-05-26 14:29:00,Pending,Sec 363 IPC,Medium,90.7,Standard Monitoring
KSP/DAV/2025/03083,CrPC OFFENCES,Davanagere,PJ Extension,14.5355,75.9361,2025-03-11 20:21:00,Pending,"Sec 107, 151 CrPC",Low,88.2,Standard Monitoring
KSP/TUM/2026/03084,ROBBERY / DACOITY,Tumakuru,Tiptur,13.4102,77.1485,2026-04-10 18:03:00,Closed,"Sec 392, 395 IPC",Critical,97.9,High Risk Zone
KSP/BEN/2025/03085,CYBER CRIME & FRAUD,Bengaluru City,Whitefield,12.9074,77.6294,2025-08-04 20:01:00,Solved,"Sec 66D IT Act, 420 IPC",High,86.4,High Risk Zone
KSP/UTT/2026/03086,ROBBERY / DACOITY,Uttara Kannada,Karwar Town,14.8324,74.1862,2026-02-22 14:29:00,Charge Sheeted,"Sec 392, 395 IPC",Critical,86.1,High Risk Zone
KSP/HAV/2024/03087,MOTOR VEHICLE ACCIDENTS NON-FATAL,Haveri,Byadgi,14.7529,75.3368,2024-09-02 08:51:00,Charge Sheeted,"Sec 279, 337 IPC",Medium,86.1,Standard Monitoring
KSP/KOD/2026/03088,KPA 1963 VIOLATIONS,Kodagu,Gonikoppal,12.3708,75.6768,2026-02-08 01:02:00,Charge Sheeted,"Sec 78, 87 KPA",Low,94.1,Standard Monitoring
KSP/RAI/2024/03089,HURT / ASSAULT,Raichur,Sadabad,16.2376,77.387,2024-01-02 02:42:00,Charge Sheeted,"Sec 323, 324, 504 IPC",High,88.3,High Risk Zone
KSP/BEL/2026/03090,CrPC OFFENCES,Belagavi,Gokak,15.8094,74.4704,2026-03-20 04:12:00,Pending,"Sec 107, 151 CrPC",Low,85.0,Standard Monitoring
KSP/MAN/2024/03091,MOTOR VEHICLE ACCIDENTS NON-FATAL,Mangaluru,Barkarke,12.849,74.9127,2024-08-25 08:17:00,Pending,"Sec 279, 337 IPC",Medium,94.3,Standard Monitoring
KSP/BAL/2026/03092,CrPC OFFENCES,Ballari,Gandhinagar,15.089,76.8494,2026-05-06 13:16:00,Pending,"Sec 107, 151 CrPC",Low,97.9,Standard Monitoring
KSP/BEN/2024/03093,MISSING PERSON,Bengaluru City,Koramangala,12.9869,77.5194,2024-03-02 05:14:00,Closed,Sec 363 IPC,Medium,96.4,Standard Monitoring
KSP/MYS/2025/03094,MISSING PERSON,Mysuru,KRS Road,12.2675,76.7116,2025-05-29 19:10:00,Pending,Sec 363 IPC,Medium,96.9,Standard Monitoring
KSP/MYS/2025/03095,MISSING PERSON,Mysuru,KRS Road,12.3517,76.5953,2025-02-12 22:31:00,Charge Sheeted,Sec 363 IPC,Medium,88.0,Standard Monitoring
KSP/BEL/2026/03096,HURT / ASSAULT,Belagavi,Market PS,15.8545,74.4976,2026-02-10 06:16:00,Charge Sheeted,"Sec 323, 324, 504 IPC",High,91.3,High Risk Zone
KSP/BAL/2024/03097,HURT / ASSAULT,Ballari,Hospet Town,15.1992,76.9056,2024-09-30 16:42:00,Solved,"Sec 323, 324, 504 IPC",High,94.8,High Risk Zone
KSP/RAM/2026/03098,THEFT,Ramanagara,Magadi,12.7542,77.3599,2026-05-29 06:43:00,Pending,Sec 379 IPC,Medium,85.4,Standard Monitoring
KSP/CHI/2026/03099,THEFT,Chitradurga,Town PS,14.1779,76.3671,2026-04-22 11:34:00,Investigating,Sec 379 IPC,Medium,98.2,Standard Monitoring
KSP/MAN/2025/03100,MISSING PERSON,Mangaluru,Panambur,12.8947,74.813,2025-04-15 21:47:00,Pending,Sec 363 IPC,Medium,95.5,Standard Monitoring
KSP/BEN/2025/03101,THEFT,Bengaluru City,Yelahanka,12.9281,77.5527,2025-05-06 04:08:00,Closed,Sec 379 IPC,Medium,85.6,Standard Monitoring
KSP/BEL/2024/03102,MOTOR VEHICLE ACCIDENTS NON-FATAL,Belagavi,Tilakwadi,15.7797,74.5467,2024-01-13 10:49:00,Solved,"Sec 279, 337 IPC",Medium,90.7,Standard Monitoring
KSP/BEN/2026/03103,THEFT,Bengaluru City,Whitefield,13.0071,77.6641,2026-03-23 04:05:00,Pending,Sec 379 IPC,Medium,86.6,Standard Monitoring
KSP/KOP/2026/03104,HURT / ASSAULT,Koppal,Kushtagi,15.3975,76.2144,2026-04-11 11:43:00,Investigating,"Sec 323, 324, 504 IPC",High,92.7,High Risk Zone
KSP/BEN/2025/03105,HURT / ASSAULT,Bengaluru City,Whitefield,13.0072,77.5638,2025-06-27 01:33:00,Closed,"Sec 323, 324, 504 IPC",High,85.2,High Risk Zone
KSP/BEN/2025/03106,MOTOR VEHICLE ACCIDENTS NON-FATAL,Bengaluru City,Koramangala,13.034,77.6678,2025-12-25 02:09:00,Investigating,"Sec 279, 337 IPC",Medium,96.2,Standard Monitoring
KSP/BEL/2026/03107,CYBER CRIME & FRAUD,Belagavi,Gokak,15.9148,74.4868,2026-05-29 03:13:00,Pending,"Sec 66D IT Act, 420 IPC",High,93.8,High Risk Zone
KSP/BEL/2024/03108,CrPC OFFENCES,Belagavi,Tilakwadi,15.8703,74.4938,2024-12-04 23:42:00,Charge Sheeted,"Sec 107, 151 CrPC",Low,88.8,Standard Monitoring
KSP/BEN/2024/03109,MOTOR VEHICLE ACCIDENTS NON-FATAL,Bengaluru City,Cubbon Park,13.0019,77.6708,2024-08-03 15:50:00,Solved,"Sec 279, 337 IPC",Medium,98.1,Standard Monitoring
KSP/KAL/2026/03110,THEFT,Kalaburagi,Ashok Nagar,17.2767,76.8396,2026-01-01 22:56:00,Closed,Sec 379 IPC,Medium,87.7,Standard Monitoring
KSP/HAS/2024/03111,BURGLARY / HOUSE BREAKING,Hassan,City PS,12.9826,76.1726,2024-09-28 08:46:00,Solved,"Sec 454, 457, 380 IPC",High,91.4,High Risk Zone
KSP/BEN/2025/03112,MISSING PERSON,Bengaluru City,Jayanagar,13.0384,77.6341,2025-02-23 18:00:00,Investigating,Sec 363 IPC,Medium,89.5,Standard Monitoring
KSP/BAG/2024/03113,MISSING PERSON,Bagalkote,Jamkhandi,16.1902,75.714,2024-04-15 19:34:00,Investigating,Sec 363 IPC,Medium,94.1,Standard Monitoring
KSP/YAD/2024/03114,BURGLARY / HOUSE BREAKING,Yadgir,Shahapur,16.782,77.0844,2024-07-04 18:22:00,Solved,"Sec 454, 457, 380 IPC",High,87.0,High Risk Zone
KSP/BEN/2025/03115,THEFT,Bengaluru City,Indiranagar,12.9634,77.5789,2025-11-26 13:05:00,Pending,Sec 379 IPC,Medium,86.5,Standard Monitoring
KSP/BAL/2024/03116,MISSING PERSON,Ballari,Brucepet,15.1403,76.8874,2024-02-06 01:26:00,Closed,Sec 363 IPC,Medium,93.4,Standard Monitoring
KSP/BEN/2026/03117,HURT / ASSAULT,Bengaluru City,Cubbon Park,13.0488,77.6457,2026-01-28 01:15:00,Pending,"Sec 323, 324, 504 IPC",High,96.1,High Risk Zone
KSP/MYS/2024/03118,MOTOR VEHICLE ACCIDENTS NON-FATAL,Mysuru,Vidyaranyapuram,12.309,76.6954,2024-11-08 10:52:00,Solved,"Sec 279, 337 IPC",Medium,88.7,Standard Monitoring
KSP/BEN/2025/03119,MOTOR VEHICLE ACCIDENTS NON-FATAL,Bengaluru City,Indiranagar,12.9759,77.5627,2025-06-19 02:51:00,Pending,"Sec 279, 337 IPC",Medium,88.1,Standard Monitoring
KSP/GAD/2026/03120,MOTOR VEHICLE ACCIDENTS NON-FATAL,Gadag,Nargund,15.4532,75.5683,2026-04-17 11:11:00,Investigating,"Sec 279, 337 IPC",Medium,87.5,Standard Monitoring
KSP/BID/2024/03121,CYBER CRIME & FRAUD,Bidar,Basavakalyan,17.9677,77.5767,2024-11-20 16:18:00,Charge Sheeted,"Sec 66D IT Act, 420 IPC",High,94.7,High Risk Zone
KSP/BEN/2024/03122,HURT / ASSAULT,Bengaluru City,Cubbon Park,12.9312,77.6503,2024-10-19 14:15:00,Investigating,"Sec 323, 324, 504 IPC",High,85.9,High Risk Zone
KSP/BEN/2025/03123,CrPC OFFENCES,Bengaluru City,Hebbal,12.9553,77.5666,2025-04-03 05:09:00,Charge Sheeted,"Sec 107, 151 CrPC",Low,91.1,Standard Monitoring
KSP/BEL/2025/03124,MOTOR VEHICLE ACCIDENTS NON-FATAL,Belagavi,Camp PS,15.8048,74.5705,2025-03-07 07:50:00,Pending,"Sec 279, 337 IPC",Medium,89.1,Standard Monitoring
KSP/TUM/2024/03125,HURT / ASSAULT,Tumakuru,Kyatsandra,13.2772,77.0851,2024-04-14 21:21:00,Closed,"Sec 323, 324, 504 IPC",High,91.0,High Risk Zone
KSP/BEN/2024/03126,CrPC OFFENCES,Bengaluru City,Hebbal,12.8924,77.5158,2024-05-10 03:05:00,Charge Sheeted,"Sec 107, 151 CrPC",Low,94.5,Standard Monitoring
KSP/BEN/2026/03127,HURT / ASSAULT,Bengaluru City,Jayanagar,13.0071,77.625,2026-06-28 09:40:00,Pending,"Sec 323, 324, 504 IPC",High,96.7,High Risk Zone
KSP/VIJ/2024/03128,BURGLARY / HOUSE BREAKING,Vijayapura,Indi,16.9043,75.7576,2024-08-30 22:53:00,Closed,"Sec 454, 457, 380 IPC",High,95.0,High Risk Zone
KSP/BEN/2026/03129,MISSING PERSON,Bengaluru Dist,Devanahalli,13.0123,77.6423,2026-03-16 22:49:00,Investigating,Sec 363 IPC,Medium,85.6,Standard Monitoring
KSP/KAL/2024/03130,KPA 1963 VIOLATIONS,Kalaburagi,Brahampur,17.3325,76.8845,2024-03-16 18:57:00,Solved,"Sec 78, 87 KPA",Low,95.7,Standard Monitoring
KSP/YAD/2024/03131,CrPC OFFENCES,Yadgir,Town PS,16.7696,77.1002,2024-11-15 03:54:00,Pending,"Sec 107, 151 CrPC",Low,98.3,Standard Monitoring
KSP/HAS/2026/03132,KPA 1963 VIOLATIONS,Hassan,Pension Mohalla,13.0752,76.0851,2026-06-30 17:38:00,Investigating,"Sec 78, 87 KPA",Low,87.5,Standard Monitoring
KSP/BEL/2025/03133,CYBER CRIME & FRAUD,Belagavi,Market PS,15.7851,74.5353,2025-03-24 20:23:00,Charge Sheeted,"Sec 66D IT Act, 420 IPC",High,98.2,High Risk Zone
KSP/MYS/2025/03134,MOTOR VEHICLE ACCIDENTS NON-FATAL,Mysuru,Vidyaranyapuram,12.3098,76.6378,2025-10-03 22:34:00,Pending,"Sec 279, 337 IPC",Medium,85.5,Standard Monitoring
KSP/MYS/2024/03135,THEFT,Mysuru,Devaraja PS,12.3177,76.64,2024-01-27 22:52:00,Solved,Sec 379 IPC,Medium,92.0,Standard Monitoring
KSP/HAV/2024/03136,MISSING PERSON,Haveri,Byadgi,14.8515,75.4598,2024-08-15 23:14:00,Solved,Sec 363 IPC,Medium,85.9,Standard Monitoring
KSP/BEL/2026/03137,CYBER CRIME & FRAUD,Belagavi,Market PS,15.7995,74.5518,2026-07-14 02:35:00,Charge Sheeted,"Sec 66D IT Act, 420 IPC",High,91.1,High Risk Zone
KSP/MAN/2026/03138,MOTOR VEHICLE ACCIDENTS NON-FATAL,Mandya,Maddur,12.5588,76.9241,2026-06-25 15:51:00,Closed,"Sec 279, 337 IPC",Medium,97.3,Standard Monitoring
KSP/BEN/2025/03139,CrPC OFFENCES,Bengaluru City,Yelahanka,13.0281,77.6512,2025-08-03 11:43:00,Investigating,"Sec 107, 151 CrPC",Low,92.7,Standard Monitoring
KSP/BEN/2024/03140,CrPC OFFENCES,Bengaluru City,Jayanagar,12.9068,77.5637,2024-03-10 13:12:00,Closed,"Sec 107, 151 CrPC",Low,95.4,Standard Monitoring
KSP/UTT/2026/03141,BURGLARY / HOUSE BREAKING,Uttara Kannada,Karwar Town,14.7391,74.1985,2026-04-19 19:20:00,Solved,"Sec 454, 457, 380 IPC",High,89.7,High Risk Zone
KSP/BEN/2025/03142,MOTOR VEHICLE ACCIDENTS NON-FATAL,Bengaluru City,Whitefield,12.9499,77.5928,2025-07-27 05:35:00,Investigating,"Sec 279, 337 IPC",Medium,91.6,Standard Monitoring
KSP/BEN/2025/03143,CYBER CRIME & FRAUD,Bengaluru City,Koramangala,13.0033,77.6086,2025-01-09 09:49:00,Solved,"Sec 66D IT Act, 420 IPC",High,94.6,High Risk Zone
KSP/BEN/2026/03144,CrPC OFFENCES,Bengaluru City,Electronic City,13.0397,77.5496,2026-04-12 10:49:00,Charge Sheeted,"Sec 107, 151 CrPC",Low,91.3,Standard Monitoring
KSP/BEN/2025/03145,MISSING PERSON,Bengaluru City,Koramangala,12.9884,77.5967,2025-01-18 23:57:00,Pending,Sec 363 IPC,Medium,97.5,Standard Monitoring
KSP/BAL/2024/03146,THEFT,Ballari,Hospet Town,15.1627,76.9788,2024-08-06 06:29:00,Pending,Sec 379 IPC,Medium,87.5,Standard Monitoring
KSP/MAN/2024/03147,HURT / ASSAULT,Mandya,East PS,12.5903,76.8365,2024-12-31 18:19:00,Investigating,"Sec 323, 324, 504 IPC",High,96.5,High Risk Zone
KSP/MYS/2025/03148,MISSING PERSON,Mysuru,Lashkar PS,12.2808,76.7104,2025-01-30 13:08:00,Closed,Sec 363 IPC,Medium,90.3,Standard Monitoring
KSP/BEN/2024/03149,KPA 1963 VIOLATIONS,Bengaluru City,Cubbon Park,12.9463,77.5465,2024-07-26 13:26:00,Pending,"Sec 78, 87 KPA",Low,91.7,Standard Monitoring
KSP/BEN/2026/03150,NARCOTICS (NDPS),Bengaluru City,Whitefield,13.0329,77.6086,2026-03-11 16:46:00,Solved,"Sec 20(b), 22 NDPS Act",Critical,90.0,High Risk Zone
KSP/VIJ/2025/03151,THEFT,Vijayanagara,Harapanahalli,15.3289,76.3252,2025-09-15 22:05:00,Closed,Sec 379 IPC,Medium,94.6,Standard Monitoring
KSP/BEN/2026/03152,CYBER CRIME & FRAUD,Bengaluru City,Indiranagar,12.9062,77.5581,2026-05-07 23:02:00,Investigating,"Sec 66D IT Act, 420 IPC",High,96.9,High Risk Zone
KSP/BEN/2025/03153,MOTOR VEHICLE ACCIDENTS NON-FATAL,Bengaluru City,Cubbon Park,12.9781,77.5284,2025-07-03 21:06:00,Pending,"Sec 279, 337 IPC",Medium,87.9,Standard Monitoring
KSP/VIJ/2025/03154,MOTOR VEHICLE ACCIDENTS NON-FATAL,Vijayanagara,Hospet Town,15.1987,76.4181,2025-09-27 14:58:00,Solved,"Sec 279, 337 IPC",Medium,87.5,Standard Monitoring
KSP/BEN/2024/03155,MOTOR VEHICLE ACCIDENTS NON-FATAL,Bengaluru City,Whitefield,13.0047,77.5179,2024-04-14 05:30:00,Charge Sheeted,"Sec 279, 337 IPC",Medium,88.2,Standard Monitoring
KSP/BEN/2026/03156,KPA 1963 VIOLATIONS,Bengaluru City,Koramangala,12.9492,77.6426,2026-02-18 10:05:00,Charge Sheeted,"Sec 78, 87 KPA",Low,88.2,Standard Monitoring
KSP/BEN/2024/03157,THEFT,Bengaluru City,Koramangala,13.0424,77.5303,2024-09-03 21:34:00,Solved,Sec 379 IPC,Medium,98.2,Standard Monitoring
KSP/HUB/2024/03158,MOTOR VEHICLE ACCIDENTS NON-FATAL,Hubballi-Dharwad,Dharwad Town,15.3769,75.1773,2024-01-03 08:34:00,Charge Sheeted,"Sec 279, 337 IPC",Medium,91.8,Standard Monitoring
KSP/BEN/2024/03159,CrPC OFFENCES,Bengaluru City,Yelahanka,12.9589,77.61,2024-10-11 07:49:00,Closed,"Sec 107, 151 CrPC",Low,94.6,Standard Monitoring
KSP/BEN/2024/03160,THEFT,Bengaluru City,Jayanagar,12.924,77.6632,2024-06-09 17:32:00,Charge Sheeted,Sec 379 IPC,Medium,93.3,Standard Monitoring
KSP/UTT/2026/03161,MISSING PERSON,Uttara Kannada,Sirsi Town,14.8178,74.1556,2026-05-28 00:27:00,Pending,Sec 363 IPC,Medium,88.0,Standard Monitoring
KSP/VIJ/2026/03162,CrPC OFFENCES,Vijayapura,Indi,16.8488,75.7725,2026-06-03 23:50:00,Investigating,"Sec 107, 151 CrPC",Low,91.6,Standard Monitoring
KSP/BEN/2025/03163,CrPC OFFENCES,Bengaluru City,Cubbon Park,12.9271,77.6194,2025-10-03 16:17:00,Investigating,"Sec 107, 151 CrPC",Low,91.1,Standard Monitoring
KSP/UDU/2024/03164,KPA 1963 VIOLATIONS,Udupi,Manipal,13.2924,74.7064,2024-01-06 01:45:00,Investigating,"Sec 78, 87 KPA",Low,97.7,Standard Monitoring
KSP/TUM/2025/03165,MOTOR VEHICLE ACCIDENTS NON-FATAL,Tumakuru,Kyatsandra,13.2625,77.1469,2025-09-23 01:10:00,Investigating,"Sec 279, 337 IPC",Medium,94.3,Standard Monitoring
KSP/BEN/2024/03166,HURT / ASSAULT,Bengaluru Dist,Hosakote,13.0097,77.5614,2024-05-27 00:49:00,Charge Sheeted,"Sec 323, 324, 504 IPC",High,94.6,High Risk Zone
KSP/TUM/2025/03167,HURT / ASSAULT,Tumakuru,Tiptur,13.3073,77.1001,2025-12-06 18:49:00,Solved,"Sec 323, 324, 504 IPC",High,97.5,High Risk Zone
KSP/UDU/2025/03168,MOTOR VEHICLE ACCIDENTS NON-FATAL,Udupi,Kundapura,13.387,74.7472,2025-11-20 21:36:00,Charge Sheeted,"Sec 279, 337 IPC",Medium,90.7,Standard Monitoring
KSP/BEN/2025/03169,THEFT,Bengaluru City,Yelahanka,12.8975,77.5256,2025-07-17 13:57:00,Charge Sheeted,Sec 379 IPC,Medium,91.7,Standard Monitoring
KSP/MAN/2024/03170,CYBER CRIME & FRAUD,Mangaluru,Surathkal,12.8556,74.8628,2024-12-08 18:39:00,Charge Sheeted,"Sec 66D IT Act, 420 IPC",High,92.4,High Risk Zone
KSP/RAM/2025/03171,KPA 1963 VIOLATIONS,Ramanagara,Channapatna,12.7492,77.25,2025-03-12 04:22:00,Closed,"Sec 78, 87 KPA",Low,95.6,Standard Monitoring
KSP/VIJ/2024/03172,KPA 1963 VIOLATIONS,Vijayanagara,Harapanahalli,15.3196,76.3317,2024-09-03 02:22:00,Closed,"Sec 78, 87 KPA",Low,93.3,Standard Monitoring
KSP/BEN/2024/03173,CYBER CRIME & FRAUD,Bengaluru City,Indiranagar,12.9807,77.6666,2024-06-24 05:26:00,Pending,"Sec 66D IT Act, 420 IPC",High,88.7,High Risk Zone
KSP/MYS/2024/03174,KPA 1963 VIOLATIONS,Mysuru,Devaraja PS,12.3797,76.6328,2024-08-05 01:38:00,Solved,"Sec 78, 87 KPA",Low,88.8,Standard Monitoring
KSP/HUB/2024/03175,KPA 1963 VIOLATIONS,Hubballi-Dharwad,Vidyagiri,15.2875,75.1963,2024-11-29 00:30:00,Pending,"Sec 78, 87 KPA",Low,93.1,Standard Monitoring
KSP/CHI/2024/03176,MISSING PERSON,Chitradurga,Town PS,14.1811,76.3294,2024-10-09 10:24:00,Investigating,Sec 363 IPC,Medium,94.2,Standard Monitoring
KSP/KAL/2025/03177,MOTOR VEHICLE ACCIDENTS NON-FATAL,Kalaburagi,Station Bazar,17.2864,76.8389,2025-11-04 08:06:00,Closed,"Sec 279, 337 IPC",Medium,93.1,Standard Monitoring
KSP/BEN/2024/03178,KPA 1963 VIOLATIONS,Bengaluru Dist,Hosakote,13.0508,77.521,2024-04-22 07:18:00,Pending,"Sec 78, 87 KPA",Low,90.7,Standard Monitoring
KSP/KOD/2024/03179,BURGLARY / HOUSE BREAKING,Kodagu,Kushalnagar,12.3579,75.8179,2024-08-11 01:47:00,Pending,"Sec 454, 457, 380 IPC",High,91.1,High Risk Zone
KSP/MYS/2024/03180,CrPC OFFENCES,Mysuru,Devaraja PS,12.2664,76.7322,2024-12-10 20:36:00,Investigating,"Sec 107, 151 CrPC",Low,87.0,Standard Monitoring
KSP/MAN/2026/03181,HURT / ASSAULT,Mangaluru,Kadri,12.9908,74.8045,2026-03-12 04:48:00,Pending,"Sec 323, 324, 504 IPC",High,85.2,High Risk Zone
KSP/RAI/2024/03182,CYBER CRIME & FRAUD,Raichur,Market PS,16.1458,77.3457,2024-10-08 02:21:00,Investigating,"Sec 66D IT Act, 420 IPC",High,85.9,High Risk Zone
KSP/MYS/2026/03183,MOTOR VEHICLE ACCIDENTS NON-FATAL,Mysuru,Vidyaranyapuram,12.289,76.7168,2026-02-08 05:07:00,Pending,"Sec 279, 337 IPC",Medium,96.3,Standard Monitoring
KSP/MAN/2025/03184,CrPC OFFENCES,Mangaluru,Panambur,12.8954,74.8724,2025-11-22 11:43:00,Charge Sheeted,"Sec 107, 151 CrPC",Low,87.0,Standard Monitoring
KSP/BEN/2025/03185,THEFT,Bengaluru City,Indiranagar,12.8981,77.5953,2025-10-17 13:43:00,Pending,Sec 379 IPC,Medium,89.7,Standard Monitoring
KSP/SHI/2025/03186,HURT / ASSAULT,Shivamogga,Vinoba Nagar,13.9079,75.5187,2025-04-10 09:26:00,Investigating,"Sec 323, 324, 504 IPC",High,86.6,High Risk Zone
KSP/BEN/2025/03187,CrPC OFFENCES,Bengaluru Dist,Doddaballapura,13.1,77.5613,2025-08-24 11:02:00,Investigating,"Sec 107, 151 CrPC",Low,93.7,Standard Monitoring
KSP/KOL/2024/03188,HURT / ASSAULT,Kolar,Town PS,13.1481,78.1658,2024-09-15 22:04:00,Closed,"Sec 323, 324, 504 IPC",High,85.8,High Risk Zone
KSP/BEN/2024/03189,MOTOR VEHICLE ACCIDENTS NON-FATAL,Bengaluru City,Yelahanka,12.896,77.651,2024-10-06 08:43:00,Closed,"Sec 279, 337 IPC",Medium,88.5,Standard Monitoring
KSP/UDU/2025/03190,THEFT,Udupi,Town PS,13.3626,74.7579,2025-10-19 10:48:00,Charge Sheeted,Sec 379 IPC,Medium,89.9,Standard Monitoring
KSP/HUB/2024/03191,CYBER CRIME & FRAUD,Hubballi-Dharwad,Vidyagiri,15.3716,75.1604,2024-12-24 19:11:00,Pending,"Sec 66D IT Act, 420 IPC",High,98.4,High Risk Zone
KSP/BEN/2026/03192,CrPC OFFENCES,Bengaluru City,Yelahanka,12.9271,77.5393,2026-05-25 06:46:00,Closed,"Sec 107, 151 CrPC",Low,90.8,Standard Monitoring
KSP/RAI/2024/03193,CrPC OFFENCES,Raichur,Market PS,16.1295,77.3682,2024-09-27 07:27:00,Closed,"Sec 107, 151 CrPC",Low,94.1,Standard Monitoring
KSP/HUB/2024/03194,BURGLARY / HOUSE BREAKING,Hubballi-Dharwad,Gokul Road,15.3444,75.1801,2024-09-06 16:23:00,Solved,"Sec 454, 457, 380 IPC",High,91.5,High Risk Zone
KSP/BEN/2025/03195,THEFT,Bengaluru City,Jayanagar,12.9986,77.5784,2025-04-26 12:14:00,Solved,Sec 379 IPC,Medium,85.0,Standard Monitoring
KSP/HUB/2024/03196,KPA 1963 VIOLATIONS,Hubballi-Dharwad,Suburban PS,15.3159,75.0688,2024-06-16 20:15:00,Charge Sheeted,"Sec 78, 87 KPA",Low,95.6,Standard Monitoring
KSP/DAV/2025/03197,CYBER CRIME & FRAUD,Davanagere,Harihar,14.5412,75.9453,2025-09-21 10:54:00,Solved,"Sec 66D IT Act, 420 IPC",High,96.3,High Risk Zone
KSP/CHI/2026/03198,BURGLARY / HOUSE BREAKING,Chitradurga,Kote PS,14.2663,76.3809,2026-03-31 04:05:00,Pending,"Sec 454, 457, 380 IPC",High,96.6,High Risk Zone
KSP/RAM/2024/03199,HURT / ASSAULT,Ramanagara,Ijoor PS,12.7414,77.2802,2024-02-20 07:13:00,Investigating,"Sec 323, 324, 504 IPC",High,88.5,High Risk Zone
KSP/RAI/2024/03200,HURT / ASSAULT,Raichur,Market PS,16.2092,77.2939,2024-12-27 13:33:00,Charge Sheeted,"Sec 323, 324, 504 IPC",High,85.9,High Risk Zone
KSP/RAI/2025/03201,THEFT,Raichur,Sadabad,16.1653,77.3167,2025-06-29 22:26:00,Closed,Sec 379 IPC,Medium,93.2,Standard Monitoring
KSP/MYS/2026/03202,HURT / ASSAULT,Mysuru,Vidyaranyapuram,12.2397,76.5796,2026-07-20 10:11:00,Closed,"Sec 323, 324, 504 IPC",High,87.7,High Risk Zone
KSP/CHA/2024/03203,MOTOR VEHICLE ACCIDENTS NON-FATAL,Chamarajanagar,Kollegal,11.984,76.9426,2024-07-06 23:40:00,Charge Sheeted,"Sec 279, 337 IPC",Medium,92.1,Standard Monitoring
KSP/BEN/2024/03204,CrPC OFFENCES,Bengaluru Dist,Doddaballapura,13.1347,77.6591,2024-02-23 18:38:00,Closed,"Sec 107, 151 CrPC",Low,94.4,Standard Monitoring
KSP/BEN/2024/03205,THEFT,Bengaluru City,Hebbal,13.0509,77.5462,2024-10-19 02:35:00,Pending,Sec 379 IPC,Medium,98.3,Standard Monitoring
KSP/MAN/2024/03206,HURT / ASSAULT,Mangaluru,Surathkal,12.8579,74.833,2024-06-12 01:33:00,Charge Sheeted,"Sec 323, 324, 504 IPC",High,89.4,High Risk Zone
KSP/KAL/2024/03207,HURT / ASSAULT,Kalaburagi,Brahampur,17.3001,76.7636,2024-12-05 12:15:00,Charge Sheeted,"Sec 323, 324, 504 IPC",High,91.4,High Risk Zone
KSP/TUM/2025/03208,THEFT,Tumakuru,Gubbi,13.4101,77.0259,2025-08-02 18:08:00,Investigating,Sec 379 IPC,Medium,96.1,Standard Monitoring
KSP/BID/2026/03209,BURGLARY / HOUSE BREAKING,Bidar,Gandhi Gunj,17.9075,77.5262,2026-04-10 06:33:00,Closed,"Sec 454, 457, 380 IPC",High,95.5,High Risk Zone
KSP/BEN/2026/03210,THEFT,Bengaluru City,Jayanagar,13.0187,77.5978,2026-01-23 09:49:00,Pending,Sec 379 IPC,Medium,92.0,Standard Monitoring
KSP/UDU/2025/03211,CrPC OFFENCES,Udupi,Manipal,13.3509,74.6705,2025-11-01 03:18:00,Charge Sheeted,"Sec 107, 151 CrPC",Low,96.2,Standard Monitoring
KSP/YAD/2025/03212,KPA 1963 VIOLATIONS,Yadgir,Town PS,16.7431,77.1892,2025-05-07 15:52:00,Investigating,"Sec 78, 87 KPA",Low,89.2,Standard Monitoring
KSP/BEN/2025/03213,MOTOR VEHICLE ACCIDENTS NON-FATAL,Bengaluru City,Indiranagar,13.0373,77.5929,2025-07-13 17:57:00,Solved,"Sec 279, 337 IPC",Medium,86.8,Standard Monitoring
KSP/BEN/2026/03214,MISSING PERSON,Bengaluru Dist,Devanahalli,13.0641,77.5942,2026-05-14 05:53:00,Pending,Sec 363 IPC,Medium,96.0,Standard Monitoring
KSP/UDU/2025/03215,BURGLARY / HOUSE BREAKING,Udupi,Town PS,13.2618,74.8123,2025-06-29 14:21:00,Solved,"Sec 454, 457, 380 IPC",High,86.6,High Risk Zone
KSP/BEN/2025/03216,CrPC OFFENCES,Bengaluru City,Hebbal,12.899,77.5658,2025-01-08 00:39:00,Charge Sheeted,"Sec 107, 151 CrPC",Low,91.3,Standard Monitoring
KSP/BEN/2025/03217,KPA 1963 VIOLATIONS,Bengaluru City,Indiranagar,12.9872,77.5356,2025-12-26 22:16:00,Pending,"Sec 78, 87 KPA",Low,96.2,Standard Monitoring
KSP/UDU/2024/03218,MISSING PERSON,Udupi,Kundapura,13.2697,74.7527,2024-02-12 05:08:00,Solved,Sec 363 IPC,Medium,98.5,Standard Monitoring
KSP/BEN/2024/03219,CrPC OFFENCES,Bengaluru City,Electronic City,12.9451,77.6023,2024-03-15 11:37:00,Charge Sheeted,"Sec 107, 151 CrPC",Low,91.2,Standard Monitoring
KSP/UTT/2024/03220,CrPC OFFENCES,Uttara Kannada,Karwar Town,14.768,74.1941,2024-04-07 03:39:00,Pending,"Sec 107, 151 CrPC",Low,93.9,Standard Monitoring
KSP/HAV/2025/03221,CrPC OFFENCES,Haveri,Town PS,14.8275,75.3549,2025-12-27 09:16:00,Investigating,"Sec 107, 151 CrPC",Low,91.4,Standard Monitoring
KSP/TUM/2024/03222,THEFT,Tumakuru,Sira,13.3338,77.1133,2024-07-11 05:54:00,Closed,Sec 379 IPC,Medium,89.3,Standard Monitoring
KSP/BEN/2024/03223,BURGLARY / HOUSE BREAKING,Bengaluru City,Electronic City,13.032,77.6074,2024-12-21 00:34:00,Charge Sheeted,"Sec 454, 457, 380 IPC",High,90.9,High Risk Zone
KSP/BEN/2026/03224,HURT / ASSAULT,Bengaluru City,Whitefield,12.9353,77.5801,2026-06-15 19:13:00,Solved,"Sec 323, 324, 504 IPC",High,86.3,High Risk Zone
KSP/BAG/2026/03225,CrPC OFFENCES,Bagalkote,Jamkhandi,16.1775,75.7752,2026-02-10 09:55:00,Pending,"Sec 107, 151 CrPC",Low,96.6,Standard Monitoring
KSP/MAN/2025/03226,ROBBERY / DACOITY,Mangaluru,Kadri,12.9383,74.8809,2025-03-02 14:12:00,Pending,"Sec 392, 395 IPC",Critical,96.4,High Risk Zone
KSP/BEN/2025/03227,THEFT,Bengaluru City,Electronic City,12.9616,77.6704,2025-01-21 04:48:00,Charge Sheeted,Sec 379 IPC,Medium,90.0,Standard Monitoring
KSP/BEN/2025/03228,MOTOR VEHICLE ACCIDENTS NON-FATAL,Bengaluru Dist,Doddaballapura,13.0618,77.6512,2025-01-22 11:59:00,Closed,"Sec 279, 337 IPC",Medium,87.0,Standard Monitoring
KSP/SHI/2025/03229,HURT / ASSAULT,Shivamogga,Tunga Nagar,13.9234,75.5797,2025-03-22 17:55:00,Solved,"Sec 323, 324, 504 IPC",High,96.1,High Risk Zone
KSP/BEN/2026/03230,MISSING PERSON,Bengaluru City,Indiranagar,12.9404,77.6118,2026-02-21 15:35:00,Solved,Sec 363 IPC,Medium,88.4,Standard Monitoring
KSP/BEN/2024/03231,CYBER CRIME & FRAUD,Bengaluru City,Yelahanka,12.993,77.5806,2024-07-16 05:03:00,Charge Sheeted,"Sec 66D IT Act, 420 IPC",High,94.4,High Risk Zone
KSP/SHI/2025/03232,MOTOR VEHICLE ACCIDENTS NON-FATAL,Shivamogga,Bhadravathi,13.8699,75.5677,2025-06-22 09:28:00,Closed,"Sec 279, 337 IPC",Medium,94.1,Standard Monitoring
KSP/HUB/2025/03233,KPA 1963 VIOLATIONS,Hubballi-Dharwad,Suburban PS,15.372,75.0456,2025-04-07 00:18:00,Charge Sheeted,"Sec 78, 87 KPA",Low,93.3,Standard Monitoring
KSP/HAS/2026/03234,THEFT,Hassan,Gorur,12.9507,76.0593,2026-06-04 17:40:00,Pending,Sec 379 IPC,Medium,91.1,Standard Monitoring
KSP/MYS/2025/03235,KPA 1963 VIOLATIONS,Mysuru,Devaraja PS,12.255,76.5901,2025-03-12 10:32:00,Closed,"Sec 78, 87 KPA",Low,96.1,Standard Monitoring
KSP/BEL/2025/03236,THEFT,Belagavi,Camp PS,15.7708,74.5417,2025-01-24 00:37:00,Charge Sheeted,Sec 379 IPC,Medium,91.4,Standard Monitoring
KSP/KAL/2025/03237,ROBBERY / DACOITY,Kalaburagi,University PS,17.2723,76.7872,2025-01-23 22:56:00,Charge Sheeted,"Sec 392, 395 IPC",Critical,93.0,High Risk Zone
KSP/MAN/2026/03238,KPA 1963 VIOLATIONS,Mangaluru,Urwa,12.9517,74.8807,2026-06-12 06:11:00,Investigating,"Sec 78, 87 KPA",Low,90.1,Standard Monitoring
KSP/BEN/2025/03239,MOTOR VEHICLE ACCIDENTS NON-FATAL,Bengaluru City,Cubbon Park,12.8951,77.6367,2025-10-31 13:30:00,Investigating,"Sec 279, 337 IPC",Medium,92.2,Standard Monitoring
KSP/DAV/2025/03240,HURT / ASSAULT,Davanagere,Azad Nagar,14.4651,75.8527,2025-08-16 10:54:00,Closed,"Sec 323, 324, 504 IPC",High,95.8,High Risk Zone
KSP/BAG/2026/03241,HURT / ASSAULT,Bagalkote,Navanagar,16.1107,75.7696,2026-05-31 22:53:00,Closed,"Sec 323, 324, 504 IPC",High,85.9,High Risk Zone
KSP/YAD/2025/03242,MOTOR VEHICLE ACCIDENTS NON-FATAL,Yadgir,Shorapur,16.7277,77.1029,2025-11-29 18:09:00,Pending,"Sec 279, 337 IPC",Medium,96.3,Standard Monitoring
KSP/BEN/2025/03243,THEFT,Bengaluru City,Whitefield,12.9157,77.6736,2025-08-19 21:09:00,Charge Sheeted,Sec 379 IPC,Medium,88.6,Standard Monitoring
KSP/BEL/2024/03244,CrPC OFFENCES,Belagavi,Khade Bazar,15.9236,74.4819,2024-08-13 10:08:00,Closed,"Sec 107, 151 CrPC",Low,96.1,Standard Monitoring
KSP/BEN/2026/03245,NARCOTICS (NDPS),Bengaluru Dist,Devanahalli,13.0947,77.5165,2026-07-06 12:50:00,Pending,"Sec 20(b), 22 NDPS Act",Critical,89.8,High Risk Zone
KSP/BAL/2024/03246,CrPC OFFENCES,Ballari,Cowl Bazar,15.1296,76.8716,2024-12-26 20:02:00,Pending,"Sec 107, 151 CrPC",Low,90.6,Standard Monitoring
KSP/BEN/2024/03247,CYBER CRIME & FRAUD,Bengaluru City,Electronic City,12.9171,77.5201,2024-06-13 06:34:00,Closed,"Sec 66D IT Act, 420 IPC",High,92.3,High Risk Zone
KSP/CHI/2025/03248,MISSING PERSON,Chikkaballapura,Town PS,13.3866,77.7046,2025-10-03 16:31:00,Pending,Sec 363 IPC,Medium,96.0,Standard Monitoring
KSP/MYS/2024/03249,CYBER CRIME & FRAUD,Mysuru,Nazarbad,12.3604,76.6702,2024-12-03 01:36:00,Closed,"Sec 66D IT Act, 420 IPC",High,94.0,High Risk Zone
KSP/BEN/2026/03250,CrPC OFFENCES,Bengaluru City,Hebbal,12.9787,77.5512,2026-03-19 01:46:00,Charge Sheeted,"Sec 107, 151 CrPC",Low,91.3,Standard Monitoring
KSP/HUB/2026/03251,THEFT,Hubballi-Dharwad,Gokul Road,15.4247,75.1012,2026-06-13 01:21:00,Pending,Sec 379 IPC,Medium,89.0,Standard Monitoring
KSP/BEN/2025/03252,HURT / ASSAULT,Bengaluru City,Hebbal,12.9559,77.5782,2025-12-06 16:08:00,Closed,"Sec 323, 324, 504 IPC",High,97.5,High Risk Zone
KSP/TUM/2026/03253,BURGLARY / HOUSE BREAKING,Tumakuru,Tiptur,13.4171,77.1543,2026-04-29 17:37:00,Closed,"Sec 454, 457, 380 IPC",High,91.1,High Risk Zone
KSP/BEN/2025/03254,THEFT,Bengaluru City,Electronic City,12.9031,77.5351,2025-03-22 21:51:00,Solved,Sec 379 IPC,Medium,96.4,Standard Monitoring
KSP/BEN/2025/03255,HURT / ASSAULT,Bengaluru City,Electronic City,12.9957,77.6075,2025-08-10 19:57:00,Charge Sheeted,"Sec 323, 324, 504 IPC",High,93.5,High Risk Zone
KSP/BEN/2024/03256,CrPC OFFENCES,Bengaluru Dist,Nelamangala,13.088,77.6369,2024-11-13 12:06:00,Solved,"Sec 107, 151 CrPC",Low,92.6,Standard Monitoring
KSP/BAG/2025/03257,MOTOR VEHICLE ACCIDENTS NON-FATAL,Bagalkote,Ilkal,16.2458,75.6204,2025-04-08 01:16:00,Solved,"Sec 279, 337 IPC",Medium,89.6,Standard Monitoring
KSP/BEL/2026/03258,NARCOTICS (NDPS),Belagavi,Market PS,15.7977,74.5062,2026-06-11 00:04:00,Closed,"Sec 20(b), 22 NDPS Act",Critical,97.2,High Risk Zone
KSP/BEN/2025/03259,ROBBERY / DACOITY,Bengaluru Dist,Devanahalli,13.0472,77.653,2025-07-15 13:29:00,Charge Sheeted,"Sec 392, 395 IPC",Critical,91.0,High Risk Zone
KSP/BEN/2024/03260,MOTOR VEHICLE ACCIDENTS NON-FATAL,Bengaluru City,Jayanagar,12.9592,77.5652,2024-04-05 18:12:00,Closed,"Sec 279, 337 IPC",Medium,96.2,Standard Monitoring
KSP/UTT/2025/03261,KPA 1963 VIOLATIONS,Uttara Kannada,Karwar Town,14.8563,74.1615,2025-08-23 06:17:00,Charge Sheeted,"Sec 78, 87 KPA",Low,89.6,Standard Monitoring
KSP/KAL/2026/03262,HURT / ASSAULT,Kalaburagi,University PS,17.2529,76.7669,2026-01-14 10:49:00,Investigating,"Sec 323, 324, 504 IPC",High,96.8,High Risk Zone
KSP/CHI/2025/03263,KPA 1963 VIOLATIONS,Chikkamagaluru,Basavanahalli,13.3568,75.7691,2025-07-19 09:18:00,Investigating,"Sec 78, 87 KPA",Low,86.2,Standard Monitoring
KSP/BEN/2025/03264,KPA 1963 VIOLATIONS,Bengaluru City,Electronic City,13.0512,77.5289,2025-12-05 17:20:00,Solved,"Sec 78, 87 KPA",Low,86.0,Standard Monitoring
KSP/DAV/2026/03265,MOTOR VEHICLE ACCIDENTS NON-FATAL,Davanagere,Vidyanagar,14.4608,75.9284,2026-07-09 18:25:00,Solved,"Sec 279, 337 IPC",Medium,95.8,Standard Monitoring
KSP/BEN/2024/03266,MOTOR VEHICLE ACCIDENTS NON-FATAL,Bengaluru City,Cubbon Park,13.0247,77.566,2024-08-24 16:29:00,Pending,"Sec 279, 337 IPC",Medium,85.1,Standard Monitoring
KSP/KAL/2025/03267,HURT / ASSAULT,Kalaburagi,Ashok Nagar,17.3633,76.816,2025-04-16 23:27:00,Charge Sheeted,"Sec 323, 324, 504 IPC",High,95.7,High Risk Zone
KSP/MYS/2024/03268,BURGLARY / HOUSE BREAKING,Mysuru,Devaraja PS,12.2803,76.6072,2024-11-07 02:17:00,Pending,"Sec 454, 457, 380 IPC",High,95.9,High Risk Zone
KSP/SHI/2025/03269,MISSING PERSON,Shivamogga,Vinoba Nagar,13.9391,75.6004,2025-03-16 11:27:00,Charge Sheeted,Sec 363 IPC,Medium,92.0,Standard Monitoring
KSP/BEN/2026/03270,MOTOR VEHICLE ACCIDENTS NON-FATAL,Bengaluru City,Indiranagar,13.0186,77.5438,2026-01-10 01:35:00,Solved,"Sec 279, 337 IPC",Medium,94.6,Standard Monitoring
KSP/MAN/2025/03271,CrPC OFFENCES,Mangaluru,Surathkal,12.9934,74.8483,2025-10-07 18:12:00,Charge Sheeted,"Sec 107, 151 CrPC",Low,98.1,Standard Monitoring
KSP/BEN/2024/03272,CYBER CRIME & FRAUD,Bengaluru City,Indiranagar,13.0152,77.6164,2024-10-28 01:52:00,Charge Sheeted,"Sec 66D IT Act, 420 IPC",High,88.0,High Risk Zone
KSP/MYS/2024/03273,CYBER CRIME & FRAUD,Mysuru,Devaraja PS,12.3112,76.5803,2024-10-26 10:42:00,Investigating,"Sec 66D IT Act, 420 IPC",High,97.8,High Risk Zone
KSP/TUM/2025/03274,NARCOTICS (NDPS),Tumakuru,Tiptur,13.3263,77.1701,2025-08-13 21:32:00,Investigating,"Sec 20(b), 22 NDPS Act",Critical,86.3,High Risk Zone
KSP/DAV/2025/03275,MOTOR VEHICLE ACCIDENTS NON-FATAL,Davanagere,PJ Extension,14.4151,75.8488,2025-09-19 19:46:00,Charge Sheeted,"Sec 279, 337 IPC",Medium,97.2,Standard Monitoring
KSP/HUB/2026/03276,KPA 1963 VIOLATIONS,Hubballi-Dharwad,Suburban PS,15.2991,75.1013,2026-05-23 05:54:00,Investigating,"Sec 78, 87 KPA",Low,93.2,Standard Monitoring
KSP/CHA/2024/03277,HURT / ASSAULT,Chamarajanagar,Gundlupet,11.8905,76.9225,2024-03-14 14:07:00,Charge Sheeted,"Sec 323, 324, 504 IPC",High,86.1,High Risk Zone
KSP/BEN/2024/03278,MOTOR VEHICLE ACCIDENTS NON-FATAL,Bengaluru City,Jayanagar,12.953,77.6521,2024-06-18 18:05:00,Solved,"Sec 279, 337 IPC",Medium,91.3,Standard Monitoring
KSP/BEN/2025/03279,MISSING PERSON,Bengaluru City,Hebbal,13.0487,77.5987,2025-08-29 15:59:00,Pending,Sec 363 IPC,Medium,94.5,Standard Monitoring
KSP/BEN/2026/03280,BURGLARY / HOUSE BREAKING,Bengaluru City,Electronic City,12.9322,77.6452,2026-05-05 18:04:00,Investigating,"Sec 454, 457, 380 IPC",High,93.4,High Risk Zone
KSP/MYS/2025/03281,MOTOR VEHICLE ACCIDENTS NON-FATAL,Mysuru,Lashkar PS,12.2526,76.597,2025-07-30 01:27:00,Pending,"Sec 279, 337 IPC",Medium,96.7,Standard Monitoring
KSP/BEN/2025/03282,MOTOR VEHICLE ACCIDENTS NON-FATAL,Bengaluru City,Indiranagar,12.9221,77.6514,2025-02-01 14:16:00,Charge Sheeted,"Sec 279, 337 IPC",Medium,89.4,Standard Monitoring
KSP/BEN/2026/03283,MISSING PERSON,Bengaluru Dist,Nelamangala,13.1225,77.5092,2026-07-19 08:48:00,Solved,Sec 363 IPC,Medium,91.7,Standard Monitoring
KSP/MYS/2025/03284,MOTOR VEHICLE ACCIDENTS NON-FATAL,Mysuru,Vidyaranyapuram,12.3748,76.6241,2025-04-21 13:45:00,Pending,"Sec 279, 337 IPC",Medium,93.7,Standard Monitoring
KSP/BEN/2024/03285,CrPC OFFENCES,Bengaluru City,Cubbon Park,13.0103,77.6063,2024-12-07 12:34:00,Investigating,"Sec 107, 151 CrPC",Low,96.4,Standard Monitoring
KSP/CHI/2025/03286,MOTOR VEHICLE ACCIDENTS NON-FATAL,Chikkaballapura,Gauribidanur,13.365,77.8065,2025-04-13 03:16:00,Pending,"Sec 279, 337 IPC",Medium,88.1,Standard Monitoring
KSP/KOL/2024/03287,MISSING PERSON,Kolar,Gulpet,13.099,78.1747,2024-11-18 08:08:00,Charge Sheeted,Sec 363 IPC,Medium,95.6,Standard Monitoring
KSP/SHI/2025/03288,MOTOR VEHICLE ACCIDENTS NON-FATAL,Shivamogga,Doddapet,13.937,75.5898,2025-12-05 10:01:00,Solved,"Sec 279, 337 IPC",Medium,95.6,Standard Monitoring
KSP/TUM/2025/03289,MISSING PERSON,Tumakuru,Gubbi,13.3059,77.1527,2025-11-08 17:15:00,Closed,Sec 363 IPC,Medium,97.8,Standard Monitoring
KSP/BEN/2026/03290,THEFT,Bengaluru City,Indiranagar,12.9422,77.6584,2026-05-05 04:09:00,Solved,Sec 379 IPC,Medium,96.1,Standard Monitoring
KSP/CHI/2024/03291,MOTOR VEHICLE ACCIDENTS NON-FATAL,Chikkaballapura,Gauribidanur,13.4319,77.6995,2024-01-09 03:08:00,Charge Sheeted,"Sec 279, 337 IPC",Medium,93.7,Standard Monitoring
KSP/HAV/2024/03292,THEFT,Haveri,Byadgi,14.8126,75.3351,2024-09-10 14:33:00,Closed,Sec 379 IPC,Medium,89.8,Standard Monitoring
KSP/CHI/2024/03293,MISSING PERSON,Chitradurga,Town PS,14.2913,76.4732,2024-07-22 06:44:00,Investigating,Sec 363 IPC,Medium,85.2,Standard Monitoring
KSP/BEN/2024/03294,CrPC OFFENCES,Bengaluru City,Koramangala,13.0444,77.6185,2024-09-01 00:26:00,Closed,"Sec 107, 151 CrPC",Low,87.6,Standard Monitoring
KSP/BEN/2025/03295,HURT / ASSAULT,Bengaluru City,Yelahanka,12.9894,77.5689,2025-04-09 01:56:00,Solved,"Sec 323, 324, 504 IPC",High,95.3,High Risk Zone
KSP/VIJ/2024/03296,THEFT,Vijayanagara,Kudligi,15.2281,76.3572,2024-09-20 11:35:00,Closed,Sec 379 IPC,Medium,97.6,Standard Monitoring
KSP/TUM/2026/03297,CrPC OFFENCES,Tumakuru,Sira,13.3699,77.1436,2026-01-03 17:39:00,Charge Sheeted,"Sec 107, 151 CrPC",Low,90.1,Standard Monitoring
KSP/MYS/2024/03298,MOTOR VEHICLE ACCIDENTS NON-FATAL,Mysuru,Vidyaranyapuram,12.2801,76.6004,2024-07-23 10:19:00,Pending,"Sec 279, 337 IPC",Medium,98.2,Standard Monitoring
KSP/BEN/2024/03299,THEFT,Bengaluru Dist,Nelamangala,13.1347,77.6108,2024-11-12 22:16:00,Investigating,Sec 379 IPC,Medium,91.8,Standard Monitoring
KSP/CHI/2026/03300,MOTOR VEHICLE ACCIDENTS NON-FATAL,Chikkaballapura,Town PS,13.415,77.6909,2026-01-28 11:21:00,Solved,"Sec 279, 337 IPC",Medium,85.2,Standard Monitoring
KSP/BEN/2024/03301,NARCOTICS (NDPS),Bengaluru City,Hebbal,13.007,77.5149,2024-11-27 00:37:00,Charge Sheeted,"Sec 20(b), 22 NDPS Act",Critical,97.2,High Risk Zone
KSP/MYS/2024/03302,CrPC OFFENCES,Mysuru,Devaraja PS,12.2579,76.6037,2024-04-27 07:26:00,Pending,"Sec 107, 151 CrPC",Low,86.2,Standard Monitoring
KSP/BEL/2024/03303,KPA 1963 VIOLATIONS,Belagavi,Tilakwadi,15.8293,74.5442,2024-04-11 10:35:00,Closed,"Sec 78, 87 KPA",Low,96.5,Standard Monitoring
KSP/HAS/2025/03304,ROBBERY / DACOITY,Hassan,Pension Mohalla,12.9384,76.1341,2025-12-11 02:24:00,Closed,"Sec 392, 395 IPC",Critical,94.3,High Risk Zone
KSP/BEN/2025/03305,CrPC OFFENCES,Bengaluru Dist,Devanahalli,13.0402,77.5978,2025-05-07 19:39:00,Pending,"Sec 107, 151 CrPC",Low,92.8,Standard Monitoring
KSP/BEN/2024/03306,MOTOR VEHICLE ACCIDENTS NON-FATAL,Bengaluru City,Yelahanka,12.9207,77.6019,2024-09-28 12:40:00,Solved,"Sec 279, 337 IPC",Medium,93.3,Standard Monitoring
KSP/BEL/2026/03307,THEFT,Belagavi,Camp PS,15.7904,74.5125,2026-01-18 14:12:00,Pending,Sec 379 IPC,Medium,89.2,Standard Monitoring
KSP/BAG/2024/03308,ROBBERY / DACOITY,Bagalkote,Navanagar,16.1217,75.7062,2024-01-17 06:49:00,Investigating,"Sec 392, 395 IPC",Critical,97.6,High Risk Zone
KSP/BEN/2026/03309,CrPC OFFENCES,Bengaluru City,Koramangala,12.9217,77.6482,2026-07-14 02:12:00,Investigating,"Sec 107, 151 CrPC",Low,93.6,Standard Monitoring
KSP/BEN/2025/03310,MOTOR VEHICLE ACCIDENTS NON-FATAL,Bengaluru City,Whitefield,12.926,77.6244,2025-04-26 07:57:00,Charge Sheeted,"Sec 279, 337 IPC",Medium,90.2,Standard Monitoring
KSP/YAD/2025/03311,THEFT,Yadgir,Shorapur,16.8316,77.196,2025-02-21 17:48:00,Charge Sheeted,Sec 379 IPC,Medium,98.0,Standard Monitoring
KSP/BEN/2026/03312,MOTOR VEHICLE ACCIDENTS NON-FATAL,Bengaluru City,Cubbon Park,12.9103,77.5349,2026-06-25 03:16:00,Closed,"Sec 279, 337 IPC",Medium,96.8,Standard Monitoring
KSP/HUB/2025/03313,MISSING PERSON,Hubballi-Dharwad,Dharwad Town,15.3946,75.1711,2025-05-06 23:39:00,Pending,Sec 363 IPC,Medium,90.0,Standard Monitoring
KSP/BAG/2025/03314,THEFT,Bagalkote,Ilkal,16.1502,75.7383,2025-03-24 10:05:00,Closed,Sec 379 IPC,Medium,86.9,Standard Monitoring
KSP/CHI/2025/03315,MOTOR VEHICLE ACCIDENTS NON-FATAL,Chikkaballapura,Town PS,13.3806,77.6582,2025-01-05 03:14:00,Closed,"Sec 279, 337 IPC",Medium,92.2,Standard Monitoring
KSP/UDU/2024/03316,CrPC OFFENCES,Udupi,Kundapura,13.2878,74.7879,2024-08-09 16:25:00,Solved,"Sec 107, 151 CrPC",Low,89.9,Standard Monitoring
KSP/BEL/2024/03317,THEFT,Belagavi,Market PS,15.82,74.486,2024-05-14 19:32:00,Charge Sheeted,Sec 379 IPC,Medium,90.1,Standard Monitoring
KSP/BEN/2026/03318,BURGLARY / HOUSE BREAKING,Bengaluru Dist,Nelamangala,13.0623,77.513,2026-04-30 13:16:00,Solved,"Sec 454, 457, 380 IPC",High,93.4,High Risk Zone
KSP/BEL/2025/03319,MOTOR VEHICLE ACCIDENTS NON-FATAL,Belagavi,Khade Bazar,15.8086,74.5708,2025-09-10 10:15:00,Solved,"Sec 279, 337 IPC",Medium,97.2,Standard Monitoring
KSP/BEN/2025/03320,ROBBERY / DACOITY,Bengaluru City,Koramangala,12.9804,77.5684,2025-02-25 13:51:00,Closed,"Sec 392, 395 IPC",Critical,97.3,High Risk Zone
KSP/KOL/2025/03321,CYBER CRIME & FRAUD,Kolar,Robertsonpet,13.1904,78.0628,2025-12-16 13:31:00,Charge Sheeted,"Sec 66D IT Act, 420 IPC",High,94.3,High Risk Zone
KSP/BEN/2026/03322,MOTOR VEHICLE ACCIDENTS NON-FATAL,Bengaluru City,Jayanagar,12.908,77.5777,2026-05-20 14:39:00,Pending,"Sec 279, 337 IPC",Medium,95.8,Standard Monitoring
KSP/BAL/2025/03323,MOTOR VEHICLE ACCIDENTS NON-FATAL,Ballari,Gandhinagar,15.1593,76.886,2025-11-04 05:03:00,Investigating,"Sec 279, 337 IPC",Medium,89.9,Standard Monitoring
KSP/TUM/2024/03324,KPA 1963 VIOLATIONS,Tumakuru,Town PS,13.3073,77.0478,2024-01-31 17:33:00,Charge Sheeted,"Sec 78, 87 KPA",Low,96.6,Standard Monitoring
KSP/MYS/2024/03325,KPA 1963 VIOLATIONS,Mysuru,Devaraja PS,12.3667,76.6113,2024-06-13 17:29:00,Investigating,"Sec 78, 87 KPA",Low,88.5,Standard Monitoring
KSP/MAN/2025/03326,KPA 1963 VIOLATIONS,Mangaluru,Panambur,12.8513,74.9021,2025-06-26 07:55:00,Investigating,"Sec 78, 87 KPA",Low,96.9,Standard Monitoring
KSP/BEN/2026/03327,MOTOR VEHICLE ACCIDENTS NON-FATAL,Bengaluru City,Hebbal,12.9386,77.6488,2026-07-17 16:30:00,Pending,"Sec 279, 337 IPC",Medium,93.7,Standard Monitoring
KSP/MYS/2025/03328,MOTOR VEHICLE ACCIDENTS NON-FATAL,Mysuru,KRS Road,12.3286,76.637,2025-03-23 15:13:00,Investigating,"Sec 279, 337 IPC",Medium,85.7,Standard Monitoring
KSP/VIJ/2026/03329,BURGLARY / HOUSE BREAKING,Vijayanagara,Kudligi,15.3362,76.4372,2026-03-10 18:09:00,Solved,"Sec 454, 457, 380 IPC",High,98.1,High Risk Zone
KSP/MAN/2024/03330,THEFT,Mangaluru,Panambur,12.9657,74.9324,2024-07-18 01:54:00,Closed,Sec 379 IPC,Medium,85.7,Standard Monitoring
KSP/BEN/2026/03331,THEFT,Bengaluru City,Yelahanka,13.031,77.5449,2026-06-29 06:17:00,Closed,Sec 379 IPC,Medium,89.2,Standard Monitoring
KSP/MAN/2025/03332,MOTOR VEHICLE ACCIDENTS NON-FATAL,Mandya,Maddur,12.5343,76.8919,2025-03-07 01:21:00,Closed,"Sec 279, 337 IPC",Medium,89.9,Standard Monitoring
KSP/CHI/2025/03333,THEFT,Chikkamagaluru,Tarikere,13.3092,75.844,2025-06-03 03:22:00,Pending,Sec 379 IPC,Medium,97.1,Standard Monitoring
KSP/BEN/2026/03334,KPA 1963 VIOLATIONS,Bengaluru City,Indiranagar,12.9381,77.5332,2026-01-11 22:48:00,Charge Sheeted,"Sec 78, 87 KPA",Low,90.4,Standard Monitoring
KSP/VIJ/2025/03335,THEFT,Vijayapura,Adarsh Nagar,16.8491,75.7544,2025-09-27 17:29:00,Investigating,Sec 379 IPC,Medium,88.8,Standard Monitoring
KSP/BEN/2024/03336,HURT / ASSAULT,Bengaluru Dist,Nelamangala,13.1238,77.587,2024-10-04 06:08:00,Pending,"Sec 323, 324, 504 IPC",High,86.5,High Risk Zone
KSP/BEL/2024/03337,ROBBERY / DACOITY,Belagavi,Gokak,15.7769,74.5929,2024-07-17 15:13:00,Solved,"Sec 392, 395 IPC",Critical,96.7,High Risk Zone
KSP/BEN/2024/03338,HURT / ASSAULT,Bengaluru City,Jayanagar,12.9165,77.5647,2024-05-17 20:51:00,Pending,"Sec 323, 324, 504 IPC",High,87.3,High Risk Zone
KSP/BAG/2024/03339,KPA 1963 VIOLATIONS,Bagalkote,Town PS,16.2056,75.6842,2024-02-22 05:20:00,Pending,"Sec 78, 87 KPA",Low,95.7,Standard Monitoring
KSP/MAN/2024/03340,KPA 1963 VIOLATIONS,Mandya,East PS,12.4808,76.961,2024-07-08 17:12:00,Charge Sheeted,"Sec 78, 87 KPA",Low,93.9,Standard Monitoring
KSP/HAV/2026/03341,ROBBERY / DACOITY,Haveri,Town PS,14.8109,75.3394,2026-02-01 01:49:00,Solved,"Sec 392, 395 IPC",Critical,91.6,High Risk Zone
KSP/BEN/2025/03342,CrPC OFFENCES,Bengaluru City,Hebbal,12.9324,77.5906,2025-12-31 15:16:00,Closed,"Sec 107, 151 CrPC",Low,85.6,Standard Monitoring
KSP/MAN/2025/03343,HURT / ASSAULT,Mandya,Central PS,12.5196,76.8442,2025-12-24 09:48:00,Investigating,"Sec 323, 324, 504 IPC",High,93.0,High Risk Zone
KSP/BEN/2025/03344,NARCOTICS (NDPS),Bengaluru City,Jayanagar,12.9204,77.5903,2025-03-18 22:14:00,Solved,"Sec 20(b), 22 NDPS Act",Critical,97.1,High Risk Zone
KSP/BEN/2026/03345,MOTOR VEHICLE ACCIDENTS NON-FATAL,Bengaluru City,Koramangala,12.997,77.5606,2026-03-03 03:29:00,Solved,"Sec 279, 337 IPC",Medium,90.7,Standard Monitoring
KSP/MYS/2024/03346,MOTOR VEHICLE ACCIDENTS NON-FATAL,Mysuru,KRS Road,12.2541,76.6349,2024-09-11 09:28:00,Closed,"Sec 279, 337 IPC",Medium,88.6,Standard Monitoring
KSP/HUB/2025/03347,BURGLARY / HOUSE BREAKING,Hubballi-Dharwad,Gokul Road,15.3535,75.1795,2025-12-29 10:24:00,Solved,"Sec 454, 457, 380 IPC",High,93.4,High Risk Zone
KSP/BEN/2025/03348,CrPC OFFENCES,Bengaluru Dist,Hosakote,13.0575,77.653,2025-09-25 18:36:00,Charge Sheeted,"Sec 107, 151 CrPC",Low,94.5,Standard Monitoring
KSP/KAL/2025/03349,HURT / ASSAULT,Kalaburagi,Ashok Nagar,17.3036,76.8604,2025-08-30 16:37:00,Pending,"Sec 323, 324, 504 IPC",High,89.0,High Risk Zone
KSP/UDU/2025/03350,MISSING PERSON,Udupi,Kundapura,13.3506,74.7649,2025-10-20 19:59:00,Closed,Sec 363 IPC,Medium,94.1,Standard Monitoring
KSP/BEN/2026/03351,THEFT,Bengaluru City,Jayanagar,12.9545,77.6463,2026-02-26 23:25:00,Pending,Sec 379 IPC,Medium,96.8,Standard Monitoring
KSP/BAL/2024/03352,MOTOR VEHICLE ACCIDENTS NON-FATAL,Ballari,Brucepet,15.2255,76.8894,2024-03-24 09:35:00,Closed,"Sec 279, 337 IPC",Medium,93.0,Standard Monitoring
KSP/BEN/2026/03353,NARCOTICS (NDPS),Bengaluru City,Hebbal,13.0014,77.5985,2026-04-09 18:48:00,Solved,"Sec 20(b), 22 NDPS Act",Critical,90.8,High Risk Zone
KSP/MYS/2026/03354,MISSING PERSON,Mysuru,Devaraja PS,12.3512,76.714,2026-04-29 18:11:00,Investigating,Sec 363 IPC,Medium,87.7,Standard Monitoring
KSP/BAG/2024/03355,CrPC OFFENCES,Bagalkote,Ilkal,16.141,75.7652,2024-10-08 09:17:00,Investigating,"Sec 107, 151 CrPC",Low,90.7,Standard Monitoring
KSP/BEL/2024/03356,CrPC OFFENCES,Belagavi,Tilakwadi,15.8191,74.4623,2024-04-16 22:58:00,Charge Sheeted,"Sec 107, 151 CrPC",Low,95.3,Standard Monitoring
KSP/KOL/2025/03357,MOTOR VEHICLE ACCIDENTS NON-FATAL,Kolar,Bangarapet,13.2013,78.1564,2025-01-19 14:44:00,Pending,"Sec 279, 337 IPC",Medium,87.4,Standard Monitoring
KSP/BEN/2024/03358,CYBER CRIME & FRAUD,Bengaluru City,Koramangala,12.907,77.5439,2024-08-06 07:29:00,Solved,"Sec 66D IT Act, 420 IPC",High,87.7,High Risk Zone
KSP/BAG/2025/03359,MOTOR VEHICLE ACCIDENTS NON-FATAL,Bagalkote,Jamkhandi,16.1428,75.6468,2025-08-23 21:35:00,Solved,"Sec 279, 337 IPC",Medium,89.7,Standard Monitoring
KSP/DAV/2025/03360,THEFT,Davanagere,Azad Nagar,14.5348,75.9324,2025-02-12 10:54:00,Solved,Sec 379 IPC,Medium,93.4,Standard Monitoring
KSP/KAL/2025/03361,CYBER CRIME & FRAUD,Kalaburagi,University PS,17.3292,76.8226,2025-08-02 18:56:00,Charge Sheeted,"Sec 66D IT Act, 420 IPC",High,87.2,High Risk Zone
KSP/SHI/2024/03362,ROBBERY / DACOITY,Shivamogga,Doddapet,13.8905,75.5877,2024-07-28 19:44:00,Charge Sheeted,"Sec 392, 395 IPC",Critical,94.1,High Risk Zone
KSP/HUB/2024/03363,KPA 1963 VIOLATIONS,Hubballi-Dharwad,Gokul Road,15.3932,75.1909,2024-06-09 03:58:00,Charge Sheeted,"Sec 78, 87 KPA",Low,93.2,Standard Monitoring
KSP/BEN/2025/03364,CrPC OFFENCES,Bengaluru City,Electronic City,12.9106,77.6213,2025-05-08 05:33:00,Pending,"Sec 107, 151 CrPC",Low,89.6,Standard Monitoring
KSP/BAL/2025/03365,KPA 1963 VIOLATIONS,Ballari,Hospet Town,15.0701,76.9254,2025-04-27 17:28:00,Solved,"Sec 78, 87 KPA",Low,92.4,Standard Monitoring
KSP/HAV/2025/03366,MOTOR VEHICLE ACCIDENTS NON-FATAL,Haveri,Ranebennur,14.848,75.3523,2025-08-18 10:12:00,Pending,"Sec 279, 337 IPC",Medium,86.2,Standard Monitoring
KSP/SHI/2025/03367,HURT / ASSAULT,Shivamogga,Vinoba Nagar,13.9547,75.6131,2025-09-24 12:33:00,Charge Sheeted,"Sec 323, 324, 504 IPC",High,98.2,High Risk Zone
KSP/BEN/2025/03368,KPA 1963 VIOLATIONS,Bengaluru Dist,Hosakote,13.0111,77.5918,2025-12-06 14:16:00,Solved,"Sec 78, 87 KPA",Low,93.2,Standard Monitoring
KSP/HUB/2025/03369,MOTOR VEHICLE ACCIDENTS NON-FATAL,Hubballi-Dharwad,Gokul Road,15.3045,75.1216,2025-08-21 16:34:00,Closed,"Sec 279, 337 IPC",Medium,87.1,Standard Monitoring
KSP/CHI/2025/03370,BURGLARY / HOUSE BREAKING,Chitradurga,Hiriyur,14.1825,76.4083,2025-01-25 18:21:00,Pending,"Sec 454, 457, 380 IPC",High,94.6,High Risk Zone
KSP/CHI/2025/03371,BURGLARY / HOUSE BREAKING,Chitradurga,Challakere,14.1648,76.4387,2025-08-29 15:40:00,Closed,"Sec 454, 457, 380 IPC",High,89.0,High Risk Zone
KSP/HUB/2026/03372,KPA 1963 VIOLATIONS,Hubballi-Dharwad,Dharwad Town,15.4081,75.1761,2026-07-01 15:24:00,Closed,"Sec 78, 87 KPA",Low,95.3,Standard Monitoring
KSP/DAV/2024/03373,HURT / ASSAULT,Davanagere,Harihar,14.4051,75.9545,2024-03-30 03:54:00,Pending,"Sec 323, 324, 504 IPC",High,86.9,High Risk Zone
KSP/BEN/2025/03374,MOTOR VEHICLE ACCIDENTS NON-FATAL,Bengaluru City,Yelahanka,12.9658,77.5929,2025-09-15 00:58:00,Investigating,"Sec 279, 337 IPC",Medium,94.1,Standard Monitoring
KSP/KOD/2024/03375,HURT / ASSAULT,Kodagu,Gonikoppal,12.4325,75.7797,2024-03-25 04:09:00,Charge Sheeted,"Sec 323, 324, 504 IPC",High,93.1,High Risk Zone
KSP/VIJ/2025/03376,CrPC OFFENCES,Vijayapura,Gandhi Chowk,16.8011,75.7019,2025-07-18 22:03:00,Charge Sheeted,"Sec 107, 151 CrPC",Low,85.7,Standard Monitoring
KSP/VIJ/2025/03377,BURGLARY / HOUSE BREAKING,Vijayapura,Gandhi Chowk,16.8332,75.6961,2025-03-11 07:20:00,Charge Sheeted,"Sec 454, 457, 380 IPC",High,96.5,High Risk Zone
KSP/MAN/2025/03378,MOTOR VEHICLE ACCIDENTS NON-FATAL,Mandya,Maddur,12.5512,76.8517,2025-10-27 10:29:00,Investigating,"Sec 279, 337 IPC",Medium,93.5,Standard Monitoring
KSP/BEN/2025/03379,CYBER CRIME & FRAUD,Bengaluru Dist,Hosakote,13.0629,77.6258,2025-05-30 10:27:00,Charge Sheeted,"Sec 66D IT Act, 420 IPC",High,97.7,High Risk Zone
KSP/CHI/2025/03380,MOTOR VEHICLE ACCIDENTS NON-FATAL,Chikkamagaluru,Town PS,13.3359,75.7502,2025-12-31 16:18:00,Pending,"Sec 279, 337 IPC",Medium,91.2,Standard Monitoring
KSP/UTT/2025/03381,BURGLARY / HOUSE BREAKING,Uttara Kannada,Sirsi Town,14.8228,74.0711,2025-11-22 07:51:00,Pending,"Sec 454, 457, 380 IPC",High,97.5,High Risk Zone
KSP/BEN/2025/03382,HURT / ASSAULT,Bengaluru Dist,Nelamangala,13.1161,77.5093,2025-04-06 12:44:00,Investigating,"Sec 323, 324, 504 IPC",High,89.4,High Risk Zone
KSP/MAN/2025/03383,BURGLARY / HOUSE BREAKING,Mangaluru,Urwa,12.8877,74.8345,2025-04-26 03:47:00,Investigating,"Sec 454, 457, 380 IPC",High,86.2,High Risk Zone
KSP/CHI/2024/03384,CrPC OFFENCES,Chitradurga,Challakere,14.2227,76.3859,2024-10-20 22:48:00,Investigating,"Sec 107, 151 CrPC",Low,85.1,Standard Monitoring
KSP/RAM/2025/03385,CrPC OFFENCES,Ramanagara,Ijoor PS,12.6544,77.3387,2025-12-03 06:53:00,Solved,"Sec 107, 151 CrPC",Low,94.3,Standard Monitoring
KSP/MYS/2024/03386,KPA 1963 VIOLATIONS,Mysuru,Vidyaranyapuram,12.2386,76.601,2024-04-02 03:03:00,Solved,"Sec 78, 87 KPA",Low,90.5,Standard Monitoring
KSP/DAV/2024/03387,MOTOR VEHICLE ACCIDENTS NON-FATAL,Davanagere,Vidyanagar,14.402,75.9935,2024-09-28 08:03:00,Closed,"Sec 279, 337 IPC",Medium,85.8,Standard Monitoring
KSP/BEN/2026/03388,KPA 1963 VIOLATIONS,Bengaluru City,Whitefield,12.901,77.5183,2026-04-23 19:41:00,Closed,"Sec 78, 87 KPA",Low,96.6,Standard Monitoring
KSP/BEN/2025/03389,MOTOR VEHICLE ACCIDENTS NON-FATAL,Bengaluru City,Electronic City,13.0358,77.5534,2025-01-27 19:30:00,Pending,"Sec 279, 337 IPC",Medium,93.3,Standard Monitoring
KSP/BID/2024/03390,THEFT,Bidar,Gandhi Gunj,17.841,77.4406,2024-07-25 13:39:00,Charge Sheeted,Sec 379 IPC,Medium,89.1,Standard Monitoring
KSP/BEN/2024/03391,NARCOTICS (NDPS),Bengaluru City,Jayanagar,12.9964,77.5763,2024-01-26 02:32:00,Solved,"Sec 20(b), 22 NDPS Act",Critical,95.0,High Risk Zone
KSP/BEN/2024/03392,MOTOR VEHICLE ACCIDENTS NON-FATAL,Bengaluru City,Electronic City,12.9273,77.5579,2024-09-24 20:57:00,Pending,"Sec 279, 337 IPC",Medium,90.6,Standard Monitoring
KSP/MAN/2025/03393,CrPC OFFENCES,Mangaluru,Kadri,12.8726,74.7908,2025-06-03 15:36:00,Investigating,"Sec 107, 151 CrPC",Low,87.5,Standard Monitoring
KSP/BAG/2026/03394,HURT / ASSAULT,Bagalkote,Navanagar,16.2536,75.7207,2026-05-23 16:32:00,Closed,"Sec 323, 324, 504 IPC",High,87.6,High Risk Zone
KSP/BEN/2024/03395,NARCOTICS (NDPS),Bengaluru City,Yelahanka,12.9288,77.6374,2024-05-17 19:34:00,Charge Sheeted,"Sec 20(b), 22 NDPS Act",Critical,93.8,High Risk Zone
KSP/KOL/2025/03396,THEFT,Kolar,Bangarapet,13.1898,78.1491,2025-07-29 12:12:00,Solved,Sec 379 IPC,Medium,96.8,Standard Monitoring
KSP/BEN/2025/03397,HURT / ASSAULT,Bengaluru Dist,Devanahalli,13.0296,77.6466,2025-08-11 16:34:00,Closed,"Sec 323, 324, 504 IPC",High,86.9,High Risk Zone
KSP/BEN/2026/03398,HURT / ASSAULT,Bengaluru City,Whitefield,13.0251,77.5432,2026-01-22 15:13:00,Closed,"Sec 323, 324, 504 IPC",High,93.4,High Risk Zone
KSP/BEN/2025/03399,CrPC OFFENCES,Bengaluru City,Koramangala,13.0153,77.6571,2025-07-02 10:07:00,Investigating,"Sec 107, 151 CrPC",Low,85.3,Standard Monitoring
KSP/UTT/2024/03400,CrPC OFFENCES,Uttara Kannada,Sirsi Town,14.7517,74.0582,2024-01-15 03:16:00,Investigating,"Sec 107, 151 CrPC",Low,89.9,Standard Monitoring
KSP/RAM/2025/03401,ROBBERY / DACOITY,Ramanagara,Channapatna,12.6537,77.285,2025-01-29 04:52:00,Charge Sheeted,"Sec 392, 395 IPC",Critical,86.7,High Risk Zone
KSP/BEN/2024/03402,NARCOTICS (NDPS),Bengaluru City,Electronic City,13.0434,77.5519,2024-11-19 23:04:00,Solved,"Sec 20(b), 22 NDPS Act",Critical,87.8,High Risk Zone
KSP/BID/2024/03403,MOTOR VEHICLE ACCIDENTS NON-FATAL,Bidar,Market PS,17.8529,77.5886,2024-05-13 01:37:00,Pending,"Sec 279, 337 IPC",Medium,88.6,Standard Monitoring
KSP/BEN/2024/03404,MISSING PERSON,Bengaluru Dist,Hosakote,13.1264,77.5337,2024-12-06 01:22:00,Investigating,Sec 363 IPC,Medium,86.1,Standard Monitoring
KSP/TUM/2025/03405,ROBBERY / DACOITY,Tumakuru,Tiptur,13.3035,77.0801,2025-08-02 10:00:00,Investigating,"Sec 392, 395 IPC",Critical,94.7,High Risk Zone
KSP/BEN/2026/03406,HURT / ASSAULT,Bengaluru Dist,Devanahalli,13.0077,77.6216,2026-03-09 02:08:00,Investigating,"Sec 323, 324, 504 IPC",High,85.6,High Risk Zone
KSP/KAL/2024/03407,MOTOR VEHICLE ACCIDENTS NON-FATAL,Kalaburagi,Station Bazar,17.3937,76.7782,2024-11-24 07:49:00,Investigating,"Sec 279, 337 IPC",Medium,92.3,Standard Monitoring
KSP/BEN/2025/03408,HURT / ASSAULT,Bengaluru Dist,Doddaballapura,13.0513,77.5845,2025-11-25 04:09:00,Solved,"Sec 323, 324, 504 IPC",High,95.4,High Risk Zone
KSP/BEN/2025/03409,CrPC OFFENCES,Bengaluru City,Indiranagar,13.004,77.5262,2025-02-11 18:28:00,Investigating,"Sec 107, 151 CrPC",Low,97.3,Standard Monitoring
KSP/BEN/2026/03410,THEFT,Bengaluru City,Whitefield,13.0352,77.6008,2026-05-14 22:40:00,Investigating,Sec 379 IPC,Medium,86.2,Standard Monitoring
KSP/KOD/2024/03411,MOTOR VEHICLE ACCIDENTS NON-FATAL,Kodagu,Madikeri Town,12.4386,75.8035,2024-11-16 04:55:00,Investigating,"Sec 279, 337 IPC",Medium,94.3,Standard Monitoring
KSP/MYS/2024/03412,MOTOR VEHICLE ACCIDENTS NON-FATAL,Mysuru,Vidyaranyapuram,12.3045,76.5978,2024-07-05 16:21:00,Closed,"Sec 279, 337 IPC",Medium,96.3,Standard Monitoring
KSP/BEN/2024/03413,CrPC OFFENCES,Bengaluru City,Cubbon Park,12.9423,77.5931,2024-12-16 14:16:00,Solved,"Sec 107, 151 CrPC",Low,90.9,Standard Monitoring
KSP/BEN/2025/03414,MOTOR VEHICLE ACCIDENTS NON-FATAL,Bengaluru City,Cubbon Park,12.9015,77.6352,2025-09-19 19:37:00,Pending,"Sec 279, 337 IPC",Medium,98.2,Standard Monitoring
KSP/VIJ/2025/03415,HURT / ASSAULT,Vijayanagara,Kudligi,15.2233,76.4578,2025-09-27 10:33:00,Pending,"Sec 323, 324, 504 IPC",High,89.2,High Risk Zone
KSP/HUB/2024/03416,KPA 1963 VIOLATIONS,Hubballi-Dharwad,Kamripeth,15.3782,75.1879,2024-12-18 16:45:00,Investigating,"Sec 78, 87 KPA",Low,97.6,Standard Monitoring
KSP/SHI/2024/03417,KPA 1963 VIOLATIONS,Shivamogga,Tunga Nagar,14.0097,75.5771,2024-02-18 02:13:00,Solved,"Sec 78, 87 KPA",Low,94.7,Standard Monitoring
KSP/BAG/2025/03418,MOTOR VEHICLE ACCIDENTS NON-FATAL,Bagalkote,Jamkhandi,16.23,75.6243,2025-05-09 19:13:00,Closed,"Sec 279, 337 IPC",Medium,89.3,Standard Monitoring
KSP/UDU/2024/03419,MOTOR VEHICLE ACCIDENTS NON-FATAL,Udupi,Manipal,13.3486,74.8127,2024-08-09 12:49:00,Solved,"Sec 279, 337 IPC",Medium,89.0,Standard Monitoring
KSP/DAV/2026/03420,KPA 1963 VIOLATIONS,Davanagere,Harihar,14.4409,75.8915,2026-03-15 15:02:00,Pending,"Sec 78, 87 KPA",Low,86.6,Standard Monitoring
KSP/BAG/2024/03421,MOTOR VEHICLE ACCIDENTS NON-FATAL,Bagalkote,Jamkhandi,16.1927,75.6621,2024-11-18 22:24:00,Charge Sheeted,"Sec 279, 337 IPC",Medium,87.7,Standard Monitoring
KSP/YAD/2025/03422,HURT / ASSAULT,Yadgir,Town PS,16.685,77.2177,2025-04-12 14:32:00,Charge Sheeted,"Sec 323, 324, 504 IPC",High,90.9,High Risk Zone
KSP/BEL/2025/03423,MISSING PERSON,Belagavi,Market PS,15.8004,74.4606,2025-09-17 04:13:00,Pending,Sec 363 IPC,Medium,93.0,Standard Monitoring
KSP/KOL/2026/03424,KPA 1963 VIOLATIONS,Kolar,Gulpet,13.1166,78.0699,2026-07-22 07:15:00,Solved,"Sec 78, 87 KPA",Low,89.9,Standard Monitoring
KSP/HUB/2026/03425,HURT / ASSAULT,Hubballi-Dharwad,Kamripeth,15.3271,75.1793,2026-02-15 08:35:00,Closed,"Sec 323, 324, 504 IPC",High,93.8,High Risk Zone
KSP/SHI/2025/03426,KPA 1963 VIOLATIONS,Shivamogga,Doddapet,13.9381,75.5377,2025-04-17 06:37:00,Closed,"Sec 78, 87 KPA",Low,91.8,Standard Monitoring
KSP/BEN/2026/03427,KPA 1963 VIOLATIONS,Bengaluru Dist,Devanahalli,13.0957,77.5404,2026-05-01 09:21:00,Investigating,"Sec 78, 87 KPA",Low,91.0,Standard Monitoring
KSP/BEL/2026/03428,MOTOR VEHICLE ACCIDENTS NON-FATAL,Belagavi,Market PS,15.8027,74.5649,2026-05-12 16:38:00,Investigating,"Sec 279, 337 IPC",Medium,86.4,Standard Monitoring
KSP/BEN/2025/03429,HURT / ASSAULT,Bengaluru City,Hebbal,12.9981,77.5192,2025-11-15 23:38:00,Pending,"Sec 323, 324, 504 IPC",High,93.2,High Risk Zone
KSP/BEL/2026/03430,BURGLARY / HOUSE BREAKING,Belagavi,Tilakwadi,15.8874,74.5597,2026-04-29 03:21:00,Charge Sheeted,"Sec 454, 457, 380 IPC",High,89.4,High Risk Zone
KSP/CHA/2024/03431,CrPC OFFENCES,Chamarajanagar,Gundlupet,11.8634,76.9519,2024-01-18 14:44:00,Investigating,"Sec 107, 151 CrPC",Low,98.1,Standard Monitoring
KSP/BEN/2026/03432,MOTOR VEHICLE ACCIDENTS NON-FATAL,Bengaluru Dist,Nelamangala,13.0125,77.5411,2026-01-25 08:44:00,Closed,"Sec 279, 337 IPC",Medium,95.1,Standard Monitoring
KSP/VIJ/2026/03433,MISSING PERSON,Vijayanagara,Hospet Town,15.2212,76.334,2026-01-23 21:20:00,Pending,Sec 363 IPC,Medium,87.9,Standard Monitoring
KSP/VIJ/2025/03434,CYBER CRIME & FRAUD,Vijayapura,Gol Gumbaz PS,16.785,75.6475,2025-06-20 14:05:00,Solved,"Sec 66D IT Act, 420 IPC",High,96.1,High Risk Zone
KSP/BEN/2025/03435,HURT / ASSAULT,Bengaluru Dist,Devanahalli,13.0119,77.6118,2025-12-13 18:42:00,Investigating,"Sec 323, 324, 504 IPC",High,93.3,High Risk Zone
KSP/HAS/2024/03436,CrPC OFFENCES,Hassan,Gorur,12.929,76.1148,2024-11-02 07:40:00,Pending,"Sec 107, 151 CrPC",Low,90.1,Standard Monitoring
KSP/MAN/2024/03437,HURT / ASSAULT,Mangaluru,Urwa,12.9505,74.7869,2024-03-06 23:05:00,Charge Sheeted,"Sec 323, 324, 504 IPC",High,88.7,High Risk Zone
KSP/BAL/2024/03438,HURT / ASSAULT,Ballari,Cowl Bazar,15.113,76.8525,2024-04-08 15:30:00,Solved,"Sec 323, 324, 504 IPC",High,93.2,High Risk Zone
KSP/BEN/2025/03439,CrPC OFFENCES,Bengaluru City,Yelahanka,12.9712,77.6177,2025-10-27 05:15:00,Charge Sheeted,"Sec 107, 151 CrPC",Low,96.8,Standard Monitoring
KSP/TUM/2026/03440,MOTOR VEHICLE ACCIDENTS NON-FATAL,Tumakuru,Kyatsandra,13.3196,77.1501,2026-06-09 08:52:00,Closed,"Sec 279, 337 IPC",Medium,88.1,Standard Monitoring
KSP/DAV/2026/03441,HURT / ASSAULT,Davanagere,Harihar,14.4198,75.916,2026-03-20 08:20:00,Closed,"Sec 323, 324, 504 IPC",High,90.7,High Risk Zone
KSP/BEN/2025/03442,THEFT,Bengaluru City,Whitefield,13.0391,77.5948,2025-02-26 09:38:00,Pending,Sec 379 IPC,Medium,93.9,Standard Monitoring
KSP/UDU/2024/03443,BURGLARY / HOUSE BREAKING,Udupi,Kundapura,13.3507,74.7672,2024-03-17 04:53:00,Solved,"Sec 454, 457, 380 IPC",High,92.3,High Risk Zone
KSP/HAS/2024/03444,HURT / ASSAULT,Hassan,City PS,13.0415,76.109,2024-05-04 12:18:00,Solved,"Sec 323, 324, 504 IPC",High,97.6,High Risk Zone
KSP/BEN/2024/03445,CrPC OFFENCES,Bengaluru City,Yelahanka,13.0155,77.5766,2024-11-05 19:22:00,Closed,"Sec 107, 151 CrPC",Low,88.4,Standard Monitoring
KSP/GAD/2025/03446,CrPC OFFENCES,Gadag,Town PS,15.3805,75.6168,2025-07-22 12:47:00,Solved,"Sec 107, 151 CrPC",Low,89.6,Standard Monitoring
KSP/TUM/2025/03447,MOTOR VEHICLE ACCIDENTS NON-FATAL,Tumakuru,Sira,13.3028,77.1084,2025-02-23 05:52:00,Charge Sheeted,"Sec 279, 337 IPC",Medium,88.5,Standard Monitoring
KSP/BEN/2025/03448,MISSING PERSON,Bengaluru City,Jayanagar,12.912,77.6233,2025-02-26 13:16:00,Closed,Sec 363 IPC,Medium,93.0,Standard Monitoring
KSP/HAS/2024/03449,MISSING PERSON,Hassan,Gorur,12.9882,76.1136,2024-02-09 14:18:00,Closed,Sec 363 IPC,Medium,93.0,Standard Monitoring
KSP/BEN/2025/03450,MISSING PERSON,Bengaluru City,Koramangala,13.0407,77.5181,2025-01-27 22:21:00,Investigating,Sec 363 IPC,Medium,92.6,Standard Monitoring
KSP/BEL/2024/03451,BURGLARY / HOUSE BREAKING,Belagavi,Tilakwadi,15.818,74.5735,2024-03-02 21:23:00,Charge Sheeted,"Sec 454, 457, 380 IPC",High,89.2,High Risk Zone
KSP/MYS/2024/03452,HURT / ASSAULT,Mysuru,KRS Road,12.2442,76.6798,2024-11-14 09:50:00,Investigating,"Sec 323, 324, 504 IPC",High,94.9,High Risk Zone
KSP/BID/2025/03453,THEFT,Bidar,Basavakalyan,17.9529,77.5792,2025-11-06 19:20:00,Pending,Sec 379 IPC,Medium,87.7,Standard Monitoring
KSP/RAM/2025/03454,HURT / ASSAULT,Ramanagara,Channapatna,12.7391,77.3001,2025-09-14 13:06:00,Solved,"Sec 323, 324, 504 IPC",High,89.2,High Risk Zone
KSP/HUB/2025/03455,THEFT,Hubballi-Dharwad,Suburban PS,15.3309,75.1177,2025-09-01 20:17:00,Charge Sheeted,Sec 379 IPC,Medium,97.7,Standard Monitoring
KSP/UDU/2026/03456,MOTOR VEHICLE ACCIDENTS NON-FATAL,Udupi,Kundapura,13.4194,74.7297,2026-07-20 07:56:00,Solved,"Sec 279, 337 IPC",Medium,85.7,Standard Monitoring
KSP/BEN/2024/03457,MOTOR VEHICLE ACCIDENTS NON-FATAL,Bengaluru City,Whitefield,12.9456,77.5661,2024-03-29 10:40:00,Investigating,"Sec 279, 337 IPC",Medium,89.5,Standard Monitoring
KSP/TUM/2024/03458,MISSING PERSON,Tumakuru,Town PS,13.3704,77.0983,2024-07-26 23:03:00,Charge Sheeted,Sec 363 IPC,Medium,94.3,Standard Monitoring
KSP/RAI/2025/03459,MISSING PERSON,Raichur,Manvi,16.196,77.3541,2025-09-19 17:23:00,Pending,Sec 363 IPC,Medium,88.1,Standard Monitoring
KSP/DAV/2025/03460,THEFT,Davanagere,Vidyanagar,14.5343,75.988,2025-05-20 01:03:00,Pending,Sec 379 IPC,Medium,94.6,Standard Monitoring
KSP/KOL/2025/03461,CYBER CRIME & FRAUD,Kolar,Gulpet,13.1697,78.0988,2025-11-21 12:58:00,Pending,"Sec 66D IT Act, 420 IPC",High,88.7,High Risk Zone
KSP/BEN/2024/03462,MOTOR VEHICLE ACCIDENTS NON-FATAL,Bengaluru City,Cubbon Park,12.9139,77.5574,2024-05-15 16:58:00,Pending,"Sec 279, 337 IPC",Medium,96.9,Standard Monitoring
KSP/BEN/2025/03463,CrPC OFFENCES,Bengaluru City,Koramangala,12.9595,77.6441,2025-09-05 09:02:00,Investigating,"Sec 107, 151 CrPC",Low,86.1,Standard Monitoring
KSP/VIJ/2025/03464,THEFT,Vijayapura,Gandhi Chowk,16.7623,75.6897,2025-02-10 08:42:00,Solved,Sec 379 IPC,Medium,85.8,Standard Monitoring
KSP/HUB/2025/03465,CrPC OFFENCES,Hubballi-Dharwad,Kamripeth,15.4184,75.1813,2025-03-11 03:48:00,Investigating,"Sec 107, 151 CrPC",Low,93.6,Standard Monitoring
KSP/RAI/2024/03466,THEFT,Raichur,Manvi,16.2026,77.4102,2024-05-02 03:26:00,Solved,Sec 379 IPC,Medium,87.3,Standard Monitoring
KSP/CHI/2025/03467,KPA 1963 VIOLATIONS,Chikkamagaluru,Kadur,13.3376,75.7201,2025-11-02 12:51:00,Charge Sheeted,"Sec 78, 87 KPA",Low,91.4,Standard Monitoring
KSP/BEN/2025/03468,THEFT,Bengaluru City,Koramangala,13.0418,77.5251,2025-08-04 04:48:00,Closed,Sec 379 IPC,Medium,89.3,Standard Monitoring
KSP/CHI/2024/03469,MOTOR VEHICLE ACCIDENTS NON-FATAL,Chitradurga,Town PS,14.178,76.3814,2024-02-09 02:04:00,Closed,"Sec 279, 337 IPC",Medium,98.4,Standard Monitoring
KSP/BEN/2024/03470,THEFT,Bengaluru Dist,Devanahalli,13.0635,77.5245,2024-04-07 13:46:00,Charge Sheeted,Sec 379 IPC,Medium,97.4,Standard Monitoring
KSP/HUB/2024/03471,MOTOR VEHICLE ACCIDENTS NON-FATAL,Hubballi-Dharwad,Suburban PS,15.4077,75.0546,2024-07-24 09:58:00,Charge Sheeted,"Sec 279, 337 IPC",Medium,85.4,Standard Monitoring
KSP/MAN/2024/03472,HURT / ASSAULT,Mangaluru,Kadri,12.992,74.7814,2024-10-16 20:46:00,Pending,"Sec 323, 324, 504 IPC",High,93.3,High Risk Zone
KSP/BEN/2025/03473,HURT / ASSAULT,Bengaluru City,Indiranagar,12.9855,77.5982,2025-04-15 17:42:00,Closed,"Sec 323, 324, 504 IPC",High,89.1,High Risk Zone
KSP/CHI/2024/03474,CrPC OFFENCES,Chitradurga,Town PS,14.2075,76.3333,2024-12-27 19:40:00,Solved,"Sec 107, 151 CrPC",Low,90.2,Standard Monitoring
KSP/BEL/2026/03475,THEFT,Belagavi,Market PS,15.8639,74.4764,2026-02-28 21:18:00,Solved,Sec 379 IPC,Medium,87.6,Standard Monitoring
KSP/BEN/2025/03476,KPA 1963 VIOLATIONS,Bengaluru City,Indiranagar,12.896,77.542,2025-12-27 01:43:00,Charge Sheeted,"Sec 78, 87 KPA",Low,88.8,Standard Monitoring
KSP/CHI/2024/03477,THEFT,Chitradurga,Challakere,14.2154,76.4268,2024-04-03 14:09:00,Investigating,Sec 379 IPC,Medium,93.4,Standard Monitoring
KSP/DAV/2024/03478,ROBBERY / DACOITY,Davanagere,Azad Nagar,14.5432,75.8892,2024-10-16 22:42:00,Investigating,"Sec 392, 395 IPC",Critical,90.9,High Risk Zone
KSP/BEN/2025/03479,MOTOR VEHICLE ACCIDENTS NON-FATAL,Bengaluru Dist,Nelamangala,13.0792,77.5867,2025-06-11 22:08:00,Investigating,"Sec 279, 337 IPC",Medium,96.8,Standard Monitoring
KSP/BEN/2025/03480,MOTOR VEHICLE ACCIDENTS NON-FATAL,Bengaluru City,Koramangala,12.9073,77.5407,2025-06-14 04:25:00,Closed,"Sec 279, 337 IPC",Medium,91.6,Standard Monitoring
KSP/UTT/2026/03481,KPA 1963 VIOLATIONS,Uttara Kannada,Dandeli,14.7322,74.0774,2026-03-17 19:14:00,Pending,"Sec 78, 87 KPA",Low,96.4,Standard Monitoring
KSP/CHA/2025/03482,MISSING PERSON,Chamarajanagar,Gundlupet,11.9109,76.9626,2025-10-06 03:56:00,Investigating,Sec 363 IPC,Medium,92.8,Standard Monitoring
KSP/HAV/2025/03483,MOTOR VEHICLE ACCIDENTS NON-FATAL,Haveri,Town PS,14.7898,75.335,2025-12-26 08:01:00,Charge Sheeted,"Sec 279, 337 IPC",Medium,95.4,Standard Monitoring
KSP/HUB/2024/03484,MISSING PERSON,Hubballi-Dharwad,Suburban PS,15.2893,75.2039,2024-12-27 20:12:00,Solved,Sec 363 IPC,Medium,86.4,Standard Monitoring
KSP/RAI/2025/03485,HURT / ASSAULT,Raichur,Manvi,16.2261,77.3818,2025-08-16 00:15:00,Pending,"Sec 323, 324, 504 IPC",High,88.4,High Risk Zone
KSP/BEN/2026/03486,MOTOR VEHICLE ACCIDENTS NON-FATAL,Bengaluru City,Indiranagar,12.9513,77.5227,2026-07-01 10:27:00,Charge Sheeted,"Sec 279, 337 IPC",Medium,95.5,Standard Monitoring
KSP/BEN/2026/03487,MOTOR VEHICLE ACCIDENTS NON-FATAL,Bengaluru City,Yelahanka,13.0406,77.6279,2026-04-26 22:31:00,Pending,"Sec 279, 337 IPC",Medium,90.6,Standard Monitoring
KSP/HAV/2024/03488,HURT / ASSAULT,Haveri,Byadgi,14.847,75.3672,2024-11-14 21:33:00,Charge Sheeted,"Sec 323, 324, 504 IPC",High,94.0,High Risk Zone
KSP/RAM/2025/03489,CYBER CRIME & FRAUD,Ramanagara,Channapatna,12.7802,77.3095,2025-06-29 11:58:00,Charge Sheeted,"Sec 66D IT Act, 420 IPC",High,92.2,High Risk Zone
KSP/VIJ/2025/03490,MOTOR VEHICLE ACCIDENTS NON-FATAL,Vijayanagara,Kudligi,15.3472,76.4166,2025-08-25 06:02:00,Pending,"Sec 279, 337 IPC",Medium,85.9,Standard Monitoring
KSP/BEN/2026/03491,MOTOR VEHICLE ACCIDENTS NON-FATAL,Bengaluru City,Cubbon Park,13.0263,77.5741,2026-06-14 03:34:00,Closed,"Sec 279, 337 IPC",Medium,89.0,Standard Monitoring
KSP/BEN/2025/03492,MOTOR VEHICLE ACCIDENTS NON-FATAL,Bengaluru City,Cubbon Park,13.0039,77.6359,2025-11-30 02:43:00,Investigating,"Sec 279, 337 IPC",Medium,93.4,Standard Monitoring
KSP/BEN/2025/03493,THEFT,Bengaluru City,Koramangala,13.0093,77.5866,2025-05-24 02:22:00,Closed,Sec 379 IPC,Medium,95.3,Standard Monitoring
KSP/YAD/2024/03494,HURT / ASSAULT,Yadgir,Town PS,16.7715,77.0675,2024-05-19 17:18:00,Pending,"Sec 323, 324, 504 IPC",High,88.5,High Risk Zone
KSP/KOD/2026/03495,HURT / ASSAULT,Kodagu,Madikeri Town,12.4714,75.7491,2026-01-27 00:33:00,Closed,"Sec 323, 324, 504 IPC",High,96.5,High Risk Zone
KSP/BEN/2024/03496,CYBER CRIME & FRAUD,Bengaluru City,Hebbal,12.9016,77.6703,2024-12-08 09:34:00,Solved,"Sec 66D IT Act, 420 IPC",High,96.8,High Risk Zone
KSP/HAS/2024/03497,MISSING PERSON,Hassan,Arsikere,12.9839,76.1079,2024-01-31 21:04:00,Closed,Sec 363 IPC,Medium,91.5,Standard Monitoring
KSP/BEN/2026/03498,MOTOR VEHICLE ACCIDENTS NON-FATAL,Bengaluru Dist,Doddaballapura,13.0345,77.6077,2026-02-03 14:27:00,Investigating,"Sec 279, 337 IPC",Medium,91.3,Standard Monitoring
KSP/MAN/2025/03499,KPA 1963 VIOLATIONS,Mandya,Maddur,12.5205,76.8918,2025-01-24 09:01:00,Solved,"Sec 78, 87 KPA",Low,90.1,Standard Monitoring
KSP/MYS/2025/03500,HURT / ASSAULT,Mysuru,KRS Road,12.2953,76.5928,2025-05-03 03:22:00,Closed,"Sec 323, 324, 504 IPC",High,97.6,High Risk Zone
KSP/MAN/2025/03501,CrPC OFFENCES,Mangaluru,Barkarke,12.8614,74.8388,2025-10-29 11:41:00,Investigating,"Sec 107, 151 CrPC",Low,87.3,Standard Monitoring
KSP/MAN/2024/03502,CYBER CRIME & FRAUD,Mangaluru,Urwa,12.9904,74.8979,2024-07-12 09:00:00,Closed,"Sec 66D IT Act, 420 IPC",High,86.1,High Risk Zone
KSP/HAV/2026/03503,HURT / ASSAULT,Haveri,Ranebennur,14.8037,75.4617,2026-06-01 05:03:00,Pending,"Sec 323, 324, 504 IPC",High,96.3,High Risk Zone
KSP/BEN/2025/03504,ROBBERY / DACOITY,Bengaluru City,Yelahanka,12.9673,77.6412,2025-11-04 15:25:00,Charge Sheeted,"Sec 392, 395 IPC",Critical,91.6,High Risk Zone
KSP/VIJ/2025/03505,HURT / ASSAULT,Vijayapura,Gol Gumbaz PS,16.7554,75.6655,2025-11-07 13:33:00,Pending,"Sec 323, 324, 504 IPC",High,95.5,High Risk Zone
KSP/BEL/2025/03506,MISSING PERSON,Belagavi,Camp PS,15.8358,74.5294,2025-04-15 14:53:00,Closed,Sec 363 IPC,Medium,97.4,Standard Monitoring
KSP/MYS/2024/03507,MOTOR VEHICLE ACCIDENTS NON-FATAL,Mysuru,Lashkar PS,12.2865,76.5899,2024-06-21 14:46:00,Pending,"Sec 279, 337 IPC",Medium,91.0,Standard Monitoring
KSP/KAL/2025/03508,CYBER CRIME & FRAUD,Kalaburagi,Station Bazar,17.3603,76.9078,2025-08-18 11:50:00,Charge Sheeted,"Sec 66D IT Act, 420 IPC",High,93.7,High Risk Zone
KSP/RAM/2026/03509,HURT / ASSAULT,Ramanagara,Magadi,12.7733,77.2876,2026-01-23 03:23:00,Investigating,"Sec 323, 324, 504 IPC",High,85.9,High Risk Zone
KSP/BEN/2025/03510,BURGLARY / HOUSE BREAKING,Bengaluru City,Jayanagar,12.9272,77.5304,2025-06-15 17:26:00,Pending,"Sec 454, 457, 380 IPC",High,92.3,High Risk Zone
KSP/BEN/2025/03511,THEFT,Bengaluru City,Hebbal,12.9735,77.6084,2025-11-19 03:28:00,Pending,Sec 379 IPC,Medium,90.8,Standard Monitoring
KSP/BEN/2024/03512,CrPC OFFENCES,Bengaluru City,Hebbal,12.936,77.5181,2024-03-16 00:02:00,Closed,"Sec 107, 151 CrPC",Low,94.2,Standard Monitoring
KSP/HUB/2025/03513,HURT / ASSAULT,Hubballi-Dharwad,Gokul Road,15.3572,75.1368,2025-02-06 02:36:00,Closed,"Sec 323, 324, 504 IPC",High,86.1,High Risk Zone
KSP/MAN/2025/03514,MOTOR VEHICLE ACCIDENTS NON-FATAL,Mandya,East PS,12.5081,76.8803,2025-09-03 22:50:00,Charge Sheeted,"Sec 279, 337 IPC",Medium,88.3,Standard Monitoring
KSP/MAN/2024/03515,CYBER CRIME & FRAUD,Mangaluru,Urwa,12.9711,74.9084,2024-06-04 00:31:00,Pending,"Sec 66D IT Act, 420 IPC",High,94.0,High Risk Zone
KSP/BEN/2024/03516,MOTOR VEHICLE ACCIDENTS NON-FATAL,Bengaluru City,Whitefield,12.9061,77.6217,2024-12-05 12:55:00,Charge Sheeted,"Sec 279, 337 IPC",Medium,98.0,Standard Monitoring
KSP/VIJ/2026/03517,CrPC OFFENCES,Vijayanagara,Hospet Town,15.255,76.4113,2026-05-29 02:57:00,Investigating,"Sec 107, 151 CrPC",Low,90.7,Standard Monitoring
KSP/VIJ/2024/03518,HURT / ASSAULT,Vijayanagara,Harapanahalli,15.2512,76.4029,2024-08-05 06:30:00,Closed,"Sec 323, 324, 504 IPC",High,97.5,High Risk Zone
KSP/DAV/2026/03519,NARCOTICS (NDPS),Davanagere,Vidyanagar,14.4969,75.8892,2026-02-10 16:03:00,Closed,"Sec 20(b), 22 NDPS Act",Critical,87.2,High Risk Zone
KSP/BEN/2024/03520,THEFT,Bengaluru Dist,Nelamangala,13.1077,77.5663,2024-08-21 08:44:00,Investigating,Sec 379 IPC,Medium,90.6,Standard Monitoring
KSP/UDU/2024/03521,HURT / ASSAULT,Udupi,Malpe,13.3977,74.7732,2024-09-22 01:53:00,Closed,"Sec 323, 324, 504 IPC",High,85.1,High Risk Zone
KSP/CHI/2025/03522,MISSING PERSON,Chikkaballapura,Chintamani,13.439,77.763,2025-07-13 22:59:00,Charge Sheeted,Sec 363 IPC,Medium,90.0,Standard Monitoring
KSP/UDU/2025/03523,HURT / ASSAULT,Udupi,Town PS,13.3907,74.813,2025-09-17 14:34:00,Closed,"Sec 323, 324, 504 IPC",High,86.9,High Risk Zone
KSP/MAN/2025/03524,MOTOR VEHICLE ACCIDENTS NON-FATAL,Mangaluru,Urwa,12.8997,74.9152,2025-02-23 00:58:00,Pending,"Sec 279, 337 IPC",Medium,89.0,Standard Monitoring
KSP/TUM/2024/03525,CYBER CRIME & FRAUD,Tumakuru,Town PS,13.3344,77.1359,2024-04-24 02:12:00,Closed,"Sec 66D IT Act, 420 IPC",High,95.8,High Risk Zone
KSP/MYS/2025/03526,BURGLARY / HOUSE BREAKING,Mysuru,Devaraja PS,12.3174,76.726,2025-10-31 07:48:00,Charge Sheeted,"Sec 454, 457, 380 IPC",High,95.1,High Risk Zone
KSP/BEL/2024/03527,HURT / ASSAULT,Belagavi,Gokak,15.843,74.5568,2024-10-29 03:48:00,Closed,"Sec 323, 324, 504 IPC",High,97.5,High Risk Zone
KSP/BEN/2024/03528,MOTOR VEHICLE ACCIDENTS NON-FATAL,Bengaluru City,Hebbal,13.0356,77.6304,2024-09-20 05:25:00,Charge Sheeted,"Sec 279, 337 IPC",Medium,88.5,Standard Monitoring
KSP/BEN/2024/03529,KPA 1963 VIOLATIONS,Bengaluru Dist,Doddaballapura,13.1062,77.5926,2024-05-30 22:33:00,Closed,"Sec 78, 87 KPA",Low,94.3,Standard Monitoring
KSP/HUB/2026/03530,MOTOR VEHICLE ACCIDENTS NON-FATAL,Hubballi-Dharwad,Gokul Road,15.332,75.1491,2026-02-09 17:51:00,Pending,"Sec 279, 337 IPC",Medium,96.8,Standard Monitoring
KSP/BAG/2026/03531,BURGLARY / HOUSE BREAKING,Bagalkote,Town PS,16.1368,75.7547,2026-02-06 03:34:00,Solved,"Sec 454, 457, 380 IPC",High,89.0,High Risk Zone
KSP/MYS/2026/03532,MOTOR VEHICLE ACCIDENTS NON-FATAL,Mysuru,Devaraja PS,12.2972,76.6881,2026-06-15 16:05:00,Pending,"Sec 279, 337 IPC",Medium,97.9,Standard Monitoring
KSP/SHI/2026/03533,CrPC OFFENCES,Shivamogga,Bhadravathi,13.9104,75.6381,2026-03-16 18:56:00,Charge Sheeted,"Sec 107, 151 CrPC",Low,97.8,Standard Monitoring
KSP/KOL/2026/03534,HURT / ASSAULT,Kolar,Town PS,13.1289,78.2064,2026-06-23 14:25:00,Investigating,"Sec 323, 324, 504 IPC",High,90.3,High Risk Zone
KSP/RAM/2025/03535,ROBBERY / DACOITY,Ramanagara,Ijoor PS,12.7079,77.3362,2025-01-27 00:10:00,Solved,"Sec 392, 395 IPC",Critical,90.9,High Risk Zone
KSP/BEN/2025/03536,ROBBERY / DACOITY,Bengaluru City,Whitefield,13.021,77.6212,2025-08-26 09:38:00,Investigating,"Sec 392, 395 IPC",Critical,91.0,High Risk Zone
KSP/BEL/2026/03537,THEFT,Belagavi,Camp PS,15.7982,74.4406,2026-02-23 08:06:00,Pending,Sec 379 IPC,Medium,86.4,Standard Monitoring
KSP/BEL/2024/03538,HURT / ASSAULT,Belagavi,Khade Bazar,15.808,74.4525,2024-05-14 02:11:00,Charge Sheeted,"Sec 323, 324, 504 IPC",High,97.4,High Risk Zone
KSP/BEN/2025/03539,MOTOR VEHICLE ACCIDENTS NON-FATAL,Bengaluru City,Jayanagar,12.9574,77.6177,2025-10-10 16:15:00,Charge Sheeted,"Sec 279, 337 IPC",Medium,90.9,Standard Monitoring
KSP/BEN/2024/03540,MOTOR VEHICLE ACCIDENTS NON-FATAL,Bengaluru City,Jayanagar,12.9962,77.6045,2024-05-21 10:43:00,Investigating,"Sec 279, 337 IPC",Medium,96.5,Standard Monitoring
KSP/UTT/2026/03541,CYBER CRIME & FRAUD,Uttara Kannada,Dandeli,14.8086,74.0595,2026-04-10 14:17:00,Pending,"Sec 66D IT Act, 420 IPC",High,91.9,High Risk Zone
KSP/BEN/2025/03542,MISSING PERSON,Bengaluru City,Whitefield,13.0498,77.5919,2025-01-09 22:40:00,Charge Sheeted,Sec 363 IPC,Medium,85.7,Standard Monitoring
KSP/MAN/2026/03543,CrPC OFFENCES,Mangaluru,Urwa,12.884,74.7834,2026-05-18 20:48:00,Solved,"Sec 107, 151 CrPC",Low,92.5,Standard Monitoring
KSP/HUB/2025/03544,MOTOR VEHICLE ACCIDENTS NON-FATAL,Hubballi-Dharwad,Gokul Road,15.2927,75.133,2025-02-09 10:20:00,Closed,"Sec 279, 337 IPC",Medium,96.6,Standard Monitoring
KSP/YAD/2024/03545,MOTOR VEHICLE ACCIDENTS NON-FATAL,Yadgir,Town PS,16.7994,77.1748,2024-11-01 10:27:00,Pending,"Sec 279, 337 IPC",Medium,94.6,Standard Monitoring
KSP/MYS/2026/03546,MOTOR VEHICLE ACCIDENTS NON-FATAL,Mysuru,Nazarbad,12.3422,76.7174,2026-06-28 14:22:00,Investigating,"Sec 279, 337 IPC",Medium,87.3,Standard Monitoring
KSP/CHA/2025/03547,MOTOR VEHICLE ACCIDENTS NON-FATAL,Chamarajanagar,Kollegal,11.981,76.8916,2025-07-29 16:13:00,Closed,"Sec 279, 337 IPC",Medium,93.3,Standard Monitoring
KSP/MYS/2026/03548,CrPC OFFENCES,Mysuru,Lashkar PS,12.3018,76.6315,2026-01-12 01:56:00,Solved,"Sec 107, 151 CrPC",Low,90.7,Standard Monitoring
KSP/BEN/2025/03549,THEFT,Bengaluru City,Whitefield,13.0193,77.5522,2025-08-21 16:25:00,Investigating,Sec 379 IPC,Medium,91.1,Standard Monitoring
KSP/BAL/2026/03550,THEFT,Ballari,Brucepet,15.1611,76.8596,2026-03-18 20:18:00,Charge Sheeted,Sec 379 IPC,Medium,94.9,Standard Monitoring
KSP/HAS/2025/03551,THEFT,Hassan,Arsikere,12.949,76.161,2025-11-21 08:38:00,Charge Sheeted,Sec 379 IPC,Medium,93.9,Standard Monitoring
KSP/MYS/2026/03552,THEFT,Mysuru,Nazarbad,12.2792,76.6489,2026-03-23 05:01:00,Closed,Sec 379 IPC,Medium,96.3,Standard Monitoring
KSP/BEN/2024/03553,MOTOR VEHICLE ACCIDENTS NON-FATAL,Bengaluru City,Indiranagar,13.014,77.663,2024-07-26 23:03:00,Charge Sheeted,"Sec 279, 337 IPC",Medium,95.6,Standard Monitoring
KSP/MAN/2026/03554,CrPC OFFENCES,Mangaluru,Barkarke,12.9482,74.7977,2026-02-15 02:16:00,Pending,"Sec 107, 151 CrPC",Low,89.5,Standard Monitoring
KSP/TUM/2026/03555,HURT / ASSAULT,Tumakuru,Sira,13.2602,77.1412,2026-05-28 00:03:00,Solved,"Sec 323, 324, 504 IPC",High,91.6,High Risk Zone
KSP/BEN/2024/03556,HURT / ASSAULT,Bengaluru City,Koramangala,12.9283,77.5255,2024-06-10 03:27:00,Pending,"Sec 323, 324, 504 IPC",High,91.2,High Risk Zone
KSP/BEN/2024/03557,THEFT,Bengaluru City,Electronic City,12.9755,77.62,2024-02-12 06:34:00,Investigating,Sec 379 IPC,Medium,92.1,Standard Monitoring
KSP/KOL/2024/03558,MOTOR VEHICLE ACCIDENTS NON-FATAL,Kolar,Gulpet,13.0801,78.0932,2024-12-01 14:28:00,Closed,"Sec 279, 337 IPC",Medium,92.2,Standard Monitoring
KSP/TUM/2026/03559,KPA 1963 VIOLATIONS,Tumakuru,Town PS,13.3425,77.0633,2026-07-04 10:18:00,Pending,"Sec 78, 87 KPA",Low,92.5,Standard Monitoring
KSP/KOL/2024/03560,MOTOR VEHICLE ACCIDENTS NON-FATAL,Kolar,Gulpet,13.1174,78.0719,2024-12-15 05:05:00,Solved,"Sec 279, 337 IPC",Medium,87.0,Standard Monitoring
KSP/KOD/2024/03561,HURT / ASSAULT,Kodagu,Gonikoppal,12.4009,75.7865,2024-05-12 22:58:00,Closed,"Sec 323, 324, 504 IPC",High,89.6,High Risk Zone
KSP/RAM/2025/03562,MOTOR VEHICLE ACCIDENTS NON-FATAL,Ramanagara,Ijoor PS,12.6925,77.3279,2025-06-24 03:56:00,Charge Sheeted,"Sec 279, 337 IPC",Medium,86.4,Standard Monitoring
KSP/BEN/2025/03563,THEFT,Bengaluru City,Koramangala,12.9897,77.5281,2025-02-16 22:59:00,Closed,Sec 379 IPC,Medium,86.8,Standard Monitoring
KSP/TUM/2025/03564,HURT / ASSAULT,Tumakuru,Town PS,13.2627,77.0558,2025-07-25 12:09:00,Closed,"Sec 323, 324, 504 IPC",High,95.0,High Risk Zone
KSP/TUM/2024/03565,MOTOR VEHICLE ACCIDENTS NON-FATAL,Tumakuru,Sira,13.3666,77.0504,2024-10-10 01:15:00,Pending,"Sec 279, 337 IPC",Medium,92.3,Standard Monitoring
KSP/BEN/2025/03566,NARCOTICS (NDPS),Bengaluru City,Indiranagar,13.0455,77.6698,2025-08-10 19:12:00,Closed,"Sec 20(b), 22 NDPS Act",Critical,86.8,High Risk Zone
KSP/MAN/2024/03567,MOTOR VEHICLE ACCIDENTS NON-FATAL,Mangaluru,Urwa,12.926,74.9093,2024-02-28 11:18:00,Charge Sheeted,"Sec 279, 337 IPC",Medium,86.0,Standard Monitoring
KSP/KAL/2024/03568,KPA 1963 VIOLATIONS,Kalaburagi,Station Bazar,17.2733,76.7742,2024-09-05 09:57:00,Investigating,"Sec 78, 87 KPA",Low,87.3,Standard Monitoring
KSP/BEN/2026/03569,MOTOR VEHICLE ACCIDENTS NON-FATAL,Bengaluru Dist,Doddaballapura,13.125,77.5269,2026-05-26 09:26:00,Investigating,"Sec 279, 337 IPC",Medium,97.7,Standard Monitoring
KSP/HUB/2025/03570,KPA 1963 VIOLATIONS,Hubballi-Dharwad,Gokul Road,15.4346,75.1364,2025-02-23 05:29:00,Investigating,"Sec 78, 87 KPA",Low,87.5,Standard Monitoring
KSP/BEN/2026/03571,NARCOTICS (NDPS),Bengaluru City,Koramangala,12.9555,77.6085,2026-01-22 23:23:00,Charge Sheeted,"Sec 20(b), 22 NDPS Act",Critical,91.2,High Risk Zone
KSP/HAV/2025/03572,HURT / ASSAULT,Haveri,Town PS,14.7707,75.4715,2025-01-05 11:01:00,Charge Sheeted,"Sec 323, 324, 504 IPC",High,96.2,High Risk Zone
KSP/SHI/2026/03573,MOTOR VEHICLE ACCIDENTS NON-FATAL,Shivamogga,Tunga Nagar,13.8814,75.6316,2026-06-19 16:53:00,Investigating,"Sec 279, 337 IPC",Medium,95.3,Standard Monitoring
KSP/HAV/2025/03574,MOTOR VEHICLE ACCIDENTS NON-FATAL,Haveri,Byadgi,14.8548,75.3247,2025-08-01 05:55:00,Charge Sheeted,"Sec 279, 337 IPC",Medium,90.9,Standard Monitoring
KSP/UTT/2026/03575,THEFT,Uttara Kannada,Sirsi Town,14.8397,74.0951,2026-01-30 06:40:00,Investigating,Sec 379 IPC,Medium,88.1,Standard Monitoring
KSP/BEN/2025/03576,HURT / ASSAULT,Bengaluru City,Hebbal,12.9851,77.6561,2025-01-27 06:10:00,Investigating,"Sec 323, 324, 504 IPC",High,90.9,High Risk Zone
KSP/TUM/2024/03577,MOTOR VEHICLE ACCIDENTS NON-FATAL,Tumakuru,Tiptur,13.266,77.1165,2024-05-20 21:14:00,Investigating,"Sec 279, 337 IPC",Medium,97.2,Standard Monitoring
KSP/RAI/2025/03578,MOTOR VEHICLE ACCIDENTS NON-FATAL,Raichur,Sadabad,16.1462,77.3574,2025-05-11 02:52:00,Closed,"Sec 279, 337 IPC",Medium,86.4,Standard Monitoring
KSP/BAL/2024/03579,BURGLARY / HOUSE BREAKING,Ballari,Gandhinagar,15.1344,76.9252,2024-12-03 04:04:00,Charge Sheeted,"Sec 454, 457, 380 IPC",High,92.2,High Risk Zone
KSP/TUM/2024/03580,CrPC OFFENCES,Tumakuru,Kyatsandra,13.259,77.0294,2024-11-23 02:29:00,Solved,"Sec 107, 151 CrPC",Low,85.5,Standard Monitoring
KSP/BEN/2024/03581,HURT / ASSAULT,Bengaluru City,Electronic City,13.051,77.6217,2024-08-24 18:12:00,Solved,"Sec 323, 324, 504 IPC",High,90.9,High Risk Zone
KSP/KOP/2024/03582,HURT / ASSAULT,Koppal,Gangavathi,15.4186,76.1874,2024-08-13 10:05:00,Pending,"Sec 323, 324, 504 IPC",High,98.4,High Risk Zone
KSP/BEN/2024/03583,HURT / ASSAULT,Bengaluru Dist,Hosakote,13.061,77.5444,2024-09-05 07:35:00,Investigating,"Sec 323, 324, 504 IPC",High,95.2,High Risk Zone
KSP/HAS/2024/03584,MOTOR VEHICLE ACCIDENTS NON-FATAL,Hassan,Pension Mohalla,12.9527,76.0541,2024-07-10 14:10:00,Charge Sheeted,"Sec 279, 337 IPC",Medium,86.3,Standard Monitoring
KSP/VIJ/2024/03585,NARCOTICS (NDPS),Vijayapura,Gandhi Chowk,16.7522,75.7136,2024-08-04 22:56:00,Charge Sheeted,"Sec 20(b), 22 NDPS Act",Critical,90.9,High Risk Zone
KSP/BEN/2024/03586,KPA 1963 VIOLATIONS,Bengaluru City,Yelahanka,12.9708,77.619,2024-01-17 22:03:00,Investigating,"Sec 78, 87 KPA",Low,86.4,Standard Monitoring
KSP/UTT/2025/03587,KPA 1963 VIOLATIONS,Uttara Kannada,Bhatkal,14.7976,74.0613,2025-05-16 00:43:00,Pending,"Sec 78, 87 KPA",Low,89.3,Standard Monitoring
KSP/BEN/2026/03588,HURT / ASSAULT,Bengaluru City,Cubbon Park,12.9366,77.5325,2026-02-09 05:34:00,Investigating,"Sec 323, 324, 504 IPC",High,92.1,High Risk Zone
KSP/MYS/2024/03589,BURGLARY / HOUSE BREAKING,Mysuru,Devaraja PS,12.2629,76.6772,2024-09-02 20:02:00,Solved,"Sec 454, 457, 380 IPC",High,91.4,High Risk Zone
KSP/VIJ/2024/03590,MOTOR VEHICLE ACCIDENTS NON-FATAL,Vijayapura,Adarsh Nagar,16.829,75.6311,2024-05-31 09:31:00,Charge Sheeted,"Sec 279, 337 IPC",Medium,98.4,Standard Monitoring
KSP/TUM/2024/03591,MOTOR VEHICLE ACCIDENTS NON-FATAL,Tumakuru,Town PS,13.3178,77.1559,2024-03-27 21:38:00,Solved,"Sec 279, 337 IPC",Medium,87.2,Standard Monitoring
KSP/BEL/2024/03592,MOTOR VEHICLE ACCIDENTS NON-FATAL,Belagavi,Khade Bazar,15.8448,74.464,2024-05-15 11:58:00,Closed,"Sec 279, 337 IPC",Medium,98.4,Standard Monitoring
KSP/BEN/2024/03593,KPA 1963 VIOLATIONS,Bengaluru Dist,Hosakote,13.0363,77.5567,2024-05-14 04:58:00,Closed,"Sec 78, 87 KPA",Low,91.7,Standard Monitoring
KSP/BEN/2025/03594,MISSING PERSON,Bengaluru City,Electronic City,12.9146,77.6512,2025-03-27 13:40:00,Solved,Sec 363 IPC,Medium,96.6,Standard Monitoring
KSP/KOD/2026/03595,MISSING PERSON,Kodagu,Kushalnagar,12.4224,75.7273,2026-04-07 06:11:00,Solved,Sec 363 IPC,Medium,93.7,Standard Monitoring
KSP/BEN/2026/03596,KPA 1963 VIOLATIONS,Bengaluru City,Yelahanka,12.9848,77.6504,2026-06-26 09:10:00,Solved,"Sec 78, 87 KPA",Low,87.0,Standard Monitoring
KSP/BEN/2026/03597,MOTOR VEHICLE ACCIDENTS NON-FATAL,Bengaluru City,Yelahanka,12.9499,77.6732,2026-02-27 03:29:00,Charge Sheeted,"Sec 279, 337 IPC",Medium,93.1,Standard Monitoring
KSP/BEN/2024/03598,THEFT,Bengaluru Dist,Devanahalli,13.1417,77.5091,2024-03-05 09:58:00,Closed,Sec 379 IPC,Medium,91.1,Standard Monitoring
KSP/BEN/2024/03599,CrPC OFFENCES,Bengaluru City,Yelahanka,12.8924,77.6288,2024-03-02 02:18:00,Charge Sheeted,"Sec 107, 151 CrPC",Low,93.4,Standard Monitoring
KSP/BEN/2024/03600,MOTOR VEHICLE ACCIDENTS NON-FATAL,Bengaluru City,Koramangala,12.894,77.5965,2024-07-24 17:15:00,Charge Sheeted,"Sec 279, 337 IPC",Medium,90.3,Standard Monitoring
KSP/VIJ/2024/03601,MOTOR VEHICLE ACCIDENTS NON-FATAL,Vijayanagara,Hospet Town,15.2317,76.4249,2024-01-04 07:40:00,Pending,"Sec 279, 337 IPC",Medium,94.4,Standard Monitoring
KSP/BEN/2024/03602,MOTOR VEHICLE ACCIDENTS NON-FATAL,Bengaluru City,Koramangala,13.0229,77.5819,2024-03-24 20:06:00,Pending,"Sec 279, 337 IPC",Medium,95.3,Standard Monitoring
KSP/BAL/2024/03603,HURT / ASSAULT,Ballari,Gandhinagar,15.206,76.8923,2024-07-03 17:43:00,Pending,"Sec 323, 324, 504 IPC",High,88.9,High Risk Zone
KSP/BEN/2024/03604,MOTOR VEHICLE ACCIDENTS NON-FATAL,Bengaluru Dist,Hosakote,13.0624,77.5642,2024-12-22 01:44:00,Investigating,"Sec 279, 337 IPC",Medium,96.0,Standard Monitoring
KSP/BEN/2024/03605,CrPC OFFENCES,Bengaluru Dist,Hosakote,13.0693,77.5577,2024-10-12 04:53:00,Charge Sheeted,"Sec 107, 151 CrPC",Low,86.1,Standard Monitoring
KSP/BEN/2025/03606,HURT / ASSAULT,Bengaluru City,Hebbal,12.9366,77.5822,2025-05-01 09:30:00,Pending,"Sec 323, 324, 504 IPC",High,87.9,High Risk Zone
KSP/BEN/2026/03607,MOTOR VEHICLE ACCIDENTS NON-FATAL,Bengaluru City,Whitefield,12.9865,77.5444,2026-05-22 00:49:00,Investigating,"Sec 279, 337 IPC",Medium,93.3,Standard Monitoring
KSP/KOD/2025/03608,CrPC OFFENCES,Kodagu,Kushalnagar,12.4274,75.7231,2025-11-07 16:44:00,Pending,"Sec 107, 151 CrPC",Low,93.0,Standard Monitoring
KSP/BEN/2025/03609,MOTOR VEHICLE ACCIDENTS NON-FATAL,Bengaluru City,Jayanagar,13.0027,77.6329,2025-10-03 22:15:00,Pending,"Sec 279, 337 IPC",Medium,90.6,Standard Monitoring
KSP/BEN/2026/03610,HURT / ASSAULT,Bengaluru City,Indiranagar,12.9289,77.5881,2026-07-08 16:17:00,Charge Sheeted,"Sec 323, 324, 504 IPC",High,92.7,High Risk Zone
KSP/RAI/2024/03611,KPA 1963 VIOLATIONS,Raichur,Market PS,16.141,77.2668,2024-03-15 19:45:00,Pending,"Sec 78, 87 KPA",Low,91.2,Standard Monitoring
KSP/BEN/2026/03612,CYBER CRIME & FRAUD,Bengaluru City,Electronic City,12.9261,77.5661,2026-03-24 11:49:00,Pending,"Sec 66D IT Act, 420 IPC",High,90.0,High Risk Zone
KSP/MAN/2026/03613,CrPC OFFENCES,Mangaluru,Kadri,12.9458,74.8914,2026-06-22 14:19:00,Pending,"Sec 107, 151 CrPC",Low,95.4,Standard Monitoring
KSP/BEN/2024/03614,MISSING PERSON,Bengaluru City,Cubbon Park,12.9977,77.6632,2024-02-07 21:02:00,Pending,Sec 363 IPC,Medium,98.4,Standard Monitoring
KSP/BEN/2025/03615,KPA 1963 VIOLATIONS,Bengaluru City,Jayanagar,12.9803,77.6571,2025-07-18 07:10:00,Solved,"Sec 78, 87 KPA",Low,97.7,Standard Monitoring
KSP/BEN/2025/03616,CrPC OFFENCES,Bengaluru Dist,Hosakote,13.0377,77.5754,2025-07-27 00:06:00,Pending,"Sec 107, 151 CrPC",Low,88.1,Standard Monitoring
KSP/MAN/2026/03617,HURT / ASSAULT,Mandya,Central PS,12.5655,76.9606,2026-07-05 04:02:00,Pending,"Sec 323, 324, 504 IPC",High,96.4,High Risk Zone
KSP/MAN/2026/03618,KPA 1963 VIOLATIONS,Mangaluru,Barkarke,12.9744,74.8782,2026-05-30 16:08:00,Charge Sheeted,"Sec 78, 87 KPA",Low,93.1,Standard Monitoring
KSP/UDU/2025/03619,HURT / ASSAULT,Udupi,Kundapura,13.2653,74.6986,2025-09-14 08:43:00,Solved,"Sec 323, 324, 504 IPC",High,91.7,High Risk Zone
KSP/BEN/2026/03620,THEFT,Bengaluru City,Jayanagar,12.9662,77.6184,2026-05-30 15:10:00,Solved,Sec 379 IPC,Medium,95.1,Standard Monitoring
KSP/MAN/2024/03621,THEFT,Mangaluru,Surathkal,12.9608,74.9165,2024-07-02 11:33:00,Solved,Sec 379 IPC,Medium,93.9,Standard Monitoring
KSP/BEN/2025/03622,MISSING PERSON,Bengaluru City,Jayanagar,12.9847,77.5187,2025-09-11 21:57:00,Solved,Sec 363 IPC,Medium,90.8,Standard Monitoring
KSP/MYS/2025/03623,MISSING PERSON,Mysuru,KRS Road,12.3352,76.609,2025-09-24 13:45:00,Pending,Sec 363 IPC,Medium,85.4,Standard Monitoring
KSP/BEN/2025/03624,MOTOR VEHICLE ACCIDENTS NON-FATAL,Bengaluru City,Yelahanka,12.9126,77.6097,2025-02-11 00:31:00,Charge Sheeted,"Sec 279, 337 IPC",Medium,86.7,Standard Monitoring
KSP/UTT/2025/03625,CrPC OFFENCES,Uttara Kannada,Dandeli,14.7652,74.1211,2025-02-03 23:20:00,Investigating,"Sec 107, 151 CrPC",Low,86.0,Standard Monitoring
KSP/KOL/2025/03626,THEFT,Kolar,Robertsonpet,13.147,78.0944,2025-08-28 17:03:00,Solved,Sec 379 IPC,Medium,87.7,Standard Monitoring
KSP/DAV/2024/03627,MOTOR VEHICLE ACCIDENTS NON-FATAL,Davanagere,Harihar,14.5211,75.9854,2024-05-10 13:48:00,Solved,"Sec 279, 337 IPC",Medium,94.9,Standard Monitoring
KSP/KAL/2024/03628,THEFT,Kalaburagi,Station Bazar,17.2992,76.8152,2024-06-18 10:10:00,Closed,Sec 379 IPC,Medium,90.4,Standard Monitoring
KSP/MAN/2025/03629,HURT / ASSAULT,Mangaluru,Barkarke,12.9185,74.8515,2025-01-27 05:15:00,Pending,"Sec 323, 324, 504 IPC",High,88.5,High Risk Zone
KSP/MAN/2025/03630,MOTOR VEHICLE ACCIDENTS NON-FATAL,Mangaluru,Panambur,12.8534,74.812,2025-03-15 05:52:00,Pending,"Sec 279, 337 IPC",Medium,94.2,Standard Monitoring
KSP/BEN/2026/03631,MISSING PERSON,Bengaluru Dist,Doddaballapura,13.1206,77.5598,2026-03-14 02:22:00,Investigating,Sec 363 IPC,Medium,87.3,Standard Monitoring
KSP/BEN/2025/03632,KPA 1963 VIOLATIONS,Bengaluru City,Indiranagar,12.9299,77.5858,2025-10-01 01:09:00,Charge Sheeted,"Sec 78, 87 KPA",Low,94.2,Standard Monitoring
KSP/DAV/2024/03633,THEFT,Davanagere,Harihar,14.4435,75.9879,2024-01-01 11:55:00,Investigating,Sec 379 IPC,Medium,98.2,Standard Monitoring
KSP/TUM/2025/03634,CrPC OFFENCES,Tumakuru,Sira,13.3912,77.1403,2025-03-25 01:32:00,Closed,"Sec 107, 151 CrPC",Low,92.0,Standard Monitoring
KSP/BEN/2026/03635,CrPC OFFENCES,Bengaluru City,Yelahanka,12.9897,77.6553,2026-04-20 19:34:00,Investigating,"Sec 107, 151 CrPC",Low,98.1,Standard Monitoring
KSP/BEN/2024/03636,CrPC OFFENCES,Bengaluru Dist,Hosakote,13.0305,77.5839,2024-01-15 05:13:00,Solved,"Sec 107, 151 CrPC",Low,92.8,Standard Monitoring
KSP/HUB/2025/03637,CrPC OFFENCES,Hubballi-Dharwad,Vidyagiri,15.3839,75.1637,2025-10-10 00:46:00,Solved,"Sec 107, 151 CrPC",Low,89.7,Standard Monitoring
KSP/BEN/2024/03638,MOTOR VEHICLE ACCIDENTS NON-FATAL,Bengaluru City,Hebbal,13.0216,77.5895,2024-07-03 04:44:00,Pending,"Sec 279, 337 IPC",Medium,96.4,Standard Monitoring
KSP/BID/2024/03639,KPA 1963 VIOLATIONS,Bidar,Gandhi Gunj,17.899,77.5946,2024-05-10 23:13:00,Solved,"Sec 78, 87 KPA",Low,89.2,Standard Monitoring
KSP/MAN/2025/03640,BURGLARY / HOUSE BREAKING,Mangaluru,Barkarke,12.9582,74.8218,2025-08-31 00:46:00,Investigating,"Sec 454, 457, 380 IPC",High,95.1,High Risk Zone
KSP/BEN/2024/03641,KPA 1963 VIOLATIONS,Bengaluru City,Cubbon Park,12.9806,77.6649,2024-08-19 01:01:00,Closed,"Sec 78, 87 KPA",Low,87.4,Standard Monitoring
KSP/VIJ/2025/03642,CrPC OFFENCES,Vijayanagara,Kudligi,15.3012,76.3728,2025-05-13 00:29:00,Pending,"Sec 107, 151 CrPC",Low,87.5,Standard Monitoring
KSP/BEN/2024/03643,MISSING PERSON,Bengaluru Dist,Doddaballapura,13.0583,77.6409,2024-04-07 18:31:00,Charge Sheeted,Sec 363 IPC,Medium,92.5,Standard Monitoring
KSP/TUM/2025/03644,MISSING PERSON,Tumakuru,Gubbi,13.401,77.0248,2025-12-16 11:23:00,Closed,Sec 363 IPC,Medium,89.1,Standard Monitoring
KSP/BEN/2024/03645,CrPC OFFENCES,Bengaluru City,Yelahanka,13.0468,77.562,2024-06-17 04:02:00,Closed,"Sec 107, 151 CrPC",Low,90.7,Standard Monitoring
KSP/BAG/2024/03646,MOTOR VEHICLE ACCIDENTS NON-FATAL,Bagalkote,Town PS,16.2477,75.7227,2024-01-27 15:22:00,Investigating,"Sec 279, 337 IPC",Medium,88.8,Standard Monitoring
KSP/UDU/2025/03647,MOTOR VEHICLE ACCIDENTS NON-FATAL,Udupi,Malpe,13.2966,74.8203,2025-02-19 00:38:00,Charge Sheeted,"Sec 279, 337 IPC",Medium,91.9,Standard Monitoring
KSP/MAN/2025/03648,HURT / ASSAULT,Mangaluru,Kadri,12.9774,74.863,2025-07-07 00:46:00,Investigating,"Sec 323, 324, 504 IPC",High,85.9,High Risk Zone
KSP/HAS/2026/03649,MOTOR VEHICLE ACCIDENTS NON-FATAL,Hassan,Gorur,13.0375,76.1368,2026-06-17 03:07:00,Solved,"Sec 279, 337 IPC",Medium,96.3,Standard Monitoring
KSP/BEN/2026/03650,KPA 1963 VIOLATIONS,Bengaluru City,Electronic City,12.9172,77.5702,2026-06-04 01:22:00,Solved,"Sec 78, 87 KPA",Low,86.6,Standard Monitoring
KSP/RAM/2025/03651,BURGLARY / HOUSE BREAKING,Ramanagara,Ijoor PS,12.77,77.2338,2025-03-15 19:44:00,Charge Sheeted,"Sec 454, 457, 380 IPC",High,94.7,High Risk Zone
KSP/VIJ/2024/03652,MOTOR VEHICLE ACCIDENTS NON-FATAL,Vijayapura,Gandhi Chowk,16.8868,75.6647,2024-03-25 02:20:00,Charge Sheeted,"Sec 279, 337 IPC",Medium,90.5,Standard Monitoring
KSP/BEN/2024/03653,KPA 1963 VIOLATIONS,Bengaluru City,Cubbon Park,13.05,77.6738,2024-11-25 05:55:00,Investigating,"Sec 78, 87 KPA",Low,98.4,Standard Monitoring
KSP/BEN/2025/03654,MOTOR VEHICLE ACCIDENTS NON-FATAL,Bengaluru City,Yelahanka,12.895,77.5147,2025-07-30 05:44:00,Investigating,"Sec 279, 337 IPC",Medium,85.9,Standard Monitoring
KSP/GAD/2025/03655,MISSING PERSON,Gadag,Betageri,15.4987,75.5824,2025-06-14 16:46:00,Charge Sheeted,Sec 363 IPC,Medium,94.6,Standard Monitoring
KSP/BEN/2025/03656,MOTOR VEHICLE ACCIDENTS NON-FATAL,Bengaluru City,Hebbal,12.9761,77.5934,2025-05-02 02:36:00,Closed,"Sec 279, 337 IPC",Medium,88.0,Standard Monitoring
KSP/MYS/2025/03657,MISSING PERSON,Mysuru,Vidyaranyapuram,12.3715,76.58,2025-07-05 06:24:00,Investigating,Sec 363 IPC,Medium,86.6,Standard Monitoring
KSP/BEN/2026/03658,MOTOR VEHICLE ACCIDENTS NON-FATAL,Bengaluru City,Indiranagar,12.908,77.53,2026-01-28 11:54:00,Solved,"Sec 279, 337 IPC",Medium,92.0,Standard Monitoring
KSP/SHI/2024/03659,HURT / ASSAULT,Shivamogga,Tunga Nagar,13.9711,75.6305,2024-10-18 05:26:00,Closed,"Sec 323, 324, 504 IPC",High,96.9,High Risk Zone
KSP/MYS/2025/03660,MOTOR VEHICLE ACCIDENTS NON-FATAL,Mysuru,KRS Road,12.293,76.6263,2025-10-04 17:19:00,Pending,"Sec 279, 337 IPC",Medium,92.6,Standard Monitoring
KSP/BAL/2025/03661,MOTOR VEHICLE ACCIDENTS NON-FATAL,Ballari,Cowl Bazar,15.2186,76.932,2025-11-21 07:13:00,Solved,"Sec 279, 337 IPC",Medium,90.6,Standard Monitoring
KSP/TUM/2026/03662,KPA 1963 VIOLATIONS,Tumakuru,Kyatsandra,13.3647,77.1703,2026-03-08 03:49:00,Closed,"Sec 78, 87 KPA",Low,91.5,Standard Monitoring
KSP/TUM/2024/03663,MOTOR VEHICLE ACCIDENTS NON-FATAL,Tumakuru,Kyatsandra,13.3803,77.0999,2024-08-15 06:41:00,Solved,"Sec 279, 337 IPC",Medium,94.1,Standard Monitoring
KSP/MAN/2024/03664,MOTOR VEHICLE ACCIDENTS NON-FATAL,Mangaluru,Kadri,12.9116,74.8844,2024-04-25 11:18:00,Pending,"Sec 279, 337 IPC",Medium,94.7,Standard Monitoring
KSP/KOP/2026/03665,THEFT,Koppal,Kushtagi,15.399,76.1558,2026-02-12 14:37:00,Investigating,Sec 379 IPC,Medium,96.7,Standard Monitoring
KSP/VIJ/2024/03666,MISSING PERSON,Vijayanagara,Hospet Town,15.3105,76.4217,2024-08-31 02:56:00,Closed,Sec 363 IPC,Medium,90.4,Standard Monitoring
KSP/BEN/2025/03667,KPA 1963 VIOLATIONS,Bengaluru Dist,Nelamangala,13.108,77.5597,2025-06-12 02:00:00,Charge Sheeted,"Sec 78, 87 KPA",Low,89.5,Standard Monitoring
KSP/KAL/2024/03668,KPA 1963 VIOLATIONS,Kalaburagi,Station Bazar,17.3122,76.8411,2024-08-20 00:11:00,Pending,"Sec 78, 87 KPA",Low,96.5,Standard Monitoring
KSP/UDU/2025/03669,MISSING PERSON,Udupi,Kundapura,13.4155,74.7462,2025-10-07 07:27:00,Closed,Sec 363 IPC,Medium,86.3,Standard Monitoring
KSP/UDU/2025/03670,HURT / ASSAULT,Udupi,Malpe,13.3197,74.7338,2025-03-09 23:45:00,Pending,"Sec 323, 324, 504 IPC",High,90.6,High Risk Zone
KSP/RAI/2025/03671,HURT / ASSAULT,Raichur,Manvi,16.1613,77.302,2025-05-06 16:46:00,Pending,"Sec 323, 324, 504 IPC",High,85.4,High Risk Zone
KSP/BEN/2025/03672,HURT / ASSAULT,Bengaluru City,Indiranagar,13.0403,77.6592,2025-05-06 12:45:00,Solved,"Sec 323, 324, 504 IPC",High,89.1,High Risk Zone
KSP/KAL/2026/03673,HURT / ASSAULT,Kalaburagi,Brahampur,17.3563,76.7948,2026-04-30 14:41:00,Investigating,"Sec 323, 324, 504 IPC",High,90.5,High Risk Zone
KSP/MYS/2024/03674,KPA 1963 VIOLATIONS,Mysuru,Vidyaranyapuram,12.2896,76.6072,2024-05-20 00:17:00,Solved,"Sec 78, 87 KPA",Low,89.7,Standard Monitoring
KSP/MYS/2025/03675,KPA 1963 VIOLATIONS,Mysuru,KRS Road,12.3492,76.614,2025-12-06 21:35:00,Pending,"Sec 78, 87 KPA",Low,85.5,Standard Monitoring
KSP/BEN/2024/03676,MOTOR VEHICLE ACCIDENTS NON-FATAL,Bengaluru City,Electronic City,12.9573,77.5912,2024-08-01 07:51:00,Pending,"Sec 279, 337 IPC",Medium,92.7,Standard Monitoring
KSP/CHI/2025/03677,HURT / ASSAULT,Chitradurga,Kote PS,14.2362,76.4463,2025-07-30 07:53:00,Closed,"Sec 323, 324, 504 IPC",High,96.6,High Risk Zone
KSP/MYS/2024/03678,THEFT,Mysuru,Lashkar PS,12.3779,76.7048,2024-03-27 14:08:00,Investigating,Sec 379 IPC,Medium,87.9,Standard Monitoring
KSP/MAN/2024/03679,NARCOTICS (NDPS),Mangaluru,Panambur,12.896,74.8205,2024-11-13 16:37:00,Investigating,"Sec 20(b), 22 NDPS Act",Critical,93.5,High Risk Zone
KSP/BEN/2024/03680,MOTOR VEHICLE ACCIDENTS NON-FATAL,Bengaluru Dist,Doddaballapura,13.0785,77.5822,2024-12-27 22:04:00,Charge Sheeted,"Sec 279, 337 IPC",Medium,97.5,Standard Monitoring
KSP/BEN/2024/03681,NARCOTICS (NDPS),Bengaluru City,Indiranagar,12.9539,77.6273,2024-03-19 12:31:00,Closed,"Sec 20(b), 22 NDPS Act",Critical,88.8,High Risk Zone
KSP/MAN/2025/03682,CrPC OFFENCES,Mangaluru,Surathkal,12.8809,74.8586,2025-05-13 02:32:00,Charge Sheeted,"Sec 107, 151 CrPC",Low,92.9,Standard Monitoring
KSP/BEL/2025/03683,MISSING PERSON,Belagavi,Gokak,15.9154,74.5318,2025-09-24 02:03:00,Closed,Sec 363 IPC,Medium,85.7,Standard Monitoring
KSP/BEN/2026/03684,CYBER CRIME & FRAUD,Bengaluru City,Electronic City,12.9991,77.6536,2026-04-26 15:21:00,Investigating,"Sec 66D IT Act, 420 IPC",High,85.4,High Risk Zone
KSP/BID/2025/03685,KPA 1963 VIOLATIONS,Bidar,Bhalki,17.8633,77.5676,2025-02-13 20:06:00,Charge Sheeted,"Sec 78, 87 KPA",Low,88.7,Standard Monitoring
KSP/BEN/2024/03686,THEFT,Bengaluru City,Electronic City,13.028,77.6324,2024-07-29 10:35:00,Solved,Sec 379 IPC,Medium,87.8,Standard Monitoring
KSP/BEN/2024/03687,CrPC OFFENCES,Bengaluru Dist,Doddaballapura,13.151,77.5486,2024-01-13 00:40:00,Closed,"Sec 107, 151 CrPC",Low,92.5,Standard Monitoring
KSP/MAN/2025/03688,KPA 1963 VIOLATIONS,Mangaluru,Barkarke,12.8774,74.9286,2025-02-16 20:30:00,Solved,"Sec 78, 87 KPA",Low,92.6,Standard Monitoring
KSP/BID/2024/03689,HURT / ASSAULT,Bidar,Bhalki,17.9397,77.4911,2024-03-08 05:58:00,Pending,"Sec 323, 324, 504 IPC",High,86.9,High Risk Zone
KSP/MAN/2024/03690,KPA 1963 VIOLATIONS,Mangaluru,Panambur,12.9924,74.783,2024-03-28 10:43:00,Solved,"Sec 78, 87 KPA",Low,96.0,Standard Monitoring
KSP/CHI/2024/03691,MISSING PERSON,Chikkaballapura,Chintamani,13.483,77.6639,2024-09-21 08:43:00,Pending,Sec 363 IPC,Medium,85.4,Standard Monitoring
KSP/BID/2024/03692,MOTOR VEHICLE ACCIDENTS NON-FATAL,Bidar,Market PS,17.8825,77.5751,2024-09-22 03:27:00,Solved,"Sec 279, 337 IPC",Medium,93.2,Standard Monitoring
KSP/UDU/2024/03693,THEFT,Udupi,Town PS,13.4184,74.7711,2024-02-02 00:23:00,Investigating,Sec 379 IPC,Medium,93.8,Standard Monitoring
KSP/BEN/2025/03694,MOTOR VEHICLE ACCIDENTS NON-FATAL,Bengaluru City,Hebbal,12.9091,77.5155,2025-04-19 09:04:00,Charge Sheeted,"Sec 279, 337 IPC",Medium,85.6,Standard Monitoring
KSP/UDU/2024/03695,THEFT,Udupi,Manipal,13.2796,74.7151,2024-11-06 03:34:00,Pending,Sec 379 IPC,Medium,93.0,Standard Monitoring
KSP/UDU/2024/03696,THEFT,Udupi,Kundapura,13.3894,74.7193,2024-03-31 17:03:00,Pending,Sec 379 IPC,Medium,90.3,Standard Monitoring
KSP/VIJ/2025/03697,MOTOR VEHICLE ACCIDENTS NON-FATAL,Vijayanagara,Hospet Town,15.2242,76.3457,2025-05-12 00:21:00,Solved,"Sec 279, 337 IPC",Medium,98.0,Standard Monitoring
KSP/SHI/2024/03698,KPA 1963 VIOLATIONS,Shivamogga,Bhadravathi,13.8583,75.4902,2024-10-26 18:08:00,Pending,"Sec 78, 87 KPA",Low,96.6,Standard Monitoring
KSP/BEN/2025/03699,KPA 1963 VIOLATIONS,Bengaluru City,Whitefield,13.011,77.55,2025-08-29 06:03:00,Solved,"Sec 78, 87 KPA",Low,91.6,Standard Monitoring
KSP/BEL/2025/03700,CYBER CRIME & FRAUD,Belagavi,Gokak,15.8511,74.5165,2025-04-02 22:05:00,Charge Sheeted,"Sec 66D IT Act, 420 IPC",High,89.6,High Risk Zone
KSP/BEN/2025/03701,MOTOR VEHICLE ACCIDENTS NON-FATAL,Bengaluru City,Cubbon Park,13.0065,77.603,2025-02-28 00:05:00,Charge Sheeted,"Sec 279, 337 IPC",Medium,98.4,Standard Monitoring
KSP/KOP/2026/03702,MOTOR VEHICLE ACCIDENTS NON-FATAL,Koppal,Gangavathi,15.3958,76.1304,2026-03-09 02:41:00,Solved,"Sec 279, 337 IPC",Medium,90.5,Standard Monitoring
KSP/SHI/2024/03703,CrPC OFFENCES,Shivamogga,Doddapet,13.8785,75.4899,2024-09-07 10:25:00,Charge Sheeted,"Sec 107, 151 CrPC",Low,95.1,Standard Monitoring
KSP/SHI/2024/03704,HURT / ASSAULT,Shivamogga,Tunga Nagar,13.8713,75.577,2024-02-10 05:15:00,Solved,"Sec 323, 324, 504 IPC",High,92.2,High Risk Zone
KSP/BEN/2024/03705,MISSING PERSON,Bengaluru City,Indiranagar,12.9283,77.6692,2024-06-09 23:13:00,Pending,Sec 363 IPC,Medium,88.7,Standard Monitoring
KSP/BAL/2025/03706,CrPC OFFENCES,Ballari,Hospet Town,15.1592,76.8971,2025-04-11 02:13:00,Closed,"Sec 107, 151 CrPC",Low,87.0,Standard Monitoring
KSP/GAD/2024/03707,MOTOR VEHICLE ACCIDENTS NON-FATAL,Gadag,Betageri,15.4816,75.6121,2024-02-16 20:06:00,Charge Sheeted,"Sec 279, 337 IPC",Medium,98.0,Standard Monitoring
KSP/BEN/2024/03708,KPA 1963 VIOLATIONS,Bengaluru City,Yelahanka,12.9471,77.5629,2024-12-20 23:09:00,Closed,"Sec 78, 87 KPA",Low,98.4,Standard Monitoring
KSP/BEN/2025/03709,THEFT,Bengaluru City,Hebbal,12.8995,77.5654,2025-05-01 01:55:00,Charge Sheeted,Sec 379 IPC,Medium,98.0,Standard Monitoring
KSP/TUM/2025/03710,MOTOR VEHICLE ACCIDENTS NON-FATAL,Tumakuru,Gubbi,13.3507,77.1578,2025-11-27 01:00:00,Closed,"Sec 279, 337 IPC",Medium,96.5,Standard Monitoring
KSP/BEN/2026/03711,KPA 1963 VIOLATIONS,Bengaluru Dist,Devanahalli,13.0868,77.5433,2026-07-16 18:19:00,Investigating,"Sec 78, 87 KPA",Low,93.1,Standard Monitoring
KSP/RAI/2026/03712,MOTOR VEHICLE ACCIDENTS NON-FATAL,Raichur,Sindhanur,16.2684,77.2981,2026-01-02 22:30:00,Investigating,"Sec 279, 337 IPC",Medium,89.0,Standard Monitoring
KSP/KOP/2024/03713,THEFT,Koppal,Gangavathi,15.3933,76.0928,2024-05-05 23:08:00,Charge Sheeted,Sec 379 IPC,Medium,89.4,Standard Monitoring
KSP/RAI/2025/03714,MOTOR VEHICLE ACCIDENTS NON-FATAL,Raichur,Sadabad,16.2191,77.3715,2025-10-12 00:38:00,Solved,"Sec 279, 337 IPC",Medium,91.2,Standard Monitoring
KSP/UDU/2024/03715,BURGLARY / HOUSE BREAKING,Udupi,Manipal,13.4024,74.6971,2024-12-14 00:05:00,Solved,"Sec 454, 457, 380 IPC",High,88.7,High Risk Zone
KSP/RAM/2024/03716,MOTOR VEHICLE ACCIDENTS NON-FATAL,Ramanagara,Magadi,12.6759,77.2348,2024-01-20 06:30:00,Solved,"Sec 279, 337 IPC",Medium,98.5,Standard Monitoring
KSP/BEN/2024/03717,CrPC OFFENCES,Bengaluru City,Yelahanka,12.955,77.5149,2024-11-17 13:44:00,Closed,"Sec 107, 151 CrPC",Low,97.3,Standard Monitoring
KSP/BEL/2026/03718,KPA 1963 VIOLATIONS,Belagavi,Gokak,15.9276,74.5579,2026-04-04 22:49:00,Solved,"Sec 78, 87 KPA",Low,95.9,Standard Monitoring
KSP/BID/2024/03719,THEFT,Bidar,Market PS,17.8402,77.4593,2024-06-30 04:13:00,Pending,Sec 379 IPC,Medium,90.2,Standard Monitoring
KSP/BEN/2026/03720,THEFT,Bengaluru City,Yelahanka,12.9906,77.5589,2026-04-21 18:24:00,Charge Sheeted,Sec 379 IPC,Medium,86.0,Standard Monitoring
KSP/RAM/2025/03721,MOTOR VEHICLE ACCIDENTS NON-FATAL,Ramanagara,Ijoor PS,12.6539,77.2661,2025-10-22 03:30:00,Solved,"Sec 279, 337 IPC",Medium,93.9,Standard Monitoring
KSP/HAS/2026/03722,HURT / ASSAULT,Hassan,City PS,13.0452,76.1115,2026-06-30 10:16:00,Charge Sheeted,"Sec 323, 324, 504 IPC",High,88.8,High Risk Zone
KSP/BEN/2024/03723,HURT / ASSAULT,Bengaluru City,Koramangala,12.9353,77.5875,2024-11-02 23:30:00,Closed,"Sec 323, 324, 504 IPC",High,96.1,High Risk Zone
KSP/CHI/2025/03724,BURGLARY / HOUSE BREAKING,Chikkaballapura,Chintamani,13.4229,77.7698,2025-08-19 08:16:00,Pending,"Sec 454, 457, 380 IPC",High,94.3,High Risk Zone
KSP/RAI/2024/03725,MOTOR VEHICLE ACCIDENTS NON-FATAL,Raichur,Manvi,16.2785,77.3561,2024-10-29 05:27:00,Closed,"Sec 279, 337 IPC",Medium,90.4,Standard Monitoring
KSP/BEN/2026/03726,THEFT,Bengaluru City,Electronic City,12.9112,77.6617,2026-01-05 06:48:00,Charge Sheeted,Sec 379 IPC,Medium,96.3,Standard Monitoring
KSP/BEL/2026/03727,KPA 1963 VIOLATIONS,Belagavi,Market PS,15.7997,74.5182,2026-06-03 06:56:00,Pending,"Sec 78, 87 KPA",Low,90.6,Standard Monitoring
KSP/HUB/2025/03728,HURT / ASSAULT,Hubballi-Dharwad,Suburban PS,15.4195,75.101,2025-05-26 22:17:00,Pending,"Sec 323, 324, 504 IPC",High,96.1,High Risk Zone
KSP/CHI/2026/03729,BURGLARY / HOUSE BREAKING,Chitradurga,Kote PS,14.1663,76.4661,2026-04-22 05:49:00,Closed,"Sec 454, 457, 380 IPC",High,96.9,High Risk Zone
KSP/HUB/2024/03730,BURGLARY / HOUSE BREAKING,Hubballi-Dharwad,Suburban PS,15.3576,75.1992,2024-09-08 19:34:00,Pending,"Sec 454, 457, 380 IPC",High,91.1,High Risk Zone
KSP/HUB/2025/03731,MOTOR VEHICLE ACCIDENTS NON-FATAL,Hubballi-Dharwad,Dharwad Town,15.3626,75.0673,2025-02-13 14:28:00,Charge Sheeted,"Sec 279, 337 IPC",Medium,94.9,Standard Monitoring
KSP/BEN/2024/03732,CrPC OFFENCES,Bengaluru City,Yelahanka,12.9997,77.6743,2024-11-01 18:17:00,Charge Sheeted,"Sec 107, 151 CrPC",Low,90.2,Standard Monitoring
KSP/HUB/2026/03733,HURT / ASSAULT,Hubballi-Dharwad,Vidyagiri,15.3232,75.05,2026-03-06 06:27:00,Charge Sheeted,"Sec 323, 324, 504 IPC",High,91.0,High Risk Zone
KSP/BEN/2026/03734,ROBBERY / DACOITY,Bengaluru Dist,Devanahalli,13.0959,77.625,2026-01-21 00:52:00,Closed,"Sec 392, 395 IPC",Critical,92.0,High Risk Zone
KSP/MYS/2024/03735,CrPC OFFENCES,Mysuru,KRS Road,12.3062,76.7306,2024-08-14 05:44:00,Pending,"Sec 107, 151 CrPC",Low,87.2,Standard Monitoring
KSP/SHI/2025/03736,BURGLARY / HOUSE BREAKING,Shivamogga,Bhadravathi,13.9765,75.5783,2025-09-07 04:26:00,Charge Sheeted,"Sec 454, 457, 380 IPC",High,90.0,High Risk Zone
KSP/BEN/2024/03737,MOTOR VEHICLE ACCIDENTS NON-FATAL,Bengaluru City,Cubbon Park,13.0203,77.6662,2024-01-13 02:56:00,Investigating,"Sec 279, 337 IPC",Medium,86.9,Standard Monitoring
KSP/BEN/2024/03738,MISSING PERSON,Bengaluru City,Whitefield,12.9157,77.5899,2024-06-22 17:34:00,Investigating,Sec 363 IPC,Medium,86.1,Standard Monitoring
KSP/VIJ/2026/03739,CrPC OFFENCES,Vijayapura,Gol Gumbaz PS,16.8907,75.6615,2026-03-07 18:37:00,Charge Sheeted,"Sec 107, 151 CrPC",Low,89.1,Standard Monitoring
KSP/CHA/2026/03740,CrPC OFFENCES,Chamarajanagar,Town PS,11.9043,76.8781,2026-03-30 07:55:00,Charge Sheeted,"Sec 107, 151 CrPC",Low,88.5,Standard Monitoring
KSP/SHI/2025/03741,BURGLARY / HOUSE BREAKING,Shivamogga,Vinoba Nagar,13.964,75.6114,2025-03-27 09:30:00,Investigating,"Sec 454, 457, 380 IPC",High,93.3,High Risk Zone
KSP/CHI/2026/03742,THEFT,Chikkamagaluru,Kadur,13.3699,75.8457,2026-01-01 14:54:00,Closed,Sec 379 IPC,Medium,89.8,Standard Monitoring
KSP/UDU/2024/03743,MISSING PERSON,Udupi,Malpe,13.3097,74.6749,2024-01-21 10:25:00,Investigating,Sec 363 IPC,Medium,87.6,Standard Monitoring
KSP/BEL/2026/03744,HURT / ASSAULT,Belagavi,Tilakwadi,15.8201,74.5354,2026-06-12 04:31:00,Pending,"Sec 323, 324, 504 IPC",High,85.5,High Risk Zone
KSP/BEN/2024/03745,MOTOR VEHICLE ACCIDENTS NON-FATAL,Bengaluru City,Hebbal,13.0113,77.6548,2024-12-10 06:03:00,Solved,"Sec 279, 337 IPC",Medium,88.3,Standard Monitoring
KSP/BEN/2026/03746,NARCOTICS (NDPS),Bengaluru City,Jayanagar,12.9164,77.5775,2026-06-10 19:03:00,Solved,"Sec 20(b), 22 NDPS Act",Critical,94.5,High Risk Zone
KSP/BEN/2024/03747,MOTOR VEHICLE ACCIDENTS NON-FATAL,Bengaluru City,Electronic City,13.0107,77.5903,2024-08-19 19:20:00,Pending,"Sec 279, 337 IPC",Medium,87.4,Standard Monitoring
KSP/BEN/2025/03748,THEFT,Bengaluru City,Hebbal,12.9997,77.6728,2025-04-03 01:10:00,Charge Sheeted,Sec 379 IPC,Medium,92.8,Standard Monitoring
KSP/BEN/2025/03749,THEFT,Bengaluru City,Yelahanka,13.0015,77.5516,2025-09-03 08:31:00,Charge Sheeted,Sec 379 IPC,Medium,94.1,Standard Monitoring
KSP/BEL/2025/03750,KPA 1963 VIOLATIONS,Belagavi,Tilakwadi,15.923,74.4467,2025-06-14 18:32:00,Charge Sheeted,"Sec 78, 87 KPA",Low,97.4,Standard Monitoring
KSP/CHI/2025/03751,MOTOR VEHICLE ACCIDENTS NON-FATAL,Chikkamagaluru,Kadur,13.2977,75.744,2025-01-19 18:00:00,Solved,"Sec 279, 337 IPC",Medium,86.5,Standard Monitoring
KSP/VIJ/2025/03752,THEFT,Vijayapura,Indi,16.7796,75.6697,2025-01-29 10:10:00,Pending,Sec 379 IPC,Medium,85.7,Standard Monitoring
KSP/KAL/2025/03753,MOTOR VEHICLE ACCIDENTS NON-FATAL,Kalaburagi,University PS,17.2851,76.9038,2025-01-07 14:48:00,Solved,"Sec 279, 337 IPC",Medium,93.5,Standard Monitoring
KSP/VIJ/2026/03754,THEFT,Vijayanagara,Harapanahalli,15.3057,76.4552,2026-05-05 13:24:00,Pending,Sec 379 IPC,Medium,89.7,Standard Monitoring
KSP/MAN/2024/03755,HURT / ASSAULT,Mangaluru,Surathkal,12.8946,74.7979,2024-10-23 07:16:00,Pending,"Sec 323, 324, 504 IPC",High,86.9,High Risk Zone
KSP/BEN/2025/03756,HURT / ASSAULT,Bengaluru City,Cubbon Park,13.03,77.5293,2025-08-19 21:40:00,Pending,"Sec 323, 324, 504 IPC",High,95.7,High Risk Zone
KSP/BEN/2024/03757,THEFT,Bengaluru City,Electronic City,12.8984,77.6301,2024-04-19 03:37:00,Solved,Sec 379 IPC,Medium,88.4,Standard Monitoring
KSP/BEN/2024/03758,MOTOR VEHICLE ACCIDENTS NON-FATAL,Bengaluru City,Indiranagar,12.9697,77.5511,2024-05-07 03:46:00,Charge Sheeted,"Sec 279, 337 IPC",Medium,98.0,Standard Monitoring
KSP/MAN/2026/03759,ROBBERY / DACOITY,Mangaluru,Barkarke,12.9586,74.8388,2026-01-02 18:52:00,Charge Sheeted,"Sec 392, 395 IPC",Critical,89.6,High Risk Zone
KSP/BEN/2024/03760,KPA 1963 VIOLATIONS,Bengaluru City,Cubbon Park,12.9153,77.6654,2024-11-19 11:24:00,Solved,"Sec 78, 87 KPA",Low,96.2,Standard Monitoring
KSP/VIJ/2025/03761,MOTOR VEHICLE ACCIDENTS NON-FATAL,Vijayapura,Indi,16.8839,75.7232,2025-08-02 20:42:00,Pending,"Sec 279, 337 IPC",Medium,95.5,Standard Monitoring
KSP/BEN/2025/03762,MOTOR VEHICLE ACCIDENTS NON-FATAL,Bengaluru City,Yelahanka,12.9998,77.6103,2025-09-26 05:28:00,Pending,"Sec 279, 337 IPC",Medium,96.4,Standard Monitoring
KSP/BEN/2025/03763,MOTOR VEHICLE ACCIDENTS NON-FATAL,Bengaluru City,Cubbon Park,12.9894,77.6446,2025-01-19 06:58:00,Closed,"Sec 279, 337 IPC",Medium,93.4,Standard Monitoring
KSP/MYS/2024/03764,THEFT,Mysuru,Lashkar PS,12.3163,76.5867,2024-03-21 05:20:00,Investigating,Sec 379 IPC,Medium,87.0,Standard Monitoring
KSP/BEN/2025/03765,MOTOR VEHICLE ACCIDENTS NON-FATAL,Bengaluru City,Whitefield,12.8998,77.6163,2025-11-23 06:17:00,Pending,"Sec 279, 337 IPC",Medium,85.0,Standard Monitoring
KSP/UDU/2024/03766,KPA 1963 VIOLATIONS,Udupi,Manipal,13.4145,74.697,2024-11-10 14:24:00,Solved,"Sec 78, 87 KPA",Low,96.1,Standard Monitoring
KSP/MAN/2024/03767,THEFT,Mangaluru,Kadri,12.9785,74.8391,2024-01-24 00:22:00,Solved,Sec 379 IPC,Medium,95.6,Standard Monitoring
KSP/BID/2025/03768,THEFT,Bidar,Market PS,17.9056,77.4866,2025-11-12 16:00:00,Closed,Sec 379 IPC,Medium,91.4,Standard Monitoring
KSP/BEN/2024/03769,HURT / ASSAULT,Bengaluru City,Cubbon Park,12.9104,77.6384,2024-09-21 18:53:00,Charge Sheeted,"Sec 323, 324, 504 IPC",High,92.4,High Risk Zone
KSP/BEN/2024/03770,CrPC OFFENCES,Bengaluru City,Electronic City,12.9111,77.6703,2024-01-16 21:05:00,Charge Sheeted,"Sec 107, 151 CrPC",Low,92.6,Standard Monitoring
KSP/MAN/2026/03771,CrPC OFFENCES,Mangaluru,Panambur,12.9221,74.8928,2026-01-09 08:26:00,Pending,"Sec 107, 151 CrPC",Low,96.3,Standard Monitoring
KSP/BEN/2024/03772,NARCOTICS (NDPS),Bengaluru City,Electronic City,12.9864,77.5777,2024-08-20 06:46:00,Pending,"Sec 20(b), 22 NDPS Act",Critical,90.5,High Risk Zone
KSP/BAG/2024/03773,THEFT,Bagalkote,Ilkal,16.1947,75.7659,2024-07-27 07:20:00,Solved,Sec 379 IPC,Medium,93.7,Standard Monitoring
KSP/KAL/2026/03774,THEFT,Kalaburagi,Ashok Nagar,17.3347,76.8838,2026-06-18 04:04:00,Investigating,Sec 379 IPC,Medium,98.0,Standard Monitoring
KSP/BEN/2026/03775,THEFT,Bengaluru City,Jayanagar,12.9408,77.6645,2026-04-26 22:03:00,Solved,Sec 379 IPC,Medium,95.5,Standard Monitoring
KSP/BEL/2025/03776,ROBBERY / DACOITY,Belagavi,Gokak,15.9114,74.488,2025-05-02 17:41:00,Solved,"Sec 392, 395 IPC",Critical,98.4,High Risk Zone
KSP/BEN/2024/03777,KPA 1963 VIOLATIONS,Bengaluru City,Jayanagar,13.0338,77.575,2024-03-06 12:39:00,Charge Sheeted,"Sec 78, 87 KPA",Low,96.3,Standard Monitoring
KSP/UDU/2026/03778,HURT / ASSAULT,Udupi,Manipal,13.3253,74.7861,2026-05-24 11:54:00,Investigating,"Sec 323, 324, 504 IPC",High,89.5,High Risk Zone
KSP/CHA/2024/03779,CrPC OFFENCES,Chamarajanagar,Town PS,11.9109,76.9486,2024-05-05 18:48:00,Closed,"Sec 107, 151 CrPC",Low,98.3,Standard Monitoring
KSP/TUM/2024/03780,MOTOR VEHICLE ACCIDENTS NON-FATAL,Tumakuru,Gubbi,13.2666,77.0924,2024-02-28 21:42:00,Investigating,"Sec 279, 337 IPC",Medium,86.9,Standard Monitoring
KSP/MYS/2025/03781,MISSING PERSON,Mysuru,KRS Road,12.2524,76.6388,2025-08-13 22:07:00,Solved,Sec 363 IPC,Medium,95.9,Standard Monitoring
KSP/BEN/2025/03782,CrPC OFFENCES,Bengaluru City,Whitefield,12.9261,77.5329,2025-09-17 10:26:00,Charge Sheeted,"Sec 107, 151 CrPC",Low,96.7,Standard Monitoring
KSP/HAS/2026/03783,THEFT,Hassan,Arsikere,12.9924,76.1229,2026-04-16 09:20:00,Closed,Sec 379 IPC,Medium,89.9,Standard Monitoring
KSP/UDU/2024/03784,MOTOR VEHICLE ACCIDENTS NON-FATAL,Udupi,Malpe,13.2819,74.7842,2024-11-19 00:52:00,Pending,"Sec 279, 337 IPC",Medium,96.1,Standard Monitoring
KSP/MAN/2026/03785,MOTOR VEHICLE ACCIDENTS NON-FATAL,Mandya,East PS,12.5462,76.9432,2026-06-16 01:02:00,Solved,"Sec 279, 337 IPC",Medium,94.3,Standard Monitoring
KSP/HUB/2024/03786,MOTOR VEHICLE ACCIDENTS NON-FATAL,Hubballi-Dharwad,Suburban PS,15.3261,75.0631,2024-04-02 05:55:00,Closed,"Sec 279, 337 IPC",Medium,96.6,Standard Monitoring
KSP/BEN/2026/03787,CrPC OFFENCES,Bengaluru City,Jayanagar,12.9102,77.5177,2026-05-06 03:24:00,Closed,"Sec 107, 151 CrPC",Low,96.8,Standard Monitoring
KSP/BEL/2024/03788,THEFT,Belagavi,Market PS,15.8067,74.5629,2024-04-07 18:01:00,Pending,Sec 379 IPC,Medium,88.4,Standard Monitoring
KSP/TUM/2025/03789,MOTOR VEHICLE ACCIDENTS NON-FATAL,Tumakuru,Sira,13.3727,77.0626,2025-01-20 19:36:00,Charge Sheeted,"Sec 279, 337 IPC",Medium,93.5,Standard Monitoring
KSP/RAI/2026/03790,HURT / ASSAULT,Raichur,Sadabad,16.2826,77.3537,2026-01-20 09:49:00,Pending,"Sec 323, 324, 504 IPC",High,94.1,High Risk Zone
KSP/CHA/2024/03791,MOTOR VEHICLE ACCIDENTS NON-FATAL,Chamarajanagar,Town PS,11.8909,76.8831,2024-07-24 20:20:00,Investigating,"Sec 279, 337 IPC",Medium,86.0,Standard Monitoring
KSP/DAV/2026/03792,MOTOR VEHICLE ACCIDENTS NON-FATAL,Davanagere,Azad Nagar,14.4298,75.9232,2026-06-06 02:20:00,Investigating,"Sec 279, 337 IPC",Medium,97.8,Standard Monitoring
KSP/BEN/2024/03793,BURGLARY / HOUSE BREAKING,Bengaluru City,Electronic City,13.0261,77.5546,2024-06-08 03:42:00,Pending,"Sec 454, 457, 380 IPC",High,97.0,High Risk Zone
KSP/KAL/2025/03794,ROBBERY / DACOITY,Kalaburagi,Station Bazar,17.3171,76.8909,2025-12-18 22:07:00,Solved,"Sec 392, 395 IPC",Critical,91.9,High Risk Zone
KSP/BEN/2025/03795,NARCOTICS (NDPS),Bengaluru City,Electronic City,13.0419,77.6269,2025-01-30 12:37:00,Pending,"Sec 20(b), 22 NDPS Act",Critical,94.0,High Risk Zone
KSP/MAN/2024/03796,CrPC OFFENCES,Mangaluru,Panambur,12.9604,74.9145,2024-12-22 02:54:00,Pending,"Sec 107, 151 CrPC",Low,87.6,Standard Monitoring
KSP/TUM/2025/03797,HURT / ASSAULT,Tumakuru,Town PS,13.3436,77.0999,2025-08-09 01:49:00,Pending,"Sec 323, 324, 504 IPC",High,92.0,High Risk Zone
KSP/KAL/2026/03798,HURT / ASSAULT,Kalaburagi,Station Bazar,17.3869,76.8204,2026-03-30 17:09:00,Closed,"Sec 323, 324, 504 IPC",High,88.0,High Risk Zone
KSP/HAS/2024/03799,THEFT,Hassan,Arsikere,13.0015,76.0654,2024-02-15 17:06:00,Pending,Sec 379 IPC,Medium,94.1,Standard Monitoring
KSP/BEN/2024/03800,NARCOTICS (NDPS),Bengaluru City,Cubbon Park,12.9523,77.5494,2024-09-09 04:13:00,Investigating,"Sec 20(b), 22 NDPS Act",Critical,98.0,High Risk Zone
KSP/TUM/2025/03801,KPA 1963 VIOLATIONS,Tumakuru,Tiptur,13.2936,77.0909,2025-09-07 06:30:00,Solved,"Sec 78, 87 KPA",Low,97.6,Standard Monitoring
KSP/CHI/2026/03802,MOTOR VEHICLE ACCIDENTS NON-FATAL,Chikkaballapura,Gauribidanur,13.4937,77.6892,2026-07-09 12:42:00,Closed,"Sec 279, 337 IPC",Medium,90.7,Standard Monitoring
KSP/SHI/2024/03803,KPA 1963 VIOLATIONS,Shivamogga,Vinoba Nagar,13.9596,75.5077,2024-11-12 06:57:00,Closed,"Sec 78, 87 KPA",Low,87.4,Standard Monitoring
KSP/KAL/2025/03804,CrPC OFFENCES,Kalaburagi,Brahampur,17.3018,76.8707,2025-07-01 19:35:00,Pending,"Sec 107, 151 CrPC",Low,98.3,Standard Monitoring
KSP/BEN/2026/03805,BURGLARY / HOUSE BREAKING,Bengaluru City,Cubbon Park,12.9935,77.521,2026-01-24 19:47:00,Pending,"Sec 454, 457, 380 IPC",High,93.1,High Risk Zone
KSP/RAM/2025/03806,HURT / ASSAULT,Ramanagara,Channapatna,12.7244,77.2768,2025-07-26 00:13:00,Pending,"Sec 323, 324, 504 IPC",High,89.4,High Risk Zone
KSP/RAM/2025/03807,KPA 1963 VIOLATIONS,Ramanagara,Kanakapura,12.7604,77.206,2025-01-31 18:09:00,Investigating,"Sec 78, 87 KPA",Low,97.3,Standard Monitoring
KSP/HUB/2026/03808,MOTOR VEHICLE ACCIDENTS NON-FATAL,Hubballi-Dharwad,Gokul Road,15.329,75.1238,2026-04-27 23:32:00,Pending,"Sec 279, 337 IPC",Medium,92.9,Standard Monitoring
KSP/KOL/2026/03809,HURT / ASSAULT,Kolar,Bangarapet,13.1392,78.2095,2026-05-08 17:03:00,Charge Sheeted,"Sec 323, 324, 504 IPC",High,89.1,High Risk Zone
KSP/YAD/2025/03810,MOTOR VEHICLE ACCIDENTS NON-FATAL,Yadgir,Shorapur,16.7044,77.1001,2025-04-21 00:44:00,Solved,"Sec 279, 337 IPC",Medium,96.0,Standard Monitoring
KSP/BEN/2024/03811,MOTOR VEHICLE ACCIDENTS NON-FATAL,Bengaluru City,Indiranagar,12.9859,77.61,2024-10-07 12:36:00,Closed,"Sec 279, 337 IPC",Medium,93.6,Standard Monitoring
KSP/KAL/2024/03812,KPA 1963 VIOLATIONS,Kalaburagi,Brahampur,17.3911,76.7763,2024-06-01 19:55:00,Solved,"Sec 78, 87 KPA",Low,97.2,Standard Monitoring
KSP/DAV/2025/03813,MISSING PERSON,Davanagere,PJ Extension,14.45,75.9591,2025-05-30 04:00:00,Closed,Sec 363 IPC,Medium,85.9,Standard Monitoring
KSP/CHA/2024/03814,HURT / ASSAULT,Chamarajanagar,Gundlupet,11.8531,77.0168,2024-05-15 22:31:00,Closed,"Sec 323, 324, 504 IPC",High,97.6,High Risk Zone
KSP/BEL/2024/03815,HURT / ASSAULT,Belagavi,Khade Bazar,15.9236,74.5895,2024-03-05 10:44:00,Closed,"Sec 323, 324, 504 IPC",High,86.1,High Risk Zone
KSP/BAG/2025/03816,HURT / ASSAULT,Bagalkote,Ilkal,16.167,75.7266,2025-01-06 16:19:00,Investigating,"Sec 323, 324, 504 IPC",High,94.7,High Risk Zone
KSP/BEN/2025/03817,MOTOR VEHICLE ACCIDENTS NON-FATAL,Bengaluru City,Jayanagar,12.981,77.6503,2025-01-29 02:16:00,Pending,"Sec 279, 337 IPC",Medium,93.9,Standard Monitoring
KSP/BEN/2025/03818,HURT / ASSAULT,Bengaluru Dist,Hosakote,13.1499,77.5367,2025-06-13 12:21:00,Closed,"Sec 323, 324, 504 IPC",High,95.5,High Risk Zone
KSP/BEN/2024/03819,KPA 1963 VIOLATIONS,Bengaluru Dist,Hosakote,13.1164,77.5295,2024-03-10 05:57:00,Investigating,"Sec 78, 87 KPA",Low,88.2,Standard Monitoring
KSP/KAL/2026/03820,CrPC OFFENCES,Kalaburagi,Station Bazar,17.2706,76.8057,2026-01-06 16:44:00,Charge Sheeted,"Sec 107, 151 CrPC",Low,90.9,Standard Monitoring
KSP/BEN/2026/03821,CrPC OFFENCES,Bengaluru City,Koramangala,12.9361,77.6356,2026-04-23 07:31:00,Investigating,"Sec 107, 151 CrPC",Low,89.0,Standard Monitoring
KSP/BEL/2024/03822,THEFT,Belagavi,Tilakwadi,15.8691,74.5293,2024-05-17 09:03:00,Closed,Sec 379 IPC,Medium,91.1,Standard Monitoring
KSP/KAL/2024/03823,HURT / ASSAULT,Kalaburagi,Brahampur,17.3194,76.8754,2024-07-27 00:39:00,Closed,"Sec 323, 324, 504 IPC",High,94.9,High Risk Zone
KSP/BEN/2024/03824,KPA 1963 VIOLATIONS,Bengaluru City,Hebbal,12.9602,77.6098,2024-08-22 08:16:00,Pending,"Sec 78, 87 KPA",Low,96.1,Standard Monitoring
KSP/HUB/2025/03825,HURT / ASSAULT,Hubballi-Dharwad,Gokul Road,15.395,75.1743,2025-08-20 20:46:00,Investigating,"Sec 323, 324, 504 IPC",High,97.0,High Risk Zone
KSP/BEN/2024/03826,MOTOR VEHICLE ACCIDENTS NON-FATAL,Bengaluru City,Indiranagar,12.9208,77.5704,2024-08-02 05:13:00,Solved,"Sec 279, 337 IPC",Medium,95.1,Standard Monitoring
KSP/YAD/2025/03827,THEFT,Yadgir,Shorapur,16.7832,77.1002,2025-02-11 03:22:00,Pending,Sec 379 IPC,Medium,85.7,Standard Monitoring
KSP/BEN/2025/03828,MISSING PERSON,Bengaluru City,Cubbon Park,13.035,77.5666,2025-03-10 11:01:00,Investigating,Sec 363 IPC,Medium,91.9,Standard Monitoring
KSP/MYS/2026/03829,CrPC OFFENCES,Mysuru,Lashkar PS,12.3764,76.6549,2026-02-23 04:43:00,Pending,"Sec 107, 151 CrPC",Low,94.2,Standard Monitoring
KSP/BEN/2024/03830,BURGLARY / HOUSE BREAKING,Bengaluru Dist,Devanahalli,13.1347,77.5441,2024-06-10 11:17:00,Solved,"Sec 454, 457, 380 IPC",High,89.6,High Risk Zone
KSP/HUB/2026/03831,THEFT,Hubballi-Dharwad,Gokul Road,15.4305,75.1008,2026-01-31 15:58:00,Charge Sheeted,Sec 379 IPC,Medium,90.2,Standard Monitoring
KSP/VIJ/2025/03832,MISSING PERSON,Vijayanagara,Kudligi,15.2206,76.3777,2025-09-25 09:07:00,Charge Sheeted,Sec 363 IPC,Medium,92.5,Standard Monitoring
KSP/BEN/2024/03833,CrPC OFFENCES,Bengaluru City,Indiranagar,12.9116,77.6546,2024-05-04 10:03:00,Pending,"Sec 107, 151 CrPC",Low,94.5,Standard Monitoring
KSP/BEN/2026/03834,BURGLARY / HOUSE BREAKING,Bengaluru City,Electronic City,12.9083,77.584,2026-03-16 03:49:00,Pending,"Sec 454, 457, 380 IPC",High,97.1,High Risk Zone
KSP/BEN/2024/03835,BURGLARY / HOUSE BREAKING,Bengaluru City,Hebbal,12.9627,77.545,2024-01-14 19:12:00,Closed,"Sec 454, 457, 380 IPC",High,95.8,High Risk Zone
KSP/MAN/2026/03836,MOTOR VEHICLE ACCIDENTS NON-FATAL,Mandya,Srirangapatna,12.4877,76.909,2026-02-16 02:03:00,Pending,"Sec 279, 337 IPC",Medium,92.5,Standard Monitoring
KSP/DAV/2024/03837,THEFT,Davanagere,Harihar,14.4045,75.971,2024-01-05 03:45:00,Charge Sheeted,Sec 379 IPC,Medium,92.4,Standard Monitoring
KSP/BAL/2025/03838,THEFT,Ballari,Gandhinagar,15.1181,76.9843,2025-12-29 04:29:00,Investigating,Sec 379 IPC,Medium,85.4,Standard Monitoring
KSP/BEN/2025/03839,MISSING PERSON,Bengaluru Dist,Devanahalli,13.0268,77.6451,2025-11-06 05:32:00,Closed,Sec 363 IPC,Medium,90.5,Standard Monitoring
KSP/TUM/2024/03840,THEFT,Tumakuru,Gubbi,13.3446,77.0724,2024-05-20 13:30:00,Pending,Sec 379 IPC,Medium,96.0,Standard Monitoring
KSP/MAN/2026/03841,BURGLARY / HOUSE BREAKING,Mangaluru,Kadri,12.8759,74.7931,2026-06-01 11:23:00,Investigating,"Sec 454, 457, 380 IPC",High,89.9,High Risk Zone
KSP/VIJ/2025/03842,THEFT,Vijayapura,Gandhi Chowk,16.814,75.6613,2025-04-11 17:34:00,Closed,Sec 379 IPC,Medium,98.3,Standard Monitoring
KSP/CHI/2025/03843,BURGLARY / HOUSE BREAKING,Chikkamagaluru,Tarikere,13.2528,75.7822,2025-03-08 08:04:00,Investigating,"Sec 454, 457, 380 IPC",High,91.6,High Risk Zone
KSP/TUM/2026/03844,HURT / ASSAULT,Tumakuru,Tiptur,13.3163,77.0403,2026-06-07 18:51:00,Investigating,"Sec 323, 324, 504 IPC",High,94.1,High Risk Zone
KSP/DAV/2024/03845,MISSING PERSON,Davanagere,Vidyanagar,14.401,75.8437,2024-07-25 08:55:00,Pending,Sec 363 IPC,Medium,94.7,Standard Monitoring
KSP/SHI/2025/03846,NARCOTICS (NDPS),Shivamogga,Tunga Nagar,14.0009,75.6207,2025-09-27 11:20:00,Investigating,"Sec 20(b), 22 NDPS Act",Critical,96.3,High Risk Zone
KSP/BEN/2026/03847,CrPC OFFENCES,Bengaluru City,Koramangala,12.9335,77.6645,2026-06-25 09:38:00,Pending,"Sec 107, 151 CrPC",Low,91.2,Standard Monitoring
KSP/MAN/2024/03848,CrPC OFFENCES,Mangaluru,Urwa,12.8491,74.9071,2024-08-07 11:50:00,Investigating,"Sec 107, 151 CrPC",Low,87.5,Standard Monitoring
KSP/BAL/2025/03849,MISSING PERSON,Ballari,Hospet Town,15.1638,76.9507,2025-01-06 04:38:00,Pending,Sec 363 IPC,Medium,86.2,Standard Monitoring
KSP/BID/2026/03850,MISSING PERSON,Bidar,Basavakalyan,17.9723,77.4522,2026-03-23 13:28:00,Investigating,Sec 363 IPC,Medium,90.9,Standard Monitoring
KSP/BEN/2026/03851,THEFT,Bengaluru City,Koramangala,12.9612,77.616,2026-03-08 05:31:00,Charge Sheeted,Sec 379 IPC,Medium,94.0,Standard Monitoring
KSP/HUB/2026/03852,BURGLARY / HOUSE BREAKING,Hubballi-Dharwad,Dharwad Town,15.4353,75.1028,2026-02-23 08:39:00,Pending,"Sec 454, 457, 380 IPC",High,96.2,High Risk Zone
KSP/BEN/2026/03853,KPA 1963 VIOLATIONS,Bengaluru City,Electronic City,12.9235,77.6411,2026-04-09 19:47:00,Pending,"Sec 78, 87 KPA",Low,88.7,Standard Monitoring
KSP/VIJ/2025/03854,MISSING PERSON,Vijayanagara,Kudligi,15.2742,76.4281,2025-08-15 23:26:00,Pending,Sec 363 IPC,Medium,92.2,Standard Monitoring
KSP/BEN/2025/03855,NARCOTICS (NDPS),Bengaluru City,Electronic City,12.9408,77.5357,2025-09-26 05:00:00,Charge Sheeted,"Sec 20(b), 22 NDPS Act",Critical,97.7,High Risk Zone
KSP/UDU/2025/03856,THEFT,Udupi,Kundapura,13.3051,74.7322,2025-06-18 19:15:00,Solved,Sec 379 IPC,Medium,92.2,Standard Monitoring
KSP/BAG/2025/03857,CrPC OFFENCES,Bagalkote,Ilkal,16.2461,75.7696,2025-02-05 06:01:00,Closed,"Sec 107, 151 CrPC",Low,86.9,Standard Monitoring
KSP/BEN/2024/03858,MISSING PERSON,Bengaluru City,Indiranagar,13.0268,77.5169,2024-05-29 13:10:00,Investigating,Sec 363 IPC,Medium,96.3,Standard Monitoring
KSP/BAL/2025/03859,CrPC OFFENCES,Ballari,Hospet Town,15.1829,76.8623,2025-09-26 19:40:00,Pending,"Sec 107, 151 CrPC",Low,97.8,Standard Monitoring
KSP/BAL/2026/03860,CrPC OFFENCES,Ballari,Brucepet,15.0834,76.9564,2026-06-02 09:43:00,Closed,"Sec 107, 151 CrPC",Low,97.7,Standard Monitoring
KSP/MYS/2025/03861,HURT / ASSAULT,Mysuru,Nazarbad,12.2449,76.5787,2025-04-12 01:09:00,Solved,"Sec 323, 324, 504 IPC",High,90.6,High Risk Zone
KSP/BID/2026/03862,BURGLARY / HOUSE BREAKING,Bidar,Market PS,17.9483,77.5135,2026-02-17 12:11:00,Closed,"Sec 454, 457, 380 IPC",High,98.3,High Risk Zone
KSP/BEN/2025/03863,MOTOR VEHICLE ACCIDENTS NON-FATAL,Bengaluru City,Indiranagar,13.0186,77.6722,2025-01-12 00:25:00,Charge Sheeted,"Sec 279, 337 IPC",Medium,96.5,Standard Monitoring
KSP/VIJ/2024/03864,MISSING PERSON,Vijayanagara,Hospet Town,15.2859,76.4646,2024-08-04 12:10:00,Charge Sheeted,Sec 363 IPC,Medium,85.8,Standard Monitoring
KSP/BEL/2025/03865,MOTOR VEHICLE ACCIDENTS NON-FATAL,Belagavi,Camp PS,15.8932,74.4383,2025-04-07 12:51:00,Solved,"Sec 279, 337 IPC",Medium,97.8,Standard Monitoring
KSP/BEN/2026/03866,NARCOTICS (NDPS),Bengaluru City,Electronic City,13.0049,77.6122,2026-04-03 00:01:00,Pending,"Sec 20(b), 22 NDPS Act",Critical,88.7,High Risk Zone
KSP/BEN/2026/03867,MOTOR VEHICLE ACCIDENTS NON-FATAL,Bengaluru City,Whitefield,13.0184,77.6295,2026-06-21 21:31:00,Closed,"Sec 279, 337 IPC",Medium,97.7,Standard Monitoring
KSP/BEN/2024/03868,MISSING PERSON,Bengaluru City,Electronic City,13.045,77.5732,2024-09-13 10:03:00,Investigating,Sec 363 IPC,Medium,93.8,Standard Monitoring
KSP/BAG/2024/03869,MISSING PERSON,Bagalkote,Navanagar,16.1838,75.6354,2024-01-11 23:49:00,Charge Sheeted,Sec 363 IPC,Medium,98.0,Standard Monitoring
KSP/BEN/2024/03870,THEFT,Bengaluru Dist,Doddaballapura,13.08,77.6182,2024-09-30 12:22:00,Closed,Sec 379 IPC,Medium,88.4,Standard Monitoring
KSP/VIJ/2024/03871,KPA 1963 VIOLATIONS,Vijayanagara,Hospet Town,15.2147,76.3189,2024-04-18 01:01:00,Pending,"Sec 78, 87 KPA",Low,94.4,Standard Monitoring
KSP/TUM/2024/03872,MISSING PERSON,Tumakuru,Town PS,13.4031,77.0935,2024-05-13 05:33:00,Closed,Sec 363 IPC,Medium,96.6,Standard Monitoring
KSP/HUB/2025/03873,MISSING PERSON,Hubballi-Dharwad,Gokul Road,15.3116,75.19,2025-10-13 05:47:00,Closed,Sec 363 IPC,Medium,95.9,Standard Monitoring
KSP/UTT/2026/03874,BURGLARY / HOUSE BREAKING,Uttara Kannada,Dandeli,14.7465,74.0586,2026-04-25 05:06:00,Charge Sheeted,"Sec 454, 457, 380 IPC",High,89.0,High Risk Zone
KSP/HAV/2025/03875,MOTOR VEHICLE ACCIDENTS NON-FATAL,Haveri,Ranebennur,14.8616,75.3656,2025-07-09 15:36:00,Closed,"Sec 279, 337 IPC",Medium,88.5,Standard Monitoring
KSP/MYS/2025/03876,HURT / ASSAULT,Mysuru,Devaraja PS,12.3776,76.6175,2025-02-23 22:33:00,Charge Sheeted,"Sec 323, 324, 504 IPC",High,91.1,High Risk Zone
KSP/BEL/2025/03877,HURT / ASSAULT,Belagavi,Market PS,15.8454,74.4945,2025-01-31 04:24:00,Closed,"Sec 323, 324, 504 IPC",High,85.1,High Risk Zone
KSP/BEN/2025/03878,THEFT,Bengaluru City,Electronic City,13.0425,77.5973,2025-06-04 00:44:00,Solved,Sec 379 IPC,Medium,88.9,Standard Monitoring
KSP/RAM/2026/03879,MOTOR VEHICLE ACCIDENTS NON-FATAL,Ramanagara,Channapatna,12.7317,77.2151,2026-05-26 08:16:00,Solved,"Sec 279, 337 IPC",Medium,95.9,Standard Monitoring
KSP/BEN/2025/03880,KPA 1963 VIOLATIONS,Bengaluru City,Electronic City,13.0157,77.617,2025-01-14 02:06:00,Charge Sheeted,"Sec 78, 87 KPA",Low,86.1,Standard Monitoring
KSP/MYS/2025/03881,CrPC OFFENCES,Mysuru,Nazarbad,12.3489,76.6496,2025-02-18 12:25:00,Charge Sheeted,"Sec 107, 151 CrPC",Low,92.3,Standard Monitoring
KSP/CHI/2026/03882,CrPC OFFENCES,Chitradurga,Kote PS,14.1805,76.3518,2026-02-28 04:40:00,Pending,"Sec 107, 151 CrPC",Low,86.0,Standard Monitoring
KSP/HUB/2024/03883,MOTOR VEHICLE ACCIDENTS NON-FATAL,Hubballi-Dharwad,Kamripeth,15.311,75.0722,2024-04-03 09:06:00,Closed,"Sec 279, 337 IPC",Medium,90.5,Standard Monitoring
KSP/BEN/2025/03884,KPA 1963 VIOLATIONS,Bengaluru City,Koramangala,13.0476,77.5621,2025-09-05 01:01:00,Closed,"Sec 78, 87 KPA",Low,89.5,Standard Monitoring
KSP/TUM/2024/03885,HURT / ASSAULT,Tumakuru,Gubbi,13.3563,77.1461,2024-08-23 17:10:00,Investigating,"Sec 323, 324, 504 IPC",High,88.9,High Risk Zone
KSP/BEL/2024/03886,CrPC OFFENCES,Belagavi,Camp PS,15.776,74.5495,2024-03-06 12:31:00,Charge Sheeted,"Sec 107, 151 CrPC",Low,87.5,Standard Monitoring
KSP/BEN/2026/03887,MOTOR VEHICLE ACCIDENTS NON-FATAL,Bengaluru City,Hebbal,13.0269,77.5274,2026-04-24 10:57:00,Charge Sheeted,"Sec 279, 337 IPC",Medium,88.9,Standard Monitoring
KSP/BID/2025/03888,MOTOR VEHICLE ACCIDENTS NON-FATAL,Bidar,Market PS,17.9699,77.4798,2025-03-26 21:26:00,Closed,"Sec 279, 337 IPC",Medium,89.3,Standard Monitoring
KSP/KAL/2025/03889,THEFT,Kalaburagi,Ashok Nagar,17.3853,76.8773,2025-11-13 06:48:00,Solved,Sec 379 IPC,Medium,91.0,Standard Monitoring
KSP/BEN/2026/03890,MISSING PERSON,Bengaluru City,Hebbal,13.0498,77.5853,2026-03-24 04:41:00,Charge Sheeted,Sec 363 IPC,Medium,98.5,Standard Monitoring
KSP/MYS/2025/03891,MOTOR VEHICLE ACCIDENTS NON-FATAL,Mysuru,Vidyaranyapuram,12.3167,76.6551,2025-10-19 10:11:00,Pending,"Sec 279, 337 IPC",Medium,92.7,Standard Monitoring
KSP/RAM/2026/03892,MISSING PERSON,Ramanagara,Channapatna,12.6537,77.2774,2026-02-19 15:51:00,Pending,Sec 363 IPC,Medium,89.1,Standard Monitoring
KSP/KAL/2025/03893,MOTOR VEHICLE ACCIDENTS NON-FATAL,Kalaburagi,University PS,17.2832,76.8487,2025-08-24 20:51:00,Solved,"Sec 279, 337 IPC",Medium,87.3,Standard Monitoring
KSP/DAV/2024/03894,CrPC OFFENCES,Davanagere,Harihar,14.4497,75.8772,2024-01-12 09:29:00,Closed,"Sec 107, 151 CrPC",Low,96.6,Standard Monitoring
KSP/BEN/2025/03895,MOTOR VEHICLE ACCIDENTS NON-FATAL,Bengaluru City,Indiranagar,13.0184,77.6613,2025-09-09 07:18:00,Pending,"Sec 279, 337 IPC",Medium,96.1,Standard Monitoring
KSP/MAN/2024/03896,BURGLARY / HOUSE BREAKING,Mangaluru,Panambur,12.9761,74.7823,2024-04-11 11:43:00,Solved,"Sec 454, 457, 380 IPC",High,95.4,High Risk Zone
KSP/BEL/2024/03897,HURT / ASSAULT,Belagavi,Tilakwadi,15.8065,74.5732,2024-08-26 22:23:00,Pending,"Sec 323, 324, 504 IPC",High,85.9,High Risk Zone
KSP/BEN/2024/03898,CrPC OFFENCES,Bengaluru City,Cubbon Park,13.0389,77.6676,2024-03-29 17:15:00,Solved,"Sec 107, 151 CrPC",Low,86.3,Standard Monitoring
KSP/VIJ/2024/03899,MISSING PERSON,Vijayanagara,Hospet Town,15.2378,76.3407,2024-10-01 05:40:00,Investigating,Sec 363 IPC,Medium,87.0,Standard Monitoring
KSP/HUB/2025/03900,BURGLARY / HOUSE BREAKING,Hubballi-Dharwad,Vidyagiri,15.3631,75.1971,2025-02-07 15:43:00,Solved,"Sec 454, 457, 380 IPC",High,87.8,High Risk Zone
KSP/BEN/2025/03901,THEFT,Bengaluru Dist,Nelamangala,13.0478,77.5158,2025-06-15 02:20:00,Pending,Sec 379 IPC,Medium,86.3,Standard Monitoring
KSP/BEN/2026/03902,MISSING PERSON,Bengaluru City,Koramangala,12.924,77.6643,2026-01-08 00:57:00,Solved,Sec 363 IPC,Medium,89.8,Standard Monitoring
KSP/BEL/2025/03903,HURT / ASSAULT,Belagavi,Tilakwadi,15.7956,74.5004,2025-07-30 07:21:00,Pending,"Sec 323, 324, 504 IPC",High,90.6,High Risk Zone
KSP/KOP/2025/03904,MISSING PERSON,Koppal,Kushtagi,15.3438,76.1739,2025-01-10 09:15:00,Pending,Sec 363 IPC,Medium,88.9,Standard Monitoring
KSP/TUM/2024/03905,HURT / ASSAULT,Tumakuru,Town PS,13.3852,77.1335,2024-11-19 14:15:00,Closed,"Sec 323, 324, 504 IPC",High,93.6,High Risk Zone
KSP/BEN/2026/03906,MISSING PERSON,Bengaluru Dist,Devanahalli,13.1494,77.613,2026-01-06 02:09:00,Solved,Sec 363 IPC,Medium,89.2,Standard Monitoring
KSP/MYS/2026/03907,BURGLARY / HOUSE BREAKING,Mysuru,Lashkar PS,12.2821,76.6269,2026-01-26 13:05:00,Pending,"Sec 454, 457, 380 IPC",High,96.4,High Risk Zone
KSP/TUM/2025/03908,KPA 1963 VIOLATIONS,Tumakuru,Town PS,13.3185,77.0827,2025-10-18 01:10:00,Closed,"Sec 78, 87 KPA",Low,94.1,Standard Monitoring
KSP/TUM/2024/03909,THEFT,Tumakuru,Town PS,13.3544,77.0301,2024-11-23 14:15:00,Solved,Sec 379 IPC,Medium,92.4,Standard Monitoring
KSP/MAN/2025/03910,KPA 1963 VIOLATIONS,Mangaluru,Urwa,12.8572,74.9197,2025-12-22 13:34:00,Investigating,"Sec 78, 87 KPA",Low,91.1,Standard Monitoring
KSP/BEN/2026/03911,CrPC OFFENCES,Bengaluru City,Whitefield,12.9062,77.528,2026-05-13 14:11:00,Pending,"Sec 107, 151 CrPC",Low,97.4,Standard Monitoring
KSP/BEL/2025/03912,HURT / ASSAULT,Belagavi,Gokak,15.8677,74.5834,2025-02-06 23:47:00,Charge Sheeted,"Sec 323, 324, 504 IPC",High,88.0,High Risk Zone
KSP/BEN/2025/03913,MISSING PERSON,Bengaluru City,Electronic City,13.025,77.5594,2025-12-08 07:31:00,Charge Sheeted,Sec 363 IPC,Medium,92.9,Standard Monitoring
KSP/CHA/2025/03914,CrPC OFFENCES,Chamarajanagar,Town PS,11.9867,77.0088,2025-01-17 16:39:00,Investigating,"Sec 107, 151 CrPC",Low,96.2,Standard Monitoring
KSP/HAV/2024/03915,CrPC OFFENCES,Haveri,Byadgi,14.8745,75.4624,2024-12-05 01:21:00,Solved,"Sec 107, 151 CrPC",Low,85.6,Standard Monitoring
KSP/BEN/2024/03916,BURGLARY / HOUSE BREAKING,Bengaluru City,Whitefield,12.951,77.6482,2024-10-25 17:22:00,Charge Sheeted,"Sec 454, 457, 380 IPC",High,88.7,High Risk Zone
KSP/BEN/2024/03917,THEFT,Bengaluru City,Electronic City,13.0369,77.5253,2024-02-18 18:24:00,Charge Sheeted,Sec 379 IPC,Medium,98.0,Standard Monitoring
KSP/BEN/2025/03918,THEFT,Bengaluru City,Yelahanka,13.0008,77.5427,2025-04-11 12:31:00,Investigating,Sec 379 IPC,Medium,89.2,Standard Monitoring
KSP/BAL/2025/03919,MOTOR VEHICLE ACCIDENTS NON-FATAL,Ballari,Cowl Bazar,15.0956,76.954,2025-12-11 03:34:00,Closed,"Sec 279, 337 IPC",Medium,96.4,Standard Monitoring
KSP/BEN/2026/03920,THEFT,Bengaluru City,Indiranagar,12.9547,77.6287,2026-06-25 23:29:00,Charge Sheeted,Sec 379 IPC,Medium,86.0,Standard Monitoring
KSP/BEN/2025/03921,KPA 1963 VIOLATIONS,Bengaluru City,Electronic City,12.9129,77.5599,2025-08-08 10:51:00,Closed,"Sec 78, 87 KPA",Low,97.5,Standard Monitoring
KSP/BEN/2025/03922,THEFT,Bengaluru Dist,Hosakote,13.0916,77.5944,2025-12-02 23:35:00,Solved,Sec 379 IPC,Medium,93.9,Standard Monitoring
KSP/BEN/2025/03923,MISSING PERSON,Bengaluru Dist,Devanahalli,13.1413,77.6653,2025-04-28 02:22:00,Charge Sheeted,Sec 363 IPC,Medium,91.6,Standard Monitoring
KSP/MYS/2024/03924,CYBER CRIME & FRAUD,Mysuru,Nazarbad,12.3021,76.709,2024-07-22 03:09:00,Pending,"Sec 66D IT Act, 420 IPC",High,90.4,High Risk Zone
KSP/BEN/2024/03925,MOTOR VEHICLE ACCIDENTS NON-FATAL,Bengaluru City,Hebbal,12.9259,77.5689,2024-12-22 16:20:00,Pending,"Sec 279, 337 IPC",Medium,90.4,Standard Monitoring
KSP/HUB/2025/03926,MOTOR VEHICLE ACCIDENTS NON-FATAL,Hubballi-Dharwad,Suburban PS,15.3146,75.1547,2025-10-20 06:33:00,Solved,"Sec 279, 337 IPC",Medium,85.9,Standard Monitoring
KSP/BEN/2024/03927,CrPC OFFENCES,Bengaluru City,Cubbon Park,13.027,77.6338,2024-06-18 02:05:00,Pending,"Sec 107, 151 CrPC",Low,95.7,Standard Monitoring
KSP/GAD/2025/03928,CYBER CRIME & FRAUD,Gadag,Nargund,15.4138,75.5832,2025-12-10 21:32:00,Solved,"Sec 66D IT Act, 420 IPC",High,88.0,High Risk Zone
KSP/CHI/2025/03929,THEFT,Chikkaballapura,Town PS,13.4229,77.7781,2025-07-19 23:04:00,Charge Sheeted,Sec 379 IPC,Medium,88.4,Standard Monitoring
KSP/RAM/2026/03930,THEFT,Ramanagara,Channapatna,12.7383,77.2018,2026-05-16 09:29:00,Charge Sheeted,Sec 379 IPC,Medium,90.5,Standard Monitoring
KSP/BEN/2025/03931,MOTOR VEHICLE ACCIDENTS NON-FATAL,Bengaluru City,Koramangala,13.0107,77.6656,2025-02-02 04:00:00,Investigating,"Sec 279, 337 IPC",Medium,90.4,Standard Monitoring
KSP/SHI/2025/03932,CrPC OFFENCES,Shivamogga,Tunga Nagar,13.9798,75.4992,2025-11-19 05:14:00,Investigating,"Sec 107, 151 CrPC",Low,89.2,Standard Monitoring
KSP/GAD/2026/03933,ROBBERY / DACOITY,Gadag,Town PS,15.3567,75.6757,2026-02-06 05:32:00,Pending,"Sec 392, 395 IPC",Critical,85.9,High Risk Zone
KSP/RAI/2025/03934,MISSING PERSON,Raichur,Manvi,16.1826,77.3743,2025-02-10 01:27:00,Closed,Sec 363 IPC,Medium,87.3,Standard Monitoring
KSP/MYS/2026/03935,MOTOR VEHICLE ACCIDENTS NON-FATAL,Mysuru,KRS Road,12.3643,76.6487,2026-03-18 02:47:00,Charge Sheeted,"Sec 279, 337 IPC",Medium,92.8,Standard Monitoring
KSP/BEN/2024/03936,THEFT,Bengaluru City,Koramangala,12.9499,77.5455,2024-06-28 13:59:00,Pending,Sec 379 IPC,Medium,92.4,Standard Monitoring
KSP/BEN/2026/03937,NARCOTICS (NDPS),Bengaluru City,Jayanagar,12.9742,77.5545,2026-02-09 12:37:00,Charge Sheeted,"Sec 20(b), 22 NDPS Act",Critical,96.6,High Risk Zone
KSP/VIJ/2025/03938,ROBBERY / DACOITY,Vijayanagara,Kudligi,15.2091,76.458,2025-01-30 03:24:00,Closed,"Sec 392, 395 IPC",Critical,96.3,High Risk Zone
KSP/BEN/2025/03939,THEFT,Bengaluru City,Jayanagar,13.0403,77.5996,2025-08-22 06:54:00,Investigating,Sec 379 IPC,Medium,86.6,Standard Monitoring
KSP/BEN/2024/03940,ROBBERY / DACOITY,Bengaluru Dist,Devanahalli,13.1413,77.5364,2024-08-22 10:07:00,Investigating,"Sec 392, 395 IPC",Critical,92.2,High Risk Zone
KSP/MYS/2024/03941,HURT / ASSAULT,Mysuru,Devaraja PS,12.2257,76.6581,2024-07-21 16:15:00,Charge Sheeted,"Sec 323, 324, 504 IPC",High,86.6,High Risk Zone
KSP/BEN/2025/03942,CrPC OFFENCES,Bengaluru Dist,Hosakote,13.0146,77.6183,2025-02-08 10:16:00,Closed,"Sec 107, 151 CrPC",Low,89.6,Standard Monitoring
KSP/MYS/2024/03943,THEFT,Mysuru,Nazarbad,12.2643,76.5828,2024-12-20 23:04:00,Solved,Sec 379 IPC,Medium,98.2,Standard Monitoring
KSP/BEN/2026/03944,MOTOR VEHICLE ACCIDENTS NON-FATAL,Bengaluru City,Jayanagar,12.9973,77.5771,2026-04-26 12:14:00,Solved,"Sec 279, 337 IPC",Medium,91.5,Standard Monitoring
KSP/DAV/2024/03945,MOTOR VEHICLE ACCIDENTS NON-FATAL,Davanagere,Vidyanagar,14.5175,75.9094,2024-10-25 15:07:00,Charge Sheeted,"Sec 279, 337 IPC",Medium,93.3,Standard Monitoring
KSP/RAI/2025/03946,CYBER CRIME & FRAUD,Raichur,Manvi,16.1709,77.349,2025-04-11 04:46:00,Solved,"Sec 66D IT Act, 420 IPC",High,95.4,High Risk Zone
KSP/BEN/2025/03947,HURT / ASSAULT,Bengaluru Dist,Hosakote,13.101,77.5637,2025-11-21 14:40:00,Closed,"Sec 323, 324, 504 IPC",High,93.0,High Risk Zone
KSP/BEL/2025/03948,CYBER CRIME & FRAUD,Belagavi,Tilakwadi,15.7751,74.5693,2025-11-09 07:35:00,Solved,"Sec 66D IT Act, 420 IPC",High,85.5,High Risk Zone
KSP/BEN/2024/03949,MOTOR VEHICLE ACCIDENTS NON-FATAL,Bengaluru City,Whitefield,12.8954,77.5905,2024-04-20 12:57:00,Closed,"Sec 279, 337 IPC",Medium,88.2,Standard Monitoring
KSP/GAD/2024/03950,HURT / ASSAULT,Gadag,Town PS,15.4473,75.5549,2024-01-31 07:24:00,Charge Sheeted,"Sec 323, 324, 504 IPC",High,87.6,High Risk Zone
KSP/BEL/2025/03951,THEFT,Belagavi,Market PS,15.8624,74.5333,2025-01-01 04:55:00,Closed,Sec 379 IPC,Medium,90.4,Standard Monitoring
KSP/VIJ/2024/03952,THEFT,Vijayapura,Gol Gumbaz PS,16.8691,75.6781,2024-06-02 18:44:00,Investigating,Sec 379 IPC,Medium,88.7,Standard Monitoring
KSP/CHI/2024/03953,KPA 1963 VIOLATIONS,Chitradurga,Challakere,14.1811,76.4568,2024-11-30 07:22:00,Investigating,"Sec 78, 87 KPA",Low,94.6,Standard Monitoring
KSP/BAL/2024/03954,ROBBERY / DACOITY,Ballari,Cowl Bazar,15.1923,76.8917,2024-10-24 09:55:00,Solved,"Sec 392, 395 IPC",Critical,91.0,High Risk Zone
KSP/BEN/2024/03955,CrPC OFFENCES,Bengaluru City,Whitefield,12.9742,77.6691,2024-03-21 09:15:00,Closed,"Sec 107, 151 CrPC",Low,94.3,Standard Monitoring
KSP/BID/2025/03956,NARCOTICS (NDPS),Bidar,Basavakalyan,17.9742,77.556,2025-11-25 06:01:00,Investigating,"Sec 20(b), 22 NDPS Act",Critical,97.9,High Risk Zone
KSP/BEN/2026/03957,HURT / ASSAULT,Bengaluru City,Yelahanka,12.9474,77.5423,2026-02-15 21:31:00,Solved,"Sec 323, 324, 504 IPC",High,92.7,High Risk Zone
KSP/MYS/2025/03958,MOTOR VEHICLE ACCIDENTS NON-FATAL,Mysuru,KRS Road,12.3376,76.6401,2025-06-19 02:18:00,Pending,"Sec 279, 337 IPC",Medium,89.8,Standard Monitoring
KSP/BEL/2026/03959,BURGLARY / HOUSE BREAKING,Belagavi,Camp PS,15.9023,74.5198,2026-02-04 14:08:00,Investigating,"Sec 454, 457, 380 IPC",High,94.5,High Risk Zone
KSP/HAS/2026/03960,ROBBERY / DACOITY,Hassan,Arsikere,13.0053,76.0542,2026-04-26 21:52:00,Solved,"Sec 392, 395 IPC",Critical,95.0,High Risk Zone
KSP/CHA/2024/03961,CrPC OFFENCES,Chamarajanagar,Gundlupet,11.9543,76.9632,2024-11-18 02:09:00,Charge Sheeted,"Sec 107, 151 CrPC",Low,86.5,Standard Monitoring
KSP/MAN/2024/03962,HURT / ASSAULT,Mangaluru,Barkarke,12.8696,74.8402,2024-01-30 19:24:00,Pending,"Sec 323, 324, 504 IPC",High,88.4,High Risk Zone
KSP/BEL/2024/03963,THEFT,Belagavi,Tilakwadi,15.7842,74.4406,2024-08-19 14:04:00,Closed,Sec 379 IPC,Medium,90.5,Standard Monitoring
KSP/HUB/2025/03964,CYBER CRIME & FRAUD,Hubballi-Dharwad,Kamripeth,15.4088,75.0796,2025-06-27 08:45:00,Charge Sheeted,"Sec 66D IT Act, 420 IPC",High,87.2,High Risk Zone
KSP/HAS/2026/03965,KPA 1963 VIOLATIONS,Hassan,Arsikere,13.0055,76.0721,2026-02-11 20:52:00,Solved,"Sec 78, 87 KPA",Low,86.6,Standard Monitoring
KSP/DAV/2024/03966,CYBER CRIME & FRAUD,Davanagere,Harihar,14.4007,75.9599,2024-06-03 16:42:00,Closed,"Sec 66D IT Act, 420 IPC",High,92.6,High Risk Zone
KSP/BEN/2025/03967,NARCOTICS (NDPS),Bengaluru City,Jayanagar,12.918,77.6741,2025-08-10 13:03:00,Solved,"Sec 20(b), 22 NDPS Act",Critical,88.8,High Risk Zone
KSP/BEN/2024/03968,CrPC OFFENCES,Bengaluru City,Electronic City,12.9441,77.542,2024-02-02 03:44:00,Investigating,"Sec 107, 151 CrPC",Low,97.9,Standard Monitoring
KSP/BEN/2024/03969,MISSING PERSON,Bengaluru City,Jayanagar,13.0476,77.5353,2024-12-10 05:23:00,Charge Sheeted,Sec 363 IPC,Medium,96.3,Standard Monitoring
KSP/BEN/2024/03970,MOTOR VEHICLE ACCIDENTS NON-FATAL,Bengaluru City,Hebbal,12.9761,77.6176,2024-01-29 06:21:00,Investigating,"Sec 279, 337 IPC",Medium,95.9,Standard Monitoring
KSP/TUM/2026/03971,CYBER CRIME & FRAUD,Tumakuru,Tiptur,13.359,77.1046,2026-06-07 02:11:00,Charge Sheeted,"Sec 66D IT Act, 420 IPC",High,87.3,High Risk Zone
KSP/SHI/2026/03972,KPA 1963 VIOLATIONS,Shivamogga,Doddapet,13.8647,75.5454,2026-04-13 03:51:00,Investigating,"Sec 78, 87 KPA",Low,87.2,Standard Monitoring
KSP/HAV/2024/03973,KPA 1963 VIOLATIONS,Haveri,Byadgi,14.7871,75.3867,2024-01-02 21:09:00,Charge Sheeted,"Sec 78, 87 KPA",Low,91.9,Standard Monitoring
KSP/BID/2025/03974,HURT / ASSAULT,Bidar,Gandhi Gunj,17.9779,77.4735,2025-06-30 16:13:00,Investigating,"Sec 323, 324, 504 IPC",High,89.9,High Risk Zone
KSP/RAM/2026/03975,THEFT,Ramanagara,Channapatna,12.6494,77.2158,2026-05-27 12:05:00,Solved,Sec 379 IPC,Medium,85.7,Standard Monitoring
KSP/BEN/2025/03976,THEFT,Bengaluru City,Indiranagar,12.9224,77.6303,2025-03-23 00:07:00,Solved,Sec 379 IPC,Medium,93.9,Standard Monitoring
KSP/BAL/2026/03977,ROBBERY / DACOITY,Ballari,Hospet Town,15.2001,76.9269,2026-02-13 07:02:00,Closed,"Sec 392, 395 IPC",Critical,96.1,High Risk Zone
KSP/BEN/2024/03978,THEFT,Bengaluru City,Jayanagar,13.0371,77.6273,2024-12-29 19:09:00,Investigating,Sec 379 IPC,Medium,85.9,Standard Monitoring
KSP/BAL/2026/03979,MOTOR VEHICLE ACCIDENTS NON-FATAL,Ballari,Cowl Bazar,15.1532,76.8897,2026-01-13 10:31:00,Closed,"Sec 279, 337 IPC",Medium,95.8,Standard Monitoring
KSP/BAL/2025/03980,HURT / ASSAULT,Ballari,Hospet Town,15.2236,77.0013,2025-07-13 13:31:00,Pending,"Sec 323, 324, 504 IPC",High,93.2,High Risk Zone
KSP/BEN/2026/03981,CrPC OFFENCES,Bengaluru City,Yelahanka,13.038,77.5212,2026-05-17 15:34:00,Charge Sheeted,"Sec 107, 151 CrPC",Low,85.7,Standard Monitoring
KSP/HUB/2024/03982,HURT / ASSAULT,Hubballi-Dharwad,Dharwad Town,15.419,75.1735,2024-01-03 15:58:00,Investigating,"Sec 323, 324, 504 IPC",High,86.3,High Risk Zone
KSP/BEN/2025/03983,BURGLARY / HOUSE BREAKING,Bengaluru City,Koramangala,13.0496,77.5695,2025-10-30 03:46:00,Investigating,"Sec 454, 457, 380 IPC",High,94.3,High Risk Zone
KSP/MYS/2024/03984,KPA 1963 VIOLATIONS,Mysuru,Devaraja PS,12.3652,76.6631,2024-08-05 11:01:00,Solved,"Sec 78, 87 KPA",Low,87.9,Standard Monitoring
KSP/HUB/2024/03985,CrPC OFFENCES,Hubballi-Dharwad,Kamripeth,15.2885,75.1432,2024-01-26 03:18:00,Pending,"Sec 107, 151 CrPC",Low,91.5,Standard Monitoring
KSP/BEN/2026/03986,CrPC OFFENCES,Bengaluru Dist,Devanahalli,13.1182,77.556,2026-03-08 10:47:00,Solved,"Sec 107, 151 CrPC",Low,88.3,Standard Monitoring
KSP/HAS/2025/03987,HURT / ASSAULT,Hassan,City PS,12.9334,76.0251,2025-02-23 01:07:00,Charge Sheeted,"Sec 323, 324, 504 IPC",High,85.0,High Risk Zone
KSP/UDU/2026/03988,THEFT,Udupi,Malpe,13.3291,74.697,2026-01-28 18:13:00,Charge Sheeted,Sec 379 IPC,Medium,85.2,Standard Monitoring
KSP/BEN/2024/03989,MISSING PERSON,Bengaluru City,Whitefield,12.9387,77.5798,2024-03-07 01:19:00,Charge Sheeted,Sec 363 IPC,Medium,91.5,Standard Monitoring
KSP/BID/2024/03990,MOTOR VEHICLE ACCIDENTS NON-FATAL,Bidar,Bhalki,17.9576,77.5572,2024-07-23 18:33:00,Investigating,"Sec 279, 337 IPC",Medium,88.1,Standard Monitoring
KSP/BEN/2025/03991,MOTOR VEHICLE ACCIDENTS NON-FATAL,Bengaluru City,Yelahanka,13.041,77.6303,2025-12-18 00:34:00,Closed,"Sec 279, 337 IPC",Medium,92.8,Standard Monitoring
KSP/BEN/2025/03992,MOTOR VEHICLE ACCIDENTS NON-FATAL,Bengaluru City,Cubbon Park,12.9614,77.5483,2025-03-21 04:09:00,Closed,"Sec 279, 337 IPC",Medium,85.0,Standard Monitoring
KSP/BEN/2024/03993,MOTOR VEHICLE ACCIDENTS NON-FATAL,Bengaluru Dist,Hosakote,13.099,77.5652,2024-05-18 08:25:00,Closed,"Sec 279, 337 IPC",Medium,89.7,Standard Monitoring
KSP/BEN/2024/03994,ROBBERY / DACOITY,Bengaluru City,Hebbal,12.9867,77.6078,2024-05-21 02:11:00,Closed,"Sec 392, 395 IPC",Critical,90.9,High Risk Zone
KSP/BEN/2024/03995,CYBER CRIME & FRAUD,Bengaluru City,Whitefield,12.9568,77.6027,2024-09-10 01:06:00,Solved,"Sec 66D IT Act, 420 IPC",High,91.7,High Risk Zone
KSP/BEN/2025/03996,BURGLARY / HOUSE BREAKING,Bengaluru City,Electronic City,12.9139,77.5651,2025-08-28 21:40:00,Solved,"Sec 454, 457, 380 IPC",High,96.7,High Risk Zone
KSP/BEN/2025/03997,MOTOR VEHICLE ACCIDENTS NON-FATAL,Bengaluru City,Jayanagar,12.9168,77.6268,2025-12-30 16:31:00,Solved,"Sec 279, 337 IPC",Medium,92.2,Standard Monitoring
KSP/BEN/2024/03998,MOTOR VEHICLE ACCIDENTS NON-FATAL,Bengaluru City,Yelahanka,12.9288,77.5376,2024-10-08 02:34:00,Charge Sheeted,"Sec 279, 337 IPC",Medium,85.1,Standard Monitoring
KSP/HUB/2025/03999,MISSING PERSON,Hubballi-Dharwad,Vidyagiri,15.4171,75.0733,2025-11-18 23:08:00,Closed,Sec 363 IPC,Medium,90.2,Standard Monitoring
KSP/BEN/2025/04000,KPA 1963 VIOLATIONS,Bengaluru Dist,Doddaballapura,13.1369,77.6281,2025-06-28 12:37:00,Closed,"Sec 78, 87 KPA",Low,91.7,Standard Monitoring
KSP/BEN/2024/04001,MISSING PERSON,Bengaluru City,Whitefield,12.8964,77.5511,2024-01-07 17:32:00,Investigating,Sec 363 IPC,Medium,94.3,Standard Monitoring
KSP/CHI/2026/04002,MISSING PERSON,Chitradurga,Kote PS,14.2916,76.351,2026-05-16 01:27:00,Charge Sheeted,Sec 363 IPC,Medium,97.4,Standard Monitoring
KSP/BEN/2026/04003,MOTOR VEHICLE ACCIDENTS NON-FATAL,Bengaluru City,Whitefield,13.0206,77.6243,2026-07-25 11:24:00,Closed,"Sec 279, 337 IPC",Medium,92.3,Standard Monitoring
KSP/KAL/2026/04004,MOTOR VEHICLE ACCIDENTS NON-FATAL,Kalaburagi,Ashok Nagar,17.4059,76.8889,2026-02-12 06:11:00,Pending,"Sec 279, 337 IPC",Medium,92.5,Standard Monitoring
KSP/BEN/2025/04005,CrPC OFFENCES,Bengaluru Dist,Doddaballapura,13.0343,77.5153,2025-04-30 23:55:00,Investigating,"Sec 107, 151 CrPC",Low,92.4,Standard Monitoring
KSP/BEN/2025/04006,CrPC OFFENCES,Bengaluru City,Hebbal,13.0455,77.6373,2025-09-28 13:34:00,Pending,"Sec 107, 151 CrPC",Low,86.1,Standard Monitoring
KSP/CHI/2026/04007,CYBER CRIME & FRAUD,Chitradurga,Hiriyur,14.1785,76.3941,2026-01-02 22:27:00,Charge Sheeted,"Sec 66D IT Act, 420 IPC",High,88.0,High Risk Zone
KSP/CHA/2026/04008,BURGLARY / HOUSE BREAKING,Chamarajanagar,Town PS,11.8816,76.8811,2026-07-14 18:23:00,Solved,"Sec 454, 457, 380 IPC",High,96.3,High Risk Zone
KSP/BEN/2024/04009,CrPC OFFENCES,Bengaluru City,Whitefield,12.9984,77.6047,2024-05-30 23:11:00,Investigating,"Sec 107, 151 CrPC",Low,93.3,Standard Monitoring
KSP/RAM/2025/04010,NARCOTICS (NDPS),Ramanagara,Channapatna,12.7037,77.3017,2025-06-06 17:30:00,Solved,"Sec 20(b), 22 NDPS Act",Critical,86.1,High Risk Zone
KSP/TUM/2025/04011,MOTOR VEHICLE ACCIDENTS NON-FATAL,Tumakuru,Tiptur,13.3184,77.159,2025-12-31 17:13:00,Closed,"Sec 279, 337 IPC",Medium,94.6,Standard Monitoring
KSP/BEN/2025/04012,HURT / ASSAULT,Bengaluru City,Indiranagar,12.9863,77.5192,2025-01-28 02:29:00,Solved,"Sec 323, 324, 504 IPC",High,97.6,High Risk Zone
KSP/BEN/2025/04013,MISSING PERSON,Bengaluru City,Yelahanka,12.9881,77.5467,2025-05-28 01:33:00,Pending,Sec 363 IPC,Medium,88.8,Standard Monitoring
KSP/KOD/2025/04014,MISSING PERSON,Kodagu,Somwarpet,12.4563,75.753,2025-05-14 12:29:00,Pending,Sec 363 IPC,Medium,95.6,Standard Monitoring
KSP/BEN/2024/04015,CrPC OFFENCES,Bengaluru City,Whitefield,12.9481,77.6113,2024-09-06 06:36:00,Closed,"Sec 107, 151 CrPC",Low,95.7,Standard Monitoring
KSP/BAL/2026/04016,KPA 1963 VIOLATIONS,Ballari,Cowl Bazar,15.0707,76.9605,2026-03-16 13:20:00,Charge Sheeted,"Sec 78, 87 KPA",Low,86.6,Standard Monitoring
KSP/HAS/2026/04017,KPA 1963 VIOLATIONS,Hassan,Gorur,13.0484,76.0765,2026-07-08 10:53:00,Pending,"Sec 78, 87 KPA",Low,90.0,Standard Monitoring
KSP/MAN/2024/04018,MISSING PERSON,Mangaluru,Surathkal,12.8497,74.8281,2024-11-13 21:09:00,Closed,Sec 363 IPC,Medium,92.3,Standard Monitoring
KSP/BEN/2024/04019,KPA 1963 VIOLATIONS,Bengaluru City,Yelahanka,12.8964,77.5542,2024-11-04 05:59:00,Solved,"Sec 78, 87 KPA",Low,91.0,Standard Monitoring
KSP/BEN/2026/04020,MOTOR VEHICLE ACCIDENTS NON-FATAL,Bengaluru City,Cubbon Park,12.9464,77.6159,2026-06-21 20:08:00,Charge Sheeted,"Sec 279, 337 IPC",Medium,93.9,Standard Monitoring
KSP/TUM/2026/04021,MOTOR VEHICLE ACCIDENTS NON-FATAL,Tumakuru,Tiptur,13.3541,77.0333,2026-07-25 21:53:00,Investigating,"Sec 279, 337 IPC",Medium,98.2,Standard Monitoring
KSP/CHI/2025/04022,NARCOTICS (NDPS),Chitradurga,Challakere,14.1787,76.3868,2025-11-08 04:59:00,Closed,"Sec 20(b), 22 NDPS Act",Critical,86.3,High Risk Zone
KSP/BEL/2025/04023,HURT / ASSAULT,Belagavi,Tilakwadi,15.8825,74.5957,2025-04-20 08:58:00,Pending,"Sec 323, 324, 504 IPC",High,96.6,High Risk Zone
KSP/HAS/2025/04024,BURGLARY / HOUSE BREAKING,Hassan,Gorur,13.0831,76.0892,2025-04-24 23:28:00,Closed,"Sec 454, 457, 380 IPC",High,85.4,High Risk Zone
KSP/BEN/2026/04025,HURT / ASSAULT,Bengaluru City,Hebbal,13.0407,77.6334,2026-02-23 09:11:00,Solved,"Sec 323, 324, 504 IPC",High,86.8,High Risk Zone
KSP/BEN/2024/04026,MOTOR VEHICLE ACCIDENTS NON-FATAL,Bengaluru City,Jayanagar,12.9709,77.6197,2024-07-14 19:57:00,Investigating,"Sec 279, 337 IPC",Medium,88.5,Standard Monitoring
KSP/BEN/2025/04027,THEFT,Bengaluru City,Koramangala,12.8918,77.5212,2025-06-04 23:56:00,Charge Sheeted,Sec 379 IPC,Medium,90.3,Standard Monitoring
KSP/BEL/2026/04028,MOTOR VEHICLE ACCIDENTS NON-FATAL,Belagavi,Khade Bazar,15.8482,74.4401,2026-06-25 09:14:00,Charge Sheeted,"Sec 279, 337 IPC",Medium,94.2,Standard Monitoring
KSP/BEN/2026/04029,HURT / ASSAULT,Bengaluru Dist,Hosakote,13.1553,77.6107,2026-03-19 04:01:00,Charge Sheeted,"Sec 323, 324, 504 IPC",High,89.5,High Risk Zone
KSP/BEN/2024/04030,BURGLARY / HOUSE BREAKING,Bengaluru City,Cubbon Park,12.9078,77.5854,2024-03-01 12:59:00,Closed,"Sec 454, 457, 380 IPC",High,88.5,High Risk Zone
KSP/SHI/2024/04031,CYBER CRIME & FRAUD,Shivamogga,Bhadravathi,14.0097,75.5759,2024-11-29 04:07:00,Closed,"Sec 66D IT Act, 420 IPC",High,97.8,High Risk Zone
KSP/BEN/2025/04032,NARCOTICS (NDPS),Bengaluru City,Hebbal,13.0505,77.5849,2025-06-01 01:03:00,Pending,"Sec 20(b), 22 NDPS Act",Critical,85.8,High Risk Zone
KSP/BEN/2025/04033,CrPC OFFENCES,Bengaluru City,Hebbal,13.0339,77.6452,2025-11-14 21:48:00,Solved,"Sec 107, 151 CrPC",Low,86.5,Standard Monitoring
KSP/BEL/2024/04034,NARCOTICS (NDPS),Belagavi,Camp PS,15.8255,74.5194,2024-08-27 14:56:00,Investigating,"Sec 20(b), 22 NDPS Act",Critical,90.7,High Risk Zone
KSP/MAN/2024/04035,ROBBERY / DACOITY,Mangaluru,Kadri,12.8605,74.8782,2024-06-05 11:38:00,Solved,"Sec 392, 395 IPC",Critical,86.9,High Risk Zone
KSP/UDU/2024/04036,CrPC OFFENCES,Udupi,Town PS,13.2896,74.6825,2024-03-04 11:37:00,Solved,"Sec 107, 151 CrPC",Low,86.9,Standard Monitoring
KSP/VIJ/2025/04037,MOTOR VEHICLE ACCIDENTS NON-FATAL,Vijayapura,Adarsh Nagar,16.84,75.7099,2025-09-27 21:39:00,Solved,"Sec 279, 337 IPC",Medium,89.3,Standard Monitoring
KSP/RAI/2026/04038,MISSING PERSON,Raichur,Manvi,16.2835,77.4032,2026-01-06 00:26:00,Investigating,Sec 363 IPC,Medium,93.3,Standard Monitoring
KSP/BEN/2024/04039,KPA 1963 VIOLATIONS,Bengaluru City,Indiranagar,12.9435,77.5984,2024-05-11 14:21:00,Solved,"Sec 78, 87 KPA",Low,92.8,Standard Monitoring
KSP/MYS/2025/04040,CrPC OFFENCES,Mysuru,Nazarbad,12.2782,76.6626,2025-08-30 17:45:00,Charge Sheeted,"Sec 107, 151 CrPC",Low,95.4,Standard Monitoring
KSP/BEN/2026/04041,NARCOTICS (NDPS),Bengaluru City,Electronic City,12.9133,77.5244,2026-06-19 03:36:00,Solved,"Sec 20(b), 22 NDPS Act",Critical,86.4,High Risk Zone
KSP/BEL/2024/04042,MOTOR VEHICLE ACCIDENTS NON-FATAL,Belagavi,Khade Bazar,15.8073,74.4899,2024-05-02 17:26:00,Solved,"Sec 279, 337 IPC",Medium,86.4,Standard Monitoring
KSP/CHI/2025/04043,KPA 1963 VIOLATIONS,Chikkamagaluru,Kadur,13.3436,75.8426,2025-04-08 19:26:00,Solved,"Sec 78, 87 KPA",Low,91.3,Standard Monitoring
KSP/KAL/2024/04044,CrPC OFFENCES,Kalaburagi,Brahampur,17.3563,76.8458,2024-12-02 20:34:00,Investigating,"Sec 107, 151 CrPC",Low,86.9,Standard Monitoring
KSP/BEN/2026/04045,CYBER CRIME & FRAUD,Bengaluru City,Cubbon Park,12.9513,77.61,2026-07-25 18:55:00,Pending,"Sec 66D IT Act, 420 IPC",High,93.5,High Risk Zone
KSP/BEN/2024/04046,MISSING PERSON,Bengaluru City,Indiranagar,12.9889,77.5815,2024-07-29 14:28:00,Investigating,Sec 363 IPC,Medium,86.7,Standard Monitoring
KSP/BEL/2024/04047,MISSING PERSON,Belagavi,Gokak,15.8344,74.534,2024-12-18 21:15:00,Closed,Sec 363 IPC,Medium,87.5,Standard Monitoring
KSP/BEN/2024/04048,KPA 1963 VIOLATIONS,Bengaluru Dist,Devanahalli,13.0453,77.5652,2024-09-09 23:12:00,Pending,"Sec 78, 87 KPA",Low,89.6,Standard Monitoring
KSP/BEN/2024/04049,MOTOR VEHICLE ACCIDENTS NON-FATAL,Bengaluru Dist,Nelamangala,13.1193,77.5386,2024-06-22 08:00:00,Closed,"Sec 279, 337 IPC",Medium,93.4,Standard Monitoring
KSP/RAM/2025/04050,MISSING PERSON,Ramanagara,Channapatna,12.6507,77.2082,2025-07-19 23:14:00,Investigating,Sec 363 IPC,Medium,91.9,Standard Monitoring
KSP/BEN/2024/04051,ROBBERY / DACOITY,Bengaluru City,Koramangala,12.9583,77.6056,2024-04-17 16:18:00,Closed,"Sec 392, 395 IPC",Critical,97.6,High Risk Zone
KSP/MAN/2024/04052,MOTOR VEHICLE ACCIDENTS NON-FATAL,Mangaluru,Urwa,12.9143,74.8931,2024-10-27 15:28:00,Closed,"Sec 279, 337 IPC",Medium,97.4,Standard Monitoring
KSP/BEN/2024/04053,MOTOR VEHICLE ACCIDENTS NON-FATAL,Bengaluru City,Electronic City,12.9937,77.5832,2024-07-03 17:14:00,Solved,"Sec 279, 337 IPC",Medium,95.5,Standard Monitoring
KSP/BEN/2024/04054,MISSING PERSON,Bengaluru City,Yelahanka,13.0017,77.6136,2024-01-13 06:44:00,Investigating,Sec 363 IPC,Medium,86.6,Standard Monitoring
KSP/BEN/2025/04055,KPA 1963 VIOLATIONS,Bengaluru City,Cubbon Park,13.0509,77.5788,2025-12-27 05:51:00,Investigating,"Sec 78, 87 KPA",Low,96.6,Standard Monitoring
KSP/HUB/2026/04056,KPA 1963 VIOLATIONS,Hubballi-Dharwad,Suburban PS,15.3758,75.1371,2026-07-06 01:25:00,Solved,"Sec 78, 87 KPA",Low,88.8,Standard Monitoring
KSP/DAV/2025/04057,KPA 1963 VIOLATIONS,Davanagere,Harihar,14.4823,75.9525,2025-11-06 12:10:00,Charge Sheeted,"Sec 78, 87 KPA",Low,94.2,Standard Monitoring
KSP/BEN/2024/04058,CYBER CRIME & FRAUD,Bengaluru City,Jayanagar,13.0247,77.5368,2024-01-06 07:42:00,Pending,"Sec 66D IT Act, 420 IPC",High,96.3,High Risk Zone
KSP/BEN/2024/04059,THEFT,Bengaluru City,Electronic City,12.9228,77.6111,2024-10-26 01:39:00,Solved,Sec 379 IPC,Medium,95.0,Standard Monitoring
KSP/CHI/2025/04060,CrPC OFFENCES,Chikkamagaluru,Basavanahalli,13.3016,75.7755,2025-01-03 23:16:00,Charge Sheeted,"Sec 107, 151 CrPC",Low,90.3,Standard Monitoring
KSP/VIJ/2026/04061,MOTOR VEHICLE ACCIDENTS NON-FATAL,Vijayapura,Gol Gumbaz PS,16.8555,75.7847,2026-02-13 19:47:00,Investigating,"Sec 279, 337 IPC",Medium,95.1,Standard Monitoring
KSP/BEN/2025/04062,MOTOR VEHICLE ACCIDENTS NON-FATAL,Bengaluru City,Indiranagar,12.9243,77.6059,2025-03-08 07:08:00,Solved,"Sec 279, 337 IPC",Medium,87.1,Standard Monitoring
KSP/BEN/2024/04063,ROBBERY / DACOITY,Bengaluru City,Cubbon Park,12.9604,77.5647,2024-05-20 02:31:00,Charge Sheeted,"Sec 392, 395 IPC",Critical,86.8,High Risk Zone
KSP/BEN/2025/04064,MOTOR VEHICLE ACCIDENTS NON-FATAL,Bengaluru Dist,Doddaballapura,13.0943,77.5719,2025-03-03 15:12:00,Solved,"Sec 279, 337 IPC",Medium,96.8,Standard Monitoring
KSP/CHI/2026/04065,ROBBERY / DACOITY,Chikkamagaluru,Tarikere,13.3232,75.8254,2026-05-09 04:30:00,Closed,"Sec 392, 395 IPC",Critical,94.0,High Risk Zone
KSP/MAN/2026/04066,CrPC OFFENCES,Mangaluru,Barkarke,12.9003,74.8155,2026-05-21 21:27:00,Solved,"Sec 107, 151 CrPC",Low,87.0,Standard Monitoring
KSP/MAN/2024/04067,THEFT,Mangaluru,Urwa,12.8968,74.895,2024-04-04 04:27:00,Investigating,Sec 379 IPC,Medium,89.9,Standard Monitoring
KSP/KOL/2025/04068,THEFT,Kolar,Robertsonpet,13.0896,78.175,2025-04-08 08:49:00,Closed,Sec 379 IPC,Medium,98.4,Standard Monitoring
KSP/BEN/2024/04069,MOTOR VEHICLE ACCIDENTS NON-FATAL,Bengaluru City,Hebbal,13.0473,77.6726,2024-06-13 21:10:00,Pending,"Sec 279, 337 IPC",Medium,87.9,Standard Monitoring
KSP/BEN/2025/04070,THEFT,Bengaluru City,Whitefield,13.0249,77.6434,2025-04-28 13:12:00,Pending,Sec 379 IPC,Medium,88.9,Standard Monitoring
KSP/BEN/2025/04071,KPA 1963 VIOLATIONS,Bengaluru City,Whitefield,12.9236,77.5727,2025-06-19 16:44:00,Solved,"Sec 78, 87 KPA",Low,92.8,Standard Monitoring
KSP/BID/2024/04072,HURT / ASSAULT,Bidar,Gandhi Gunj,17.9347,77.5556,2024-01-25 08:24:00,Closed,"Sec 323, 324, 504 IPC",High,93.1,High Risk Zone
KSP/BID/2026/04073,MOTOR VEHICLE ACCIDENTS NON-FATAL,Bidar,Basavakalyan,17.9385,77.5506,2026-01-10 13:07:00,Closed,"Sec 279, 337 IPC",Medium,89.0,Standard Monitoring
KSP/TUM/2025/04074,KPA 1963 VIOLATIONS,Tumakuru,Tiptur,13.3697,77.1259,2025-11-11 17:19:00,Pending,"Sec 78, 87 KPA",Low,95.7,Standard Monitoring
KSP/RAI/2025/04075,ROBBERY / DACOITY,Raichur,Sindhanur,16.2225,77.3098,2025-11-18 19:31:00,Investigating,"Sec 392, 395 IPC",Critical,89.6,High Risk Zone
KSP/HUB/2025/04076,THEFT,Hubballi-Dharwad,Suburban PS,15.3752,75.1029,2025-02-14 08:51:00,Investigating,Sec 379 IPC,Medium,98.0,Standard Monitoring
KSP/HAV/2026/04077,ROBBERY / DACOITY,Haveri,Town PS,14.866,75.3233,2026-01-01 07:36:00,Closed,"Sec 392, 395 IPC",Critical,94.8,High Risk Zone
KSP/BEN/2024/04078,THEFT,Bengaluru City,Whitefield,12.8977,77.6244,2024-12-30 00:28:00,Closed,Sec 379 IPC,Medium,97.4,Standard Monitoring
KSP/BEL/2025/04079,MOTOR VEHICLE ACCIDENTS NON-FATAL,Belagavi,Gokak,15.7794,74.5445,2025-01-14 07:14:00,Charge Sheeted,"Sec 279, 337 IPC",Medium,97.1,Standard Monitoring
KSP/BEN/2024/04080,CrPC OFFENCES,Bengaluru City,Koramangala,12.9147,77.6495,2024-06-11 15:53:00,Solved,"Sec 107, 151 CrPC",Low,94.0,Standard Monitoring
KSP/MAN/2024/04081,THEFT,Mangaluru,Urwa,12.9394,74.8751,2024-09-25 20:54:00,Investigating,Sec 379 IPC,Medium,92.8,Standard Monitoring
KSP/BEN/2025/04082,MOTOR VEHICLE ACCIDENTS NON-FATAL,Bengaluru Dist,Hosakote,13.0467,77.6478,2025-05-29 17:28:00,Closed,"Sec 279, 337 IPC",Medium,86.4,Standard Monitoring
KSP/MYS/2024/04083,HURT / ASSAULT,Mysuru,Devaraja PS,12.3208,76.6903,2024-10-19 23:46:00,Solved,"Sec 323, 324, 504 IPC",High,98.4,High Risk Zone
KSP/KOD/2024/04084,THEFT,Kodagu,Madikeri Town,12.3509,75.7329,2024-10-06 05:21:00,Pending,Sec 379 IPC,Medium,85.6,Standard Monitoring
KSP/BEN/2025/04085,CrPC OFFENCES,Bengaluru City,Cubbon Park,13.0044,77.6183,2025-06-06 15:52:00,Closed,"Sec 107, 151 CrPC",Low,94.8,Standard Monitoring
KSP/BEN/2025/04086,ROBBERY / DACOITY,Bengaluru City,Koramangala,13.0148,77.6413,2025-10-06 00:09:00,Investigating,"Sec 392, 395 IPC",Critical,95.9,High Risk Zone
KSP/MYS/2026/04087,KPA 1963 VIOLATIONS,Mysuru,Lashkar PS,12.3353,76.6498,2026-02-02 02:19:00,Pending,"Sec 78, 87 KPA",Low,94.2,Standard Monitoring
KSP/BEL/2024/04088,MISSING PERSON,Belagavi,Khade Bazar,15.8429,74.4744,2024-07-01 23:18:00,Closed,Sec 363 IPC,Medium,97.1,Standard Monitoring
KSP/MYS/2026/04089,CrPC OFFENCES,Mysuru,Vidyaranyapuram,12.3501,76.6868,2026-03-31 10:16:00,Pending,"Sec 107, 151 CrPC",Low,95.1,Standard Monitoring
KSP/BEN/2025/04090,MISSING PERSON,Bengaluru City,Electronic City,12.8918,77.6373,2025-02-15 08:58:00,Solved,Sec 363 IPC,Medium,91.1,Standard Monitoring
KSP/DAV/2024/04091,NARCOTICS (NDPS),Davanagere,Harihar,14.4436,75.8553,2024-01-05 14:31:00,Solved,"Sec 20(b), 22 NDPS Act",Critical,93.0,High Risk Zone
KSP/BAG/2025/04092,HURT / ASSAULT,Bagalkote,Jamkhandi,16.2098,75.6703,2025-04-15 19:33:00,Pending,"Sec 323, 324, 504 IPC",High,97.9,High Risk Zone
KSP/BEN/2026/04093,MOTOR VEHICLE ACCIDENTS NON-FATAL,Bengaluru City,Indiranagar,12.9506,77.6687,2026-01-17 14:10:00,Investigating,"Sec 279, 337 IPC",Medium,86.3,Standard Monitoring
KSP/BEN/2025/04094,HURT / ASSAULT,Bengaluru City,Cubbon Park,12.9467,77.523,2025-01-12 06:08:00,Solved,"Sec 323, 324, 504 IPC",High,97.4,High Risk Zone
KSP/DAV/2025/04095,MISSING PERSON,Davanagere,Azad Nagar,14.4591,75.9475,2025-10-22 01:49:00,Pending,Sec 363 IPC,Medium,88.7,Standard Monitoring
KSP/KAL/2024/04096,MOTOR VEHICLE ACCIDENTS NON-FATAL,Kalaburagi,University PS,17.3699,76.8849,2024-04-23 20:01:00,Investigating,"Sec 279, 337 IPC",Medium,87.8,Standard Monitoring
KSP/BEN/2025/04097,THEFT,Bengaluru City,Whitefield,12.9233,77.5768,2025-03-18 18:59:00,Charge Sheeted,Sec 379 IPC,Medium,90.3,Standard Monitoring
KSP/HAV/2024/04098,MOTOR VEHICLE ACCIDENTS NON-FATAL,Haveri,Ranebennur,14.7199,75.4559,2024-06-05 11:10:00,Pending,"Sec 279, 337 IPC",Medium,93.8,Standard Monitoring
KSP/BEN/2024/04099,THEFT,Bengaluru City,Cubbon Park,13.0258,77.5342,2024-04-15 11:56:00,Solved,Sec 379 IPC,Medium,97.9,Standard Monitoring
KSP/BEN/2024/04100,THEFT,Bengaluru Dist,Nelamangala,13.0298,77.5808,2024-04-14 20:06:00,Pending,Sec 379 IPC,Medium,92.0,Standard Monitoring
KSP/BID/2025/04101,MOTOR VEHICLE ACCIDENTS NON-FATAL,Bidar,Market PS,17.9702,77.4593,2025-09-29 23:53:00,Investigating,"Sec 279, 337 IPC",Medium,94.6,Standard Monitoring
KSP/KAL/2024/04102,CrPC OFFENCES,Kalaburagi,Brahampur,17.3297,76.7914,2024-12-11 05:10:00,Charge Sheeted,"Sec 107, 151 CrPC",Low,97.4,Standard Monitoring
KSP/CHA/2025/04103,MISSING PERSON,Chamarajanagar,Kollegal,11.9414,76.9357,2025-10-16 07:22:00,Investigating,Sec 363 IPC,Medium,97.0,Standard Monitoring
KSP/BEN/2024/04104,BURGLARY / HOUSE BREAKING,Bengaluru City,Whitefield,13.0042,77.6552,2024-04-26 12:11:00,Investigating,"Sec 454, 457, 380 IPC",High,96.3,High Risk Zone
KSP/BEL/2024/04105,MOTOR VEHICLE ACCIDENTS NON-FATAL,Belagavi,Tilakwadi,15.7897,74.5505,2024-11-20 10:54:00,Charge Sheeted,"Sec 279, 337 IPC",Medium,93.6,Standard Monitoring
KSP/KOD/2026/04106,HURT / ASSAULT,Kodagu,Somwarpet,12.4951,75.7564,2026-06-01 12:06:00,Pending,"Sec 323, 324, 504 IPC",High,94.0,High Risk Zone
KSP/HUB/2025/04107,MOTOR VEHICLE ACCIDENTS NON-FATAL,Hubballi-Dharwad,Gokul Road,15.3915,75.1688,2025-04-24 19:37:00,Investigating,"Sec 279, 337 IPC",Medium,88.1,Standard Monitoring
KSP/MAN/2025/04108,CrPC OFFENCES,Mangaluru,Panambur,12.9039,74.8174,2025-08-22 18:35:00,Solved,"Sec 107, 151 CrPC",Low,95.5,Standard Monitoring
KSP/BEN/2024/04109,CYBER CRIME & FRAUD,Bengaluru City,Whitefield,12.9299,77.597,2024-09-19 23:33:00,Solved,"Sec 66D IT Act, 420 IPC",High,92.8,High Risk Zone
KSP/HUB/2026/04110,THEFT,Hubballi-Dharwad,Dharwad Town,15.4122,75.1071,2026-05-30 01:23:00,Solved,Sec 379 IPC,Medium,97.2,Standard Monitoring
KSP/MAN/2025/04111,KPA 1963 VIOLATIONS,Mangaluru,Kadri,12.9427,74.8901,2025-03-12 19:00:00,Pending,"Sec 78, 87 KPA",Low,97.8,Standard Monitoring
KSP/BEN/2024/04112,ROBBERY / DACOITY,Bengaluru City,Yelahanka,13.0268,77.5883,2024-01-27 02:31:00,Solved,"Sec 392, 395 IPC",Critical,93.7,High Risk Zone
KSP/BEN/2025/04113,KPA 1963 VIOLATIONS,Bengaluru City,Yelahanka,12.9242,77.6736,2025-07-24 06:52:00,Investigating,"Sec 78, 87 KPA",Low,88.8,Standard Monitoring
KSP/RAM/2025/04114,MISSING PERSON,Ramanagara,Magadi,12.6935,77.3488,2025-05-03 06:20:00,Investigating,Sec 363 IPC,Medium,87.3,Standard Monitoring
KSP/UDU/2025/04115,HURT / ASSAULT,Udupi,Malpe,13.3079,74.7179,2025-02-28 17:11:00,Closed,"Sec 323, 324, 504 IPC",High,96.1,High Risk Zone
KSP/SHI/2025/04116,CYBER CRIME & FRAUD,Shivamogga,Vinoba Nagar,13.9485,75.5581,2025-09-27 14:48:00,Pending,"Sec 66D IT Act, 420 IPC",High,92.6,High Risk Zone
KSP/UDU/2025/04117,MISSING PERSON,Udupi,Malpe,13.3356,74.7902,2025-11-17 09:30:00,Solved,Sec 363 IPC,Medium,90.3,Standard Monitoring
KSP/VIJ/2026/04118,THEFT,Vijayanagara,Kudligi,15.3254,76.3428,2026-07-13 14:40:00,Pending,Sec 379 IPC,Medium,87.9,Standard Monitoring
KSP/SHI/2024/04119,THEFT,Shivamogga,Tunga Nagar,13.868,75.6292,2024-06-16 22:53:00,Charge Sheeted,Sec 379 IPC,Medium,92.9,Standard Monitoring
KSP/BAL/2024/04120,MOTOR VEHICLE ACCIDENTS NON-FATAL,Ballari,Gandhinagar,15.1669,76.9017,2024-06-21 09:41:00,Investigating,"Sec 279, 337 IPC",Medium,88.9,Standard Monitoring
KSP/MAN/2025/04121,THEFT,Mangaluru,Panambur,12.8529,74.876,2025-06-20 05:49:00,Pending,Sec 379 IPC,Medium,88.8,Standard Monitoring
KSP/BEL/2025/04122,NARCOTICS (NDPS),Belagavi,Khade Bazar,15.8389,74.588,2025-09-18 09:09:00,Pending,"Sec 20(b), 22 NDPS Act",Critical,97.5,High Risk Zone
KSP/RAM/2025/04123,KPA 1963 VIOLATIONS,Ramanagara,Channapatna,12.7199,77.2316,2025-06-18 05:44:00,Pending,"Sec 78, 87 KPA",Low,94.7,Standard Monitoring
KSP/KAL/2024/04124,BURGLARY / HOUSE BREAKING,Kalaburagi,Ashok Nagar,17.3861,76.8925,2024-12-25 14:24:00,Investigating,"Sec 454, 457, 380 IPC",High,92.1,High Risk Zone
KSP/BEN/2025/04125,THEFT,Bengaluru City,Cubbon Park,12.9227,77.6019,2025-05-12 02:25:00,Investigating,Sec 379 IPC,Medium,94.6,Standard Monitoring
KSP/UDU/2026/04126,MISSING PERSON,Udupi,Kundapura,13.386,74.7662,2026-04-27 21:31:00,Charge Sheeted,Sec 363 IPC,Medium,90.5,Standard Monitoring
KSP/DAV/2024/04127,THEFT,Davanagere,PJ Extension,14.4973,75.9161,2024-06-20 15:35:00,Investigating,Sec 379 IPC,Medium,88.7,Standard Monitoring
KSP/BEN/2025/04128,HURT / ASSAULT,Bengaluru City,Koramangala,12.9586,77.6578,2025-06-25 10:17:00,Solved,"Sec 323, 324, 504 IPC",High,87.6,High Risk Zone
KSP/SHI/2026/04129,HURT / ASSAULT,Shivamogga,Vinoba Nagar,13.9662,75.6018,2026-04-09 15:06:00,Investigating,"Sec 323, 324, 504 IPC",High,93.0,High Risk Zone
KSP/BEN/2026/04130,HURT / ASSAULT,Bengaluru City,Cubbon Park,13.0002,77.5969,2026-04-25 07:47:00,Solved,"Sec 323, 324, 504 IPC",High,94.3,High Risk Zone
KSP/BEN/2025/04131,MOTOR VEHICLE ACCIDENTS NON-FATAL,Bengaluru City,Koramangala,12.978,77.6662,2025-07-13 15:01:00,Closed,"Sec 279, 337 IPC",Medium,87.9,Standard Monitoring
KSP/BEN/2024/04132,HURT / ASSAULT,Bengaluru City,Hebbal,13.0462,77.5665,2024-11-10 23:15:00,Closed,"Sec 323, 324, 504 IPC",High,86.3,High Risk Zone
KSP/BEN/2024/04133,KPA 1963 VIOLATIONS,Bengaluru City,Cubbon Park,13.0332,77.6292,2024-05-15 18:43:00,Investigating,"Sec 78, 87 KPA",Low,87.3,Standard Monitoring
KSP/HAS/2024/04134,MISSING PERSON,Hassan,Pension Mohalla,13.0274,76.1091,2024-08-08 18:47:00,Closed,Sec 363 IPC,Medium,89.1,Standard Monitoring
KSP/BEN/2024/04135,MISSING PERSON,Bengaluru City,Cubbon Park,13.0318,77.6298,2024-04-05 14:20:00,Solved,Sec 363 IPC,Medium,96.2,Standard Monitoring
KSP/BAL/2024/04136,THEFT,Ballari,Brucepet,15.1153,76.9959,2024-09-15 04:49:00,Charge Sheeted,Sec 379 IPC,Medium,89.6,Standard Monitoring
KSP/SHI/2025/04137,KPA 1963 VIOLATIONS,Shivamogga,Doddapet,13.9778,75.5159,2025-10-03 04:06:00,Solved,"Sec 78, 87 KPA",Low,96.9,Standard Monitoring
KSP/BEN/2026/04138,MISSING PERSON,Bengaluru City,Whitefield,12.9994,77.5488,2026-01-13 11:37:00,Solved,Sec 363 IPC,Medium,91.3,Standard Monitoring
KSP/TUM/2025/04139,THEFT,Tumakuru,Town PS,13.3052,77.057,2025-04-24 08:40:00,Charge Sheeted,Sec 379 IPC,Medium,93.3,Standard Monitoring
KSP/VIJ/2024/04140,HURT / ASSAULT,Vijayanagara,Hospet Town,15.3431,76.4095,2024-01-29 01:16:00,Closed,"Sec 323, 324, 504 IPC",High,89.3,High Risk Zone
KSP/KAL/2024/04141,MOTOR VEHICLE ACCIDENTS NON-FATAL,Kalaburagi,Brahampur,17.288,76.8964,2024-05-07 00:24:00,Charge Sheeted,"Sec 279, 337 IPC",Medium,96.1,Standard Monitoring
KSP/SHI/2024/04142,HURT / ASSAULT,Shivamogga,Vinoba Nagar,13.8582,75.5628,2024-03-23 23:56:00,Pending,"Sec 323, 324, 504 IPC",High,88.6,High Risk Zone
KSP/VIJ/2024/04143,MISSING PERSON,Vijayapura,Gol Gumbaz PS,16.7706,75.6366,2024-06-25 11:09:00,Charge Sheeted,Sec 363 IPC,Medium,92.7,Standard Monitoring
KSP/BEL/2024/04144,NARCOTICS (NDPS),Belagavi,Gokak,15.8532,74.5044,2024-06-28 11:46:00,Investigating,"Sec 20(b), 22 NDPS Act",Critical,94.9,High Risk Zone
KSP/BEN/2025/04145,MISSING PERSON,Bengaluru Dist,Doddaballapura,13.0543,77.5867,2025-10-20 04:31:00,Solved,Sec 363 IPC,Medium,87.7,Standard Monitoring
KSP/BEN/2024/04146,THEFT,Bengaluru City,Cubbon Park,12.9101,77.6146,2024-04-09 00:10:00,Pending,Sec 379 IPC,Medium,89.7,Standard Monitoring
KSP/BEN/2025/04147,BURGLARY / HOUSE BREAKING,Bengaluru City,Indiranagar,13.0407,77.5426,2025-07-25 19:01:00,Charge Sheeted,"Sec 454, 457, 380 IPC",High,91.7,High Risk Zone
KSP/KAL/2024/04148,HURT / ASSAULT,Kalaburagi,University PS,17.2656,76.789,2024-05-09 17:02:00,Investigating,"Sec 323, 324, 504 IPC",High,92.6,High Risk Zone
KSP/BEN/2024/04149,BURGLARY / HOUSE BREAKING,Bengaluru Dist,Devanahalli,13.0479,77.6564,2024-04-24 14:53:00,Solved,"Sec 454, 457, 380 IPC",High,89.3,High Risk Zone
KSP/SHI/2025/04150,CrPC OFFENCES,Shivamogga,Doddapet,13.9559,75.6281,2025-06-15 01:21:00,Pending,"Sec 107, 151 CrPC",Low,93.0,Standard Monitoring
KSP/SHI/2025/04151,KPA 1963 VIOLATIONS,Shivamogga,Tunga Nagar,13.8581,75.6119,2025-09-11 18:57:00,Investigating,"Sec 78, 87 KPA",Low,98.2,Standard Monitoring
KSP/BEN/2026/04152,MOTOR VEHICLE ACCIDENTS NON-FATAL,Bengaluru City,Indiranagar,13.0394,77.6466,2026-07-09 15:55:00,Investigating,"Sec 279, 337 IPC",Medium,87.0,Standard Monitoring
KSP/BEN/2025/04153,THEFT,Bengaluru City,Whitefield,13.0165,77.5909,2025-11-13 13:15:00,Charge Sheeted,Sec 379 IPC,Medium,93.1,Standard Monitoring
KSP/MAN/2024/04154,MISSING PERSON,Mangaluru,Panambur,12.838,74.9251,2024-02-23 20:36:00,Charge Sheeted,Sec 363 IPC,Medium,93.4,Standard Monitoring
KSP/BAL/2024/04155,THEFT,Ballari,Gandhinagar,15.1517,76.9787,2024-05-30 03:38:00,Solved,Sec 379 IPC,Medium,87.9,Standard Monitoring
KSP/VIJ/2024/04156,HURT / ASSAULT,Vijayapura,Gol Gumbaz PS,16.9016,75.7536,2024-06-06 18:05:00,Pending,"Sec 323, 324, 504 IPC",High,97.0,High Risk Zone
KSP/BEL/2026/04157,MOTOR VEHICLE ACCIDENTS NON-FATAL,Belagavi,Market PS,15.8115,74.5567,2026-03-09 21:07:00,Closed,"Sec 279, 337 IPC",Medium,96.8,Standard Monitoring
KSP/HUB/2024/04158,MOTOR VEHICLE ACCIDENTS NON-FATAL,Hubballi-Dharwad,Gokul Road,15.399,75.196,2024-01-21 13:43:00,Pending,"Sec 279, 337 IPC",Medium,86.6,Standard Monitoring
KSP/BEN/2025/04159,HURT / ASSAULT,Bengaluru City,Koramangala,12.9257,77.5784,2025-06-22 17:37:00,Solved,"Sec 323, 324, 504 IPC",High,90.7,High Risk Zone
KSP/BEN/2025/04160,KPA 1963 VIOLATIONS,Bengaluru City,Electronic City,12.9921,77.5309,2025-11-07 11:53:00,Solved,"Sec 78, 87 KPA",Low,89.0,Standard Monitoring
KSP/TUM/2025/04161,HURT / ASSAULT,Tumakuru,Kyatsandra,13.3693,77.131,2025-04-10 00:14:00,Closed,"Sec 323, 324, 504 IPC",High,91.3,High Risk Zone
KSP/CHA/2026/04162,THEFT,Chamarajanagar,Kollegal,11.8849,76.9689,2026-06-26 19:20:00,Solved,Sec 379 IPC,Medium,87.2,Standard Monitoring
KSP/MAN/2026/04163,THEFT,Mangaluru,Panambur,12.8554,74.856,2026-04-25 14:34:00,Investigating,Sec 379 IPC,Medium,91.8,Standard Monitoring
KSP/BAL/2024/04164,HURT / ASSAULT,Ballari,Cowl Bazar,15.1679,76.9316,2024-08-16 20:58:00,Solved,"Sec 323, 324, 504 IPC",High,94.4,High Risk Zone
KSP/KAL/2025/04165,KPA 1963 VIOLATIONS,Kalaburagi,University PS,17.349,76.7998,2025-08-12 17:22:00,Solved,"Sec 78, 87 KPA",Low,98.1,Standard Monitoring
KSP/BEN/2026/04166,MOTOR VEHICLE ACCIDENTS NON-FATAL,Bengaluru City,Electronic City,13.0367,77.6384,2026-02-17 04:29:00,Solved,"Sec 279, 337 IPC",Medium,94.7,Standard Monitoring
KSP/KOL/2026/04167,MISSING PERSON,Kolar,Gulpet,13.1923,78.1799,2026-03-09 22:12:00,Closed,Sec 363 IPC,Medium,94.1,Standard Monitoring
KSP/CHA/2025/04168,HURT / ASSAULT,Chamarajanagar,Town PS,11.9015,76.9952,2025-08-18 12:19:00,Investigating,"Sec 323, 324, 504 IPC",High,96.7,High Risk Zone
KSP/HAS/2026/04169,CrPC OFFENCES,Hassan,Pension Mohalla,12.9727,76.1455,2026-04-30 14:34:00,Charge Sheeted,"Sec 107, 151 CrPC",Low,96.8,Standard Monitoring
KSP/BEN/2025/04170,MOTOR VEHICLE ACCIDENTS NON-FATAL,Bengaluru City,Indiranagar,12.9444,77.5577,2025-06-06 11:02:00,Investigating,"Sec 279, 337 IPC",Medium,94.7,Standard Monitoring
KSP/BEN/2025/04171,THEFT,Bengaluru City,Whitefield,13.0325,77.6346,2025-05-11 02:59:00,Investigating,Sec 379 IPC,Medium,85.9,Standard Monitoring
KSP/HAV/2025/04172,KPA 1963 VIOLATIONS,Haveri,Town PS,14.7979,75.3991,2025-01-25 08:01:00,Solved,"Sec 78, 87 KPA",Low,86.6,Standard Monitoring
KSP/BEN/2024/04173,ROBBERY / DACOITY,Bengaluru Dist,Hosakote,13.1135,77.6157,2024-02-11 15:26:00,Investigating,"Sec 392, 395 IPC",Critical,89.8,High Risk Zone
KSP/KAL/2025/04174,MOTOR VEHICLE ACCIDENTS NON-FATAL,Kalaburagi,Station Bazar,17.2968,76.8667,2025-01-14 23:54:00,Pending,"Sec 279, 337 IPC",Medium,89.7,Standard Monitoring
KSP/DAV/2024/04175,MISSING PERSON,Davanagere,Vidyanagar,14.5467,75.9561,2024-04-10 19:43:00,Pending,Sec 363 IPC,Medium,90.8,Standard Monitoring
KSP/BEN/2024/04176,CrPC OFFENCES,Bengaluru City,Electronic City,12.9321,77.5331,2024-08-13 06:54:00,Charge Sheeted,"Sec 107, 151 CrPC",Low,89.6,Standard Monitoring
KSP/HUB/2024/04177,MOTOR VEHICLE ACCIDENTS NON-FATAL,Hubballi-Dharwad,Suburban PS,15.2877,75.1558,2024-07-13 11:09:00,Charge Sheeted,"Sec 279, 337 IPC",Medium,92.3,Standard Monitoring
KSP/VIJ/2024/04178,NARCOTICS (NDPS),Vijayanagara,Harapanahalli,15.2615,76.4614,2024-03-14 11:50:00,Solved,"Sec 20(b), 22 NDPS Act",Critical,87.1,High Risk Zone
KSP/MAN/2026/04179,MOTOR VEHICLE ACCIDENTS NON-FATAL,Mandya,East PS,12.4768,76.9015,2026-05-04 07:54:00,Solved,"Sec 279, 337 IPC",Medium,91.4,Standard Monitoring
KSP/KOD/2025/04180,ROBBERY / DACOITY,Kodagu,Kushalnagar,12.4913,75.8175,2025-07-12 05:01:00,Solved,"Sec 392, 395 IPC",Critical,96.0,High Risk Zone
KSP/KAL/2024/04181,BURGLARY / HOUSE BREAKING,Kalaburagi,Brahampur,17.4035,76.8458,2024-09-09 06:55:00,Closed,"Sec 454, 457, 380 IPC",High,90.6,High Risk Zone
KSP/BEN/2024/04182,CrPC OFFENCES,Bengaluru Dist,Devanahalli,13.0142,77.5087,2024-06-27 17:25:00,Pending,"Sec 107, 151 CrPC",Low,87.2,Standard Monitoring
KSP/UDU/2025/04183,MOTOR VEHICLE ACCIDENTS NON-FATAL,Udupi,Manipal,13.2661,74.6769,2025-12-15 00:42:00,Charge Sheeted,"Sec 279, 337 IPC",Medium,87.7,Standard Monitoring
KSP/CHA/2025/04184,CrPC OFFENCES,Chamarajanagar,Town PS,11.868,77.0011,2025-11-14 22:58:00,Closed,"Sec 107, 151 CrPC",Low,96.1,Standard Monitoring
KSP/MYS/2024/04185,MOTOR VEHICLE ACCIDENTS NON-FATAL,Mysuru,KRS Road,12.2327,76.6178,2024-06-24 23:11:00,Solved,"Sec 279, 337 IPC",Medium,86.6,Standard Monitoring
KSP/BEN/2024/04186,HURT / ASSAULT,Bengaluru City,Jayanagar,12.9914,77.6406,2024-07-19 19:18:00,Closed,"Sec 323, 324, 504 IPC",High,85.6,High Risk Zone
KSP/RAI/2026/04187,CrPC OFFENCES,Raichur,Sadabad,16.2067,77.3761,2026-04-13 02:52:00,Pending,"Sec 107, 151 CrPC",Low,92.1,Standard Monitoring
KSP/BEN/2025/04188,THEFT,Bengaluru City,Koramangala,13.0103,77.6121,2025-12-13 20:18:00,Closed,Sec 379 IPC,Medium,91.3,Standard Monitoring
KSP/MAN/2024/04189,MOTOR VEHICLE ACCIDENTS NON-FATAL,Mangaluru,Panambur,12.9508,74.8434,2024-03-23 02:36:00,Charge Sheeted,"Sec 279, 337 IPC",Medium,88.1,Standard Monitoring
KSP/BAL/2025/04190,HURT / ASSAULT,Ballari,Brucepet,15.2207,76.9903,2025-09-03 22:50:00,Charge Sheeted,"Sec 323, 324, 504 IPC",High,89.2,High Risk Zone
KSP/BEN/2025/04191,THEFT,Bengaluru City,Yelahanka,12.8959,77.5803,2025-05-06 08:22:00,Pending,Sec 379 IPC,Medium,92.2,Standard Monitoring
KSP/GAD/2025/04192,CrPC OFFENCES,Gadag,Betageri,15.4942,75.657,2025-01-23 18:49:00,Charge Sheeted,"Sec 107, 151 CrPC",Low,86.4,Standard Monitoring
KSP/CHA/2026/04193,ROBBERY / DACOITY,Chamarajanagar,Town PS,11.9488,76.9736,2026-07-09 16:04:00,Charge Sheeted,"Sec 392, 395 IPC",Critical,88.0,High Risk Zone
KSP/BEL/2024/04194,CrPC OFFENCES,Belagavi,Khade Bazar,15.8792,74.5484,2024-08-20 19:15:00,Investigating,"Sec 107, 151 CrPC",Low,90.1,Standard Monitoring
KSP/BEN/2025/04195,HURT / ASSAULT,Bengaluru City,Koramangala,12.9426,77.6085,2025-05-24 18:50:00,Charge Sheeted,"Sec 323, 324, 504 IPC",High,89.0,High Risk Zone
KSP/HAS/2025/04196,KPA 1963 VIOLATIONS,Hassan,Gorur,12.9765,76.0578,2025-07-28 05:19:00,Investigating,"Sec 78, 87 KPA",Low,90.7,Standard Monitoring
KSP/BEN/2025/04197,MISSING PERSON,Bengaluru City,Jayanagar,12.9673,77.5721,2025-06-30 03:33:00,Solved,Sec 363 IPC,Medium,85.5,Standard Monitoring
KSP/BAL/2026/04198,CrPC OFFENCES,Ballari,Cowl Bazar,15.1562,76.8831,2026-07-24 11:03:00,Pending,"Sec 107, 151 CrPC",Low,90.2,Standard Monitoring
KSP/BAL/2026/04199,MISSING PERSON,Ballari,Hospet Town,15.1942,76.8677,2026-06-04 20:45:00,Pending,Sec 363 IPC,Medium,90.5,Standard Monitoring
KSP/BEN/2025/04200,CrPC OFFENCES,Bengaluru City,Whitefield,13.0217,77.5198,2025-11-04 22:32:00,Pending,"Sec 107, 151 CrPC",Low,97.8,Standard Monitoring
KSP/BID/2026/04201,BURGLARY / HOUSE BREAKING,Bidar,Market PS,17.9705,77.4777,2026-02-11 09:32:00,Investigating,"Sec 454, 457, 380 IPC",High,88.6,High Risk Zone
KSP/BEN/2024/04202,CYBER CRIME & FRAUD,Bengaluru City,Hebbal,13.0094,77.5429,2024-02-29 14:23:00,Charge Sheeted,"Sec 66D IT Act, 420 IPC",High,94.5,High Risk Zone
KSP/BEN/2026/04203,KPA 1963 VIOLATIONS,Bengaluru City,Yelahanka,13.0432,77.5624,2026-05-01 03:59:00,Closed,"Sec 78, 87 KPA",Low,95.8,Standard Monitoring
KSP/BEN/2026/04204,THEFT,Bengaluru City,Yelahanka,13.0476,77.5349,2026-01-16 22:49:00,Solved,Sec 379 IPC,Medium,86.5,Standard Monitoring
KSP/MYS/2024/04205,THEFT,Mysuru,KRS Road,12.3813,76.6276,2024-12-17 02:49:00,Investigating,Sec 379 IPC,Medium,96.4,Standard Monitoring
KSP/HUB/2024/04206,MOTOR VEHICLE ACCIDENTS NON-FATAL,Hubballi-Dharwad,Suburban PS,15.3493,75.1738,2024-07-30 16:46:00,Solved,"Sec 279, 337 IPC",Medium,93.9,Standard Monitoring
KSP/BEN/2024/04207,MISSING PERSON,Bengaluru City,Whitefield,12.9379,77.544,2024-07-22 21:01:00,Pending,Sec 363 IPC,Medium,86.2,Standard Monitoring
KSP/MYS/2024/04208,CrPC OFFENCES,Mysuru,KRS Road,12.2254,76.6865,2024-07-23 01:15:00,Pending,"Sec 107, 151 CrPC",Low,98.1,Standard Monitoring
KSP/BEN/2024/04209,BURGLARY / HOUSE BREAKING,Bengaluru City,Whitefield,12.9785,77.6589,2024-07-15 22:12:00,Investigating,"Sec 454, 457, 380 IPC",High,91.7,High Risk Zone
KSP/HUB/2024/04210,BURGLARY / HOUSE BREAKING,Hubballi-Dharwad,Gokul Road,15.3257,75.1288,2024-11-12 22:49:00,Charge Sheeted,"Sec 454, 457, 380 IPC",High,86.9,High Risk Zone
KSP/TUM/2026/04211,CrPC OFFENCES,Tumakuru,Tiptur,13.3249,77.0831,2026-04-10 12:03:00,Closed,"Sec 107, 151 CrPC",Low,89.8,Standard Monitoring
KSP/CHI/2025/04212,MISSING PERSON,Chikkaballapura,Town PS,13.3689,77.7582,2025-06-28 12:42:00,Solved,Sec 363 IPC,Medium,86.4,Standard Monitoring
KSP/VIJ/2024/04213,THEFT,Vijayanagara,Kudligi,15.2869,76.3775,2024-04-03 10:16:00,Investigating,Sec 379 IPC,Medium,85.4,Standard Monitoring
KSP/CHI/2024/04214,MOTOR VEHICLE ACCIDENTS NON-FATAL,Chikkaballapura,Chintamani,13.468,77.7965,2024-05-22 01:20:00,Pending,"Sec 279, 337 IPC",Medium,96.1,Standard Monitoring
KSP/VIJ/2025/04215,HURT / ASSAULT,Vijayanagara,Kudligi,15.2643,76.4431,2025-04-05 01:11:00,Investigating,"Sec 323, 324, 504 IPC",High,89.6,High Risk Zone
KSP/BEN/2024/04216,CrPC OFFENCES,Bengaluru City,Electronic City,13.033,77.5753,2024-02-07 11:27:00,Investigating,"Sec 107, 151 CrPC",Low,85.6,Standard Monitoring
KSP/BEN/2024/04217,ROBBERY / DACOITY,Bengaluru City,Koramangala,13.0144,77.6494,2024-02-27 14:09:00,Pending,"Sec 392, 395 IPC",Critical,92.5,High Risk Zone
KSP/BEN/2025/04218,KPA 1963 VIOLATIONS,Bengaluru City,Hebbal,13.0366,77.647,2025-08-25 10:05:00,Charge Sheeted,"Sec 78, 87 KPA",Low,92.7,Standard Monitoring
KSP/BEN/2024/04219,BURGLARY / HOUSE BREAKING,Bengaluru City,Hebbal,13.0061,77.6515,2024-12-20 20:28:00,Investigating,"Sec 454, 457, 380 IPC",High,86.2,High Risk Zone
KSP/BEN/2024/04220,BURGLARY / HOUSE BREAKING,Bengaluru City,Indiranagar,12.9506,77.5864,2024-05-11 21:45:00,Solved,"Sec 454, 457, 380 IPC",High,91.4,High Risk Zone
KSP/TUM/2024/04221,BURGLARY / HOUSE BREAKING,Tumakuru,Kyatsandra,13.29,77.0603,2024-07-07 16:05:00,Investigating,"Sec 454, 457, 380 IPC",High,95.1,High Risk Zone
KSP/MYS/2024/04222,CYBER CRIME & FRAUD,Mysuru,Devaraja PS,12.3103,76.7102,2024-11-19 03:34:00,Closed,"Sec 66D IT Act, 420 IPC",High,89.1,High Risk Zone
KSP/BEN/2024/04223,CYBER CRIME & FRAUD,Bengaluru City,Indiranagar,13.0224,77.6586,2024-11-15 13:11:00,Investigating,"Sec 66D IT Act, 420 IPC",High,94.0,High Risk Zone
KSP/KOL/2026/04224,HURT / ASSAULT,Kolar,Gulpet,13.0915,78.1985,2026-02-21 01:04:00,Pending,"Sec 323, 324, 504 IPC",High,87.9,High Risk Zone
KSP/BEN/2025/04225,THEFT,Bengaluru City,Jayanagar,12.939,77.6492,2025-09-30 12:44:00,Investigating,Sec 379 IPC,Medium,95.6,Standard Monitoring
KSP/DAV/2026/04226,CYBER CRIME & FRAUD,Davanagere,Azad Nagar,14.4394,75.8569,2026-03-22 20:14:00,Charge Sheeted,"Sec 66D IT Act, 420 IPC",High,95.1,High Risk Zone
KSP/BEN/2024/04227,CrPC OFFENCES,Bengaluru City,Indiranagar,12.9808,77.6424,2024-07-18 19:04:00,Charge Sheeted,"Sec 107, 151 CrPC",Low,89.5,Standard Monitoring
KSP/BEN/2026/04228,MOTOR VEHICLE ACCIDENTS NON-FATAL,Bengaluru City,Electronic City,12.9223,77.6236,2026-05-19 05:05:00,Investigating,"Sec 279, 337 IPC",Medium,91.7,Standard Monitoring
KSP/BEN/2024/04229,THEFT,Bengaluru City,Hebbal,12.9262,77.565,2024-02-07 22:20:00,Investigating,Sec 379 IPC,Medium,96.1,Standard Monitoring
KSP/BEN/2025/04230,CYBER CRIME & FRAUD,Bengaluru City,Hebbal,12.9071,77.5517,2025-03-16 05:05:00,Closed,"Sec 66D IT Act, 420 IPC",High,95.3,High Risk Zone
KSP/SHI/2025/04231,THEFT,Shivamogga,Tunga Nagar,13.8772,75.6244,2025-08-23 10:37:00,Pending,Sec 379 IPC,Medium,86.4,Standard Monitoring
KSP/BAL/2025/04232,MOTOR VEHICLE ACCIDENTS NON-FATAL,Ballari,Cowl Bazar,15.0722,76.8951,2025-01-18 04:10:00,Pending,"Sec 279, 337 IPC",Medium,98.2,Standard Monitoring
KSP/BEN/2025/04233,MOTOR VEHICLE ACCIDENTS NON-FATAL,Bengaluru City,Cubbon Park,12.8919,77.5337,2025-04-10 14:53:00,Charge Sheeted,"Sec 279, 337 IPC",Medium,96.7,Standard Monitoring
KSP/BEN/2025/04234,MOTOR VEHICLE ACCIDENTS NON-FATAL,Bengaluru Dist,Devanahalli,13.1291,77.5265,2025-02-10 10:36:00,Pending,"Sec 279, 337 IPC",Medium,95.6,Standard Monitoring
KSP/KAL/2025/04235,MOTOR VEHICLE ACCIDENTS NON-FATAL,Kalaburagi,Brahampur,17.4046,76.7942,2025-01-24 10:32:00,Pending,"Sec 279, 337 IPC",Medium,95.1,Standard Monitoring
KSP/MYS/2025/04236,CYBER CRIME & FRAUD,Mysuru,Devaraja PS,12.2735,76.7215,2025-02-20 21:38:00,Pending,"Sec 66D IT Act, 420 IPC",High,86.9,High Risk Zone
KSP/UTT/2025/04237,MOTOR VEHICLE ACCIDENTS NON-FATAL,Uttara Kannada,Sirsi Town,14.8325,74.1125,2025-07-08 08:10:00,Pending,"Sec 279, 337 IPC",Medium,95.7,Standard Monitoring
KSP/HAS/2024/04238,CYBER CRIME & FRAUD,Hassan,City PS,13.0261,76.0693,2024-06-14 01:16:00,Pending,"Sec 66D IT Act, 420 IPC",High,95.2,High Risk Zone
KSP/MYS/2026/04239,HURT / ASSAULT,Mysuru,Devaraja PS,12.3233,76.7064,2026-05-03 05:33:00,Solved,"Sec 323, 324, 504 IPC",High,88.2,High Risk Zone
KSP/VIJ/2024/04240,THEFT,Vijayapura,Gandhi Chowk,16.9009,75.7897,2024-01-20 13:03:00,Pending,Sec 379 IPC,Medium,85.5,Standard Monitoring
KSP/BEN/2025/04241,MOTOR VEHICLE ACCIDENTS NON-FATAL,Bengaluru City,Indiranagar,13.0176,77.544,2025-11-30 21:32:00,Closed,"Sec 279, 337 IPC",Medium,90.0,Standard Monitoring
KSP/KAL/2026/04242,KPA 1963 VIOLATIONS,Kalaburagi,Station Bazar,17.3511,76.8272,2026-01-21 11:34:00,Pending,"Sec 78, 87 KPA",Low,92.6,Standard Monitoring
KSP/MYS/2024/04243,MOTOR VEHICLE ACCIDENTS NON-FATAL,Mysuru,KRS Road,12.3641,76.7289,2024-05-25 13:44:00,Investigating,"Sec 279, 337 IPC",Medium,89.3,Standard Monitoring
KSP/MAN/2025/04244,MOTOR VEHICLE ACCIDENTS NON-FATAL,Mandya,Srirangapatna,12.5814,76.9358,2025-04-07 03:00:00,Solved,"Sec 279, 337 IPC",Medium,89.2,Standard Monitoring
KSP/BEN/2024/04245,CrPC OFFENCES,Bengaluru City,Indiranagar,13.0331,77.5754,2024-02-07 14:33:00,Investigating,"Sec 107, 151 CrPC",Low,85.7,Standard Monitoring
KSP/BEL/2026/04246,THEFT,Belagavi,Khade Bazar,15.8659,74.4728,2026-01-03 08:50:00,Investigating,Sec 379 IPC,Medium,89.2,Standard Monitoring
KSP/MYS/2026/04247,HURT / ASSAULT,Mysuru,KRS Road,12.3126,76.6487,2026-02-05 19:54:00,Charge Sheeted,"Sec 323, 324, 504 IPC",High,90.8,High Risk Zone
KSP/TUM/2026/04248,MISSING PERSON,Tumakuru,Kyatsandra,13.3603,77.1409,2026-03-30 14:32:00,Solved,Sec 363 IPC,Medium,87.9,Standard Monitoring
KSP/BEN/2024/04249,THEFT,Bengaluru City,Koramangala,13.0237,77.6308,2024-07-26 07:32:00,Solved,Sec 379 IPC,Medium,94.0,Standard Monitoring
KSP/MAN/2026/04250,HURT / ASSAULT,Mangaluru,Urwa,12.9477,74.8911,2026-03-17 19:43:00,Investigating,"Sec 323, 324, 504 IPC",High,89.0,High Risk Zone
KSP/VIJ/2025/04251,THEFT,Vijayanagara,Harapanahalli,15.2346,76.3142,2025-07-10 12:23:00,Solved,Sec 379 IPC,Medium,88.7,Standard Monitoring
KSP/VIJ/2024/04252,CYBER CRIME & FRAUD,Vijayapura,Indi,16.7765,75.7817,2024-03-29 20:39:00,Charge Sheeted,"Sec 66D IT Act, 420 IPC",High,94.0,High Risk Zone
KSP/BAG/2025/04253,KPA 1963 VIOLATIONS,Bagalkote,Town PS,16.2306,75.7315,2025-05-26 07:39:00,Investigating,"Sec 78, 87 KPA",Low,95.1,Standard Monitoring
KSP/VIJ/2025/04254,ROBBERY / DACOITY,Vijayanagara,Harapanahalli,15.2363,76.399,2025-03-09 08:50:00,Solved,"Sec 392, 395 IPC",Critical,93.9,High Risk Zone
KSP/DAV/2024/04255,KPA 1963 VIOLATIONS,Davanagere,Vidyanagar,14.4948,75.9301,2024-07-03 23:52:00,Pending,"Sec 78, 87 KPA",Low,87.6,Standard Monitoring
KSP/MYS/2024/04256,NARCOTICS (NDPS),Mysuru,Lashkar PS,12.2437,76.6934,2024-01-27 15:47:00,Charge Sheeted,"Sec 20(b), 22 NDPS Act",Critical,97.8,High Risk Zone
KSP/BEN/2026/04257,HURT / ASSAULT,Bengaluru City,Indiranagar,13.0074,77.6623,2026-02-12 23:54:00,Investigating,"Sec 323, 324, 504 IPC",High,86.5,High Risk Zone
KSP/RAM/2025/04258,HURT / ASSAULT,Ramanagara,Kanakapura,12.6733,77.2163,2025-06-10 16:24:00,Charge Sheeted,"Sec 323, 324, 504 IPC",High,85.7,High Risk Zone
KSP/BEN/2026/04259,MOTOR VEHICLE ACCIDENTS NON-FATAL,Bengaluru City,Jayanagar,13.0416,77.6452,2026-05-07 07:44:00,Closed,"Sec 279, 337 IPC",Medium,97.6,Standard Monitoring
KSP/BEN/2025/04260,CrPC OFFENCES,Bengaluru Dist,Hosakote,13.1469,77.5446,2025-04-25 01:08:00,Closed,"Sec 107, 151 CrPC",Low,93.1,Standard Monitoring
KSP/BEN/2025/04261,MOTOR VEHICLE ACCIDENTS NON-FATAL,Bengaluru City,Koramangala,13.0184,77.6193,2025-03-08 04:19:00,Closed,"Sec 279, 337 IPC",Medium,90.8,Standard Monitoring
KSP/CHI/2026/04262,MOTOR VEHICLE ACCIDENTS NON-FATAL,Chitradurga,Town PS,14.195,76.4412,2026-06-07 02:02:00,Investigating,"Sec 279, 337 IPC",Medium,89.2,Standard Monitoring
KSP/MAN/2026/04263,MOTOR VEHICLE ACCIDENTS NON-FATAL,Mandya,Srirangapatna,12.4476,76.8922,2026-07-14 11:27:00,Charge Sheeted,"Sec 279, 337 IPC",Medium,92.4,Standard Monitoring
KSP/BEN/2025/04264,BURGLARY / HOUSE BREAKING,Bengaluru City,Hebbal,12.985,77.5217,2025-09-24 11:59:00,Closed,"Sec 454, 457, 380 IPC",High,86.0,High Risk Zone
KSP/BEN/2025/04265,BURGLARY / HOUSE BREAKING,Bengaluru City,Whitefield,12.9907,77.6593,2025-10-14 04:34:00,Closed,"Sec 454, 457, 380 IPC",High,91.8,High Risk Zone
KSP/HUB/2025/04266,THEFT,Hubballi-Dharwad,Gokul Road,15.3339,75.1412,2025-02-02 00:03:00,Pending,Sec 379 IPC,Medium,87.5,Standard Monitoring
KSP/MAN/2025/04267,CYBER CRIME & FRAUD,Mangaluru,Panambur,12.9326,74.8568,2025-12-17 15:05:00,Closed,"Sec 66D IT Act, 420 IPC",High,98.3,High Risk Zone
KSP/BEL/2024/04268,MISSING PERSON,Belagavi,Camp PS,15.8379,74.565,2024-09-18 19:39:00,Investigating,Sec 363 IPC,Medium,93.2,Standard Monitoring
KSP/VIJ/2024/04269,ROBBERY / DACOITY,Vijayapura,Gandhi Chowk,16.9032,75.728,2024-12-26 12:44:00,Investigating,"Sec 392, 395 IPC",Critical,94.9,High Risk Zone
KSP/BEN/2025/04270,NARCOTICS (NDPS),Bengaluru City,Whitefield,12.9056,77.5976,2025-01-19 10:57:00,Charge Sheeted,"Sec 20(b), 22 NDPS Act",Critical,90.1,High Risk Zone
KSP/HAS/2024/04271,KPA 1963 VIOLATIONS,Hassan,City PS,12.9907,76.0671,2024-03-23 22:37:00,Investigating,"Sec 78, 87 KPA",Low,88.5,Standard Monitoring
KSP/TUM/2024/04272,HURT / ASSAULT,Tumakuru,Sira,13.4047,77.0206,2024-11-24 21:11:00,Solved,"Sec 323, 324, 504 IPC",High,89.1,High Risk Zone
KSP/BAL/2026/04273,MOTOR VEHICLE ACCIDENTS NON-FATAL,Ballari,Cowl Bazar,15.1703,76.8748,2026-01-29 18:52:00,Investigating,"Sec 279, 337 IPC",Medium,85.7,Standard Monitoring
KSP/BEN/2024/04274,THEFT,Bengaluru Dist,Hosakote,13.0158,77.5392,2024-05-02 17:08:00,Closed,Sec 379 IPC,Medium,97.0,Standard Monitoring
KSP/CHA/2025/04275,ROBBERY / DACOITY,Chamarajanagar,Gundlupet,11.9149,76.9126,2025-02-05 22:51:00,Investigating,"Sec 392, 395 IPC",Critical,90.1,High Risk Zone
KSP/UTT/2024/04276,THEFT,Uttara Kannada,Sirsi Town,14.8012,74.0906,2024-10-05 23:10:00,Closed,Sec 379 IPC,Medium,97.3,Standard Monitoring
KSP/KAL/2024/04277,CrPC OFFENCES,Kalaburagi,Brahampur,17.3364,76.8965,2024-06-14 13:26:00,Closed,"Sec 107, 151 CrPC",Low,94.3,Standard Monitoring
KSP/VIJ/2024/04278,NARCOTICS (NDPS),Vijayapura,Adarsh Nagar,16.7964,75.7716,2024-05-26 16:05:00,Charge Sheeted,"Sec 20(b), 22 NDPS Act",Critical,89.5,High Risk Zone
KSP/BEN/2026/04279,MISSING PERSON,Bengaluru City,Yelahanka,12.9196,77.6599,2026-04-08 00:01:00,Closed,Sec 363 IPC,Medium,96.0,Standard Monitoring
KSP/BAG/2024/04280,MOTOR VEHICLE ACCIDENTS NON-FATAL,Bagalkote,Ilkal,16.146,75.7654,2024-09-28 12:14:00,Investigating,"Sec 279, 337 IPC",Medium,93.6,Standard Monitoring
KSP/RAI/2026/04281,MOTOR VEHICLE ACCIDENTS NON-FATAL,Raichur,Sadabad,16.1542,77.319,2026-07-13 03:14:00,Investigating,"Sec 279, 337 IPC",Medium,88.7,Standard Monitoring
KSP/BEL/2024/04282,MOTOR VEHICLE ACCIDENTS NON-FATAL,Belagavi,Camp PS,15.8832,74.4525,2024-02-05 13:50:00,Investigating,"Sec 279, 337 IPC",Medium,96.3,Standard Monitoring
KSP/BID/2025/04283,THEFT,Bidar,Market PS,17.9274,77.5678,2025-02-03 11:42:00,Pending,Sec 379 IPC,Medium,96.9,Standard Monitoring
KSP/CHA/2025/04284,BURGLARY / HOUSE BREAKING,Chamarajanagar,Kollegal,11.9942,77.018,2025-05-11 07:37:00,Closed,"Sec 454, 457, 380 IPC",High,96.0,High Risk Zone
KSP/BEN/2026/04285,ROBBERY / DACOITY,Bengaluru City,Whitefield,13.0276,77.5867,2026-05-03 11:40:00,Investigating,"Sec 392, 395 IPC",Critical,92.0,High Risk Zone
KSP/RAI/2025/04286,MOTOR VEHICLE ACCIDENTS NON-FATAL,Raichur,Sadabad,16.1877,77.3864,2025-03-31 08:08:00,Charge Sheeted,"Sec 279, 337 IPC",Medium,95.5,Standard Monitoring
KSP/BEL/2026/04287,MISSING PERSON,Belagavi,Camp PS,15.8451,74.5911,2026-04-11 05:34:00,Charge Sheeted,Sec 363 IPC,Medium,87.4,Standard Monitoring
KSP/HAV/2026/04288,HURT / ASSAULT,Haveri,Byadgi,14.7878,75.4449,2026-03-21 22:39:00,Closed,"Sec 323, 324, 504 IPC",High,94.0,High Risk Zone
KSP/BEN/2024/04289,THEFT,Bengaluru City,Indiranagar,12.9229,77.597,2024-04-05 12:17:00,Pending,Sec 379 IPC,Medium,91.6,Standard Monitoring
KSP/KAL/2025/04290,HURT / ASSAULT,Kalaburagi,Ashok Nagar,17.3572,76.7686,2025-11-29 15:09:00,Closed,"Sec 323, 324, 504 IPC",High,96.5,High Risk Zone
KSP/BEN/2026/04291,MISSING PERSON,Bengaluru City,Yelahanka,12.9709,77.5814,2026-07-15 08:46:00,Closed,Sec 363 IPC,Medium,85.9,Standard Monitoring
KSP/RAM/2025/04292,MISSING PERSON,Ramanagara,Kanakapura,12.7102,77.2444,2025-07-26 01:33:00,Investigating,Sec 363 IPC,Medium,87.2,Standard Monitoring
KSP/BEN/2026/04293,THEFT,Bengaluru City,Koramangala,13.0356,77.6351,2026-06-22 05:57:00,Charge Sheeted,Sec 379 IPC,Medium,97.7,Standard Monitoring
KSP/BEN/2025/04294,CrPC OFFENCES,Bengaluru City,Yelahanka,12.9988,77.6724,2025-10-16 13:50:00,Pending,"Sec 107, 151 CrPC",Low,89.5,Standard Monitoring
KSP/KAL/2025/04295,CrPC OFFENCES,Kalaburagi,Ashok Nagar,17.3987,76.8886,2025-10-06 05:24:00,Charge Sheeted,"Sec 107, 151 CrPC",Low,88.7,Standard Monitoring
KSP/MYS/2025/04296,THEFT,Mysuru,Vidyaranyapuram,12.3568,76.7254,2025-11-26 08:20:00,Investigating,Sec 379 IPC,Medium,95.9,Standard Monitoring
KSP/BAG/2025/04297,MISSING PERSON,Bagalkote,Jamkhandi,16.2618,75.6246,2025-08-11 19:48:00,Charge Sheeted,Sec 363 IPC,Medium,93.8,Standard Monitoring
KSP/MAN/2025/04298,KPA 1963 VIOLATIONS,Mangaluru,Barkarke,12.9053,74.8088,2025-08-25 00:37:00,Pending,"Sec 78, 87 KPA",Low,96.3,Standard Monitoring
KSP/BEN/2024/04299,KPA 1963 VIOLATIONS,Bengaluru City,Koramangala,13.0255,77.6444,2024-04-23 06:05:00,Solved,"Sec 78, 87 KPA",Low,86.0,Standard Monitoring
KSP/BAL/2024/04300,MOTOR VEHICLE ACCIDENTS NON-FATAL,Ballari,Hospet Town,15.1163,76.9105,2024-07-12 23:04:00,Pending,"Sec 279, 337 IPC",Medium,92.0,Standard Monitoring
KSP/BAG/2025/04301,THEFT,Bagalkote,Ilkal,16.2529,75.6787,2025-05-26 16:59:00,Investigating,Sec 379 IPC,Medium,94.4,Standard Monitoring
KSP/BEN/2025/04302,THEFT,Bengaluru City,Jayanagar,12.9718,77.5741,2025-06-13 19:50:00,Solved,Sec 379 IPC,Medium,85.9,Standard Monitoring
KSP/KAL/2025/04303,CrPC OFFENCES,Kalaburagi,University PS,17.2984,76.7799,2025-12-04 00:23:00,Closed,"Sec 107, 151 CrPC",Low,88.5,Standard Monitoring
KSP/TUM/2025/04304,THEFT,Tumakuru,Gubbi,13.415,77.1574,2025-11-28 02:05:00,Closed,Sec 379 IPC,Medium,93.9,Standard Monitoring
KSP/MAN/2024/04305,CYBER CRIME & FRAUD,Mangaluru,Surathkal,12.9801,74.8229,2024-10-11 13:53:00,Closed,"Sec 66D IT Act, 420 IPC",High,93.1,High Risk Zone
KSP/BEN/2024/04306,THEFT,Bengaluru City,Indiranagar,12.9386,77.5718,2024-11-29 15:36:00,Investigating,Sec 379 IPC,Medium,86.2,Standard Monitoring
KSP/CHA/2025/04307,MOTOR VEHICLE ACCIDENTS NON-FATAL,Chamarajanagar,Town PS,11.932,76.9858,2025-08-31 18:04:00,Solved,"Sec 279, 337 IPC",Medium,92.4,Standard Monitoring
KSP/CHA/2024/04308,CrPC OFFENCES,Chamarajanagar,Gundlupet,11.8588,76.9856,2024-08-03 14:26:00,Charge Sheeted,"Sec 107, 151 CrPC",Low,95.4,Standard Monitoring
KSP/BAG/2025/04309,MOTOR VEHICLE ACCIDENTS NON-FATAL,Bagalkote,Navanagar,16.2229,75.6987,2025-02-08 17:46:00,Charge Sheeted,"Sec 279, 337 IPC",Medium,94.3,Standard Monitoring
KSP/BEN/2024/04310,NARCOTICS (NDPS),Bengaluru City,Yelahanka,12.928,77.5468,2024-11-28 14:20:00,Investigating,"Sec 20(b), 22 NDPS Act",Critical,94.7,High Risk Zone
KSP/TUM/2026/04311,MISSING PERSON,Tumakuru,Sira,13.3032,77.0213,2026-05-10 23:05:00,Investigating,Sec 363 IPC,Medium,87.9,Standard Monitoring
KSP/MYS/2024/04312,CrPC OFFENCES,Mysuru,Lashkar PS,12.2503,76.6156,2024-12-18 00:46:00,Investigating,"Sec 107, 151 CrPC",Low,95.2,Standard Monitoring
KSP/HUB/2024/04313,MOTOR VEHICLE ACCIDENTS NON-FATAL,Hubballi-Dharwad,Suburban PS,15.4057,75.1852,2024-03-25 23:53:00,Investigating,"Sec 279, 337 IPC",Medium,94.1,Standard Monitoring
KSP/BEN/2026/04314,MISSING PERSON,Bengaluru City,Whitefield,12.9799,77.6348,2026-02-23 23:34:00,Charge Sheeted,Sec 363 IPC,Medium,93.7,Standard Monitoring
KSP/BEN/2025/04315,THEFT,Bengaluru City,Koramangala,12.9381,77.6531,2025-01-05 21:55:00,Pending,Sec 379 IPC,Medium,94.2,Standard Monitoring
KSP/BID/2025/04316,CrPC OFFENCES,Bidar,Gandhi Gunj,17.8657,77.5283,2025-02-05 15:37:00,Charge Sheeted,"Sec 107, 151 CrPC",Low,88.9,Standard Monitoring
KSP/MYS/2025/04317,HURT / ASSAULT,Mysuru,Devaraja PS,12.3434,76.6985,2025-08-11 10:02:00,Charge Sheeted,"Sec 323, 324, 504 IPC",High,85.4,High Risk Zone
KSP/BEN/2026/04318,BURGLARY / HOUSE BREAKING,Bengaluru City,Hebbal,13.0222,77.5293,2026-05-04 11:13:00,Pending,"Sec 454, 457, 380 IPC",High,98.4,High Risk Zone
KSP/SHI/2025/04319,MISSING PERSON,Shivamogga,Doddapet,13.9832,75.6243,2025-01-17 12:03:00,Solved,Sec 363 IPC,Medium,94.6,Standard Monitoring
KSP/BEN/2026/04320,HURT / ASSAULT,Bengaluru Dist,Devanahalli,13.1226,77.6267,2026-03-22 08:56:00,Charge Sheeted,"Sec 323, 324, 504 IPC",High,87.3,High Risk Zone
KSP/BEN/2025/04321,MOTOR VEHICLE ACCIDENTS NON-FATAL,Bengaluru City,Hebbal,12.9302,77.5719,2025-11-26 22:49:00,Charge Sheeted,"Sec 279, 337 IPC",Medium,92.4,Standard Monitoring
KSP/SHI/2025/04322,BURGLARY / HOUSE BREAKING,Shivamogga,Tunga Nagar,13.8557,75.6418,2025-02-04 18:57:00,Charge Sheeted,"Sec 454, 457, 380 IPC",High,91.9,High Risk Zone
KSP/BAG/2026/04323,HURT / ASSAULT,Bagalkote,Navanagar,16.1136,75.7169,2026-01-17 02:14:00,Investigating,"Sec 323, 324, 504 IPC",High,91.5,High Risk Zone
KSP/BEN/2026/04324,MOTOR VEHICLE ACCIDENTS NON-FATAL,Bengaluru City,Cubbon Park,12.9886,77.5838,2026-07-08 00:09:00,Solved,"Sec 279, 337 IPC",Medium,87.5,Standard Monitoring
KSP/HAS/2025/04325,MOTOR VEHICLE ACCIDENTS NON-FATAL,Hassan,Gorur,12.9538,76.0626,2025-08-12 12:41:00,Pending,"Sec 279, 337 IPC",Medium,96.9,Standard Monitoring
KSP/MYS/2026/04326,BURGLARY / HOUSE BREAKING,Mysuru,Lashkar PS,12.2979,76.641,2026-05-29 15:40:00,Closed,"Sec 454, 457, 380 IPC",High,93.7,High Risk Zone
KSP/VIJ/2025/04327,BURGLARY / HOUSE BREAKING,Vijayanagara,Hospet Town,15.2329,76.4623,2025-09-08 18:54:00,Pending,"Sec 454, 457, 380 IPC",High,95.2,High Risk Zone
KSP/BEN/2025/04328,CrPC OFFENCES,Bengaluru City,Electronic City,12.9221,77.5382,2025-06-06 19:44:00,Closed,"Sec 107, 151 CrPC",Low,88.4,Standard Monitoring
KSP/BEN/2025/04329,HURT / ASSAULT,Bengaluru City,Indiranagar,12.9212,77.6525,2025-10-27 16:20:00,Closed,"Sec 323, 324, 504 IPC",High,89.9,High Risk Zone
KSP/BEL/2026/04330,KPA 1963 VIOLATIONS,Belagavi,Gokak,15.8827,74.5254,2026-01-02 04:58:00,Closed,"Sec 78, 87 KPA",Low,91.5,Standard Monitoring
KSP/BEN/2025/04331,CrPC OFFENCES,Bengaluru Dist,Nelamangala,13.0178,77.5597,2025-06-05 04:16:00,Solved,"Sec 107, 151 CrPC",Low,96.1,Standard Monitoring
KSP/BEN/2024/04332,CrPC OFFENCES,Bengaluru City,Hebbal,12.9652,77.5262,2024-06-12 13:35:00,Closed,"Sec 107, 151 CrPC",Low,87.3,Standard Monitoring
KSP/BEN/2024/04333,HURT / ASSAULT,Bengaluru Dist,Nelamangala,13.078,77.5695,2024-09-19 21:09:00,Closed,"Sec 323, 324, 504 IPC",High,90.0,High Risk Zone
KSP/BEN/2025/04334,BURGLARY / HOUSE BREAKING,Bengaluru City,Yelahanka,12.9698,77.6658,2025-08-14 05:20:00,Pending,"Sec 454, 457, 380 IPC",High,93.9,High Risk Zone
KSP/TUM/2025/04335,ROBBERY / DACOITY,Tumakuru,Tiptur,13.3427,77.0984,2025-04-03 20:08:00,Pending,"Sec 392, 395 IPC",Critical,87.0,High Risk Zone
KSP/BAL/2024/04336,THEFT,Ballari,Cowl Bazar,15.0928,76.874,2024-07-28 14:19:00,Solved,Sec 379 IPC,Medium,91.3,Standard Monitoring
KSP/UDU/2024/04337,KPA 1963 VIOLATIONS,Udupi,Malpe,13.3273,74.7531,2024-09-28 10:46:00,Charge Sheeted,"Sec 78, 87 KPA",Low,90.2,Standard Monitoring
KSP/BEN/2025/04338,CrPC OFFENCES,Bengaluru City,Hebbal,13.0516,77.6249,2025-01-21 19:23:00,Charge Sheeted,"Sec 107, 151 CrPC",Low,86.5,Standard Monitoring
KSP/BEN/2025/04339,MISSING PERSON,Bengaluru Dist,Devanahalli,13.1497,77.5791,2025-09-08 07:42:00,Closed,Sec 363 IPC,Medium,88.4,Standard Monitoring
KSP/YAD/2025/04340,MOTOR VEHICLE ACCIDENTS NON-FATAL,Yadgir,Shorapur,16.7695,77.1735,2025-04-06 19:06:00,Investigating,"Sec 279, 337 IPC",Medium,92.1,Standard Monitoring
KSP/BEN/2026/04341,ROBBERY / DACOITY,Bengaluru City,Jayanagar,12.9,77.6079,2026-06-12 00:28:00,Solved,"Sec 392, 395 IPC",Critical,92.9,High Risk Zone
KSP/KOL/2024/04342,MISSING PERSON,Kolar,Town PS,13.073,78.1245,2024-08-01 15:05:00,Charge Sheeted,Sec 363 IPC,Medium,97.6,Standard Monitoring
KSP/MAN/2024/04343,MISSING PERSON,Mangaluru,Urwa,12.9097,74.8155,2024-07-01 19:14:00,Solved,Sec 363 IPC,Medium,96.4,Standard Monitoring
KSP/RAM/2025/04344,BURGLARY / HOUSE BREAKING,Ramanagara,Channapatna,12.7096,77.3483,2025-07-04 14:15:00,Pending,"Sec 454, 457, 380 IPC",High,88.7,High Risk Zone
KSP/BID/2025/04345,MOTOR VEHICLE ACCIDENTS NON-FATAL,Bidar,Bhalki,17.9664,77.5002,2025-03-21 18:25:00,Investigating,"Sec 279, 337 IPC",Medium,98.2,Standard Monitoring
KSP/BEN/2025/04346,CYBER CRIME & FRAUD,Bengaluru City,Koramangala,12.9058,77.6345,2025-10-12 21:25:00,Solved,"Sec 66D IT Act, 420 IPC",High,98.4,High Risk Zone
KSP/VIJ/2025/04347,MOTOR VEHICLE ACCIDENTS NON-FATAL,Vijayapura,Adarsh Nagar,16.8689,75.7715,2025-04-04 10:46:00,Charge Sheeted,"Sec 279, 337 IPC",Medium,93.2,Standard Monitoring
KSP/SHI/2026/04348,MOTOR VEHICLE ACCIDENTS NON-FATAL,Shivamogga,Bhadravathi,13.8634,75.4988,2026-01-28 00:45:00,Pending,"Sec 279, 337 IPC",Medium,94.6,Standard Monitoring
KSP/BEN/2025/04349,NARCOTICS (NDPS),Bengaluru City,Yelahanka,13.0389,77.5465,2025-05-27 19:50:00,Closed,"Sec 20(b), 22 NDPS Act",Critical,88.6,High Risk Zone
KSP/BAL/2025/04350,CrPC OFFENCES,Ballari,Brucepet,15.1048,76.9578,2025-02-04 18:11:00,Closed,"Sec 107, 151 CrPC",Low,85.2,Standard Monitoring
KSP/CHI/2026/04351,THEFT,Chikkaballapura,Chintamani,13.4056,77.7125,2026-05-25 13:12:00,Charge Sheeted,Sec 379 IPC,Medium,94.7,Standard Monitoring
KSP/MAN/2024/04352,KPA 1963 VIOLATIONS,Mangaluru,Barkarke,12.8568,74.8833,2024-10-08 09:20:00,Pending,"Sec 78, 87 KPA",Low,97.4,Standard Monitoring
KSP/BEN/2025/04353,KPA 1963 VIOLATIONS,Bengaluru City,Electronic City,12.9388,77.6061,2025-06-10 22:00:00,Solved,"Sec 78, 87 KPA",Low,86.9,Standard Monitoring
KSP/BEN/2025/04354,MISSING PERSON,Bengaluru City,Cubbon Park,13.0176,77.5205,2025-03-11 01:23:00,Solved,Sec 363 IPC,Medium,85.0,Standard Monitoring
KSP/BEN/2024/04355,CrPC OFFENCES,Bengaluru Dist,Doddaballapura,13.1622,77.6026,2024-05-13 15:15:00,Solved,"Sec 107, 151 CrPC",Low,96.9,Standard Monitoring
KSP/BEN/2024/04356,KPA 1963 VIOLATIONS,Bengaluru City,Koramangala,12.9023,77.6674,2024-02-06 00:28:00,Solved,"Sec 78, 87 KPA",Low,93.1,Standard Monitoring
KSP/BEN/2026/04357,CrPC OFFENCES,Bengaluru City,Indiranagar,13.0379,77.5852,2026-04-26 07:55:00,Charge Sheeted,"Sec 107, 151 CrPC",Low,98.3,Standard Monitoring
KSP/HUB/2024/04358,CYBER CRIME & FRAUD,Hubballi-Dharwad,Dharwad Town,15.42,75.1267,2024-05-30 19:33:00,Closed,"Sec 66D IT Act, 420 IPC",High,87.1,High Risk Zone
KSP/BEN/2024/04359,MOTOR VEHICLE ACCIDENTS NON-FATAL,Bengaluru City,Cubbon Park,12.893,77.522,2024-09-23 09:22:00,Pending,"Sec 279, 337 IPC",Medium,91.2,Standard Monitoring
KSP/HAV/2025/04360,MISSING PERSON,Haveri,Ranebennur,14.8323,75.3597,2025-11-23 01:36:00,Solved,Sec 363 IPC,Medium,96.9,Standard Monitoring
KSP/BEN/2024/04361,MOTOR VEHICLE ACCIDENTS NON-FATAL,Bengaluru City,Yelahanka,12.9108,77.5675,2024-08-27 10:03:00,Pending,"Sec 279, 337 IPC",Medium,91.9,Standard Monitoring
KSP/BEN/2025/04362,MOTOR VEHICLE ACCIDENTS NON-FATAL,Bengaluru City,Koramangala,13.0215,77.5592,2025-10-31 02:09:00,Investigating,"Sec 279, 337 IPC",Medium,86.3,Standard Monitoring
KSP/KOP/2024/04363,BURGLARY / HOUSE BREAKING,Koppal,Kushtagi,15.3575,76.1575,2024-04-05 17:08:00,Investigating,"Sec 454, 457, 380 IPC",High,98.4,High Risk Zone
KSP/HAS/2025/04364,THEFT,Hassan,Gorur,13.0104,76.162,2025-11-12 20:53:00,Investigating,Sec 379 IPC,Medium,94.5,Standard Monitoring
KSP/HUB/2024/04365,MISSING PERSON,Hubballi-Dharwad,Dharwad Town,15.4309,75.1036,2024-12-04 02:02:00,Solved,Sec 363 IPC,Medium,86.4,Standard Monitoring
KSP/VIJ/2025/04366,THEFT,Vijayapura,Gol Gumbaz PS,16.8214,75.6373,2025-02-02 20:52:00,Solved,Sec 379 IPC,Medium,96.9,Standard Monitoring
KSP/BAG/2025/04367,CrPC OFFENCES,Bagalkote,Navanagar,16.1666,75.7601,2025-04-19 20:43:00,Solved,"Sec 107, 151 CrPC",Low,89.4,Standard Monitoring
KSP/BID/2025/04368,MISSING PERSON,Bidar,Basavakalyan,17.9763,77.5697,2025-05-06 16:34:00,Solved,Sec 363 IPC,Medium,85.2,Standard Monitoring
KSP/KAL/2024/04369,CrPC OFFENCES,Kalaburagi,University PS,17.2932,76.9078,2024-09-04 00:42:00,Solved,"Sec 107, 151 CrPC",Low,97.4,Standard Monitoring
KSP/BEN/2024/04370,MOTOR VEHICLE ACCIDENTS NON-FATAL,Bengaluru Dist,Doddaballapura,13.1284,77.5124,2024-05-04 12:54:00,Investigating,"Sec 279, 337 IPC",Medium,95.5,Standard Monitoring
KSP/UDU/2025/04371,THEFT,Udupi,Kundapura,13.3657,74.7099,2025-03-02 02:14:00,Solved,Sec 379 IPC,Medium,96.6,Standard Monitoring
KSP/MYS/2026/04372,CrPC OFFENCES,Mysuru,Nazarbad,12.3178,76.5859,2026-07-04 00:42:00,Investigating,"Sec 107, 151 CrPC",Low,89.5,Standard Monitoring
KSP/MYS/2025/04373,HURT / ASSAULT,Mysuru,Nazarbad,12.3157,76.576,2025-08-24 12:03:00,Pending,"Sec 323, 324, 504 IPC",High,97.1,High Risk Zone
KSP/TUM/2026/04374,HURT / ASSAULT,Tumakuru,Sira,13.3325,77.0402,2026-05-20 22:29:00,Solved,"Sec 323, 324, 504 IPC",High,94.0,High Risk Zone
KSP/BEL/2024/04375,MOTOR VEHICLE ACCIDENTS NON-FATAL,Belagavi,Tilakwadi,15.7967,74.5016,2024-08-01 18:44:00,Pending,"Sec 279, 337 IPC",Medium,90.8,Standard Monitoring
KSP/BEN/2024/04376,CYBER CRIME & FRAUD,Bengaluru Dist,Nelamangala,13.1406,77.6507,2024-11-18 19:48:00,Pending,"Sec 66D IT Act, 420 IPC",High,94.1,High Risk Zone
KSP/CHA/2024/04377,MOTOR VEHICLE ACCIDENTS NON-FATAL,Chamarajanagar,Kollegal,11.8925,76.9067,2024-01-16 17:55:00,Closed,"Sec 279, 337 IPC",Medium,85.9,Standard Monitoring
KSP/BEN/2024/04378,THEFT,Bengaluru Dist,Nelamangala,13.0992,77.637,2024-02-27 14:05:00,Investigating,Sec 379 IPC,Medium,86.7,Standard Monitoring
KSP/BAL/2024/04379,MOTOR VEHICLE ACCIDENTS NON-FATAL,Ballari,Hospet Town,15.0917,76.8783,2024-02-14 07:34:00,Charge Sheeted,"Sec 279, 337 IPC",Medium,98.5,Standard Monitoring
KSP/TUM/2026/04380,KPA 1963 VIOLATIONS,Tumakuru,Town PS,13.4168,77.1631,2026-01-01 11:08:00,Charge Sheeted,"Sec 78, 87 KPA",Low,88.8,Standard Monitoring
KSP/BEL/2024/04381,HURT / ASSAULT,Belagavi,Tilakwadi,15.8504,74.4795,2024-09-18 15:00:00,Closed,"Sec 323, 324, 504 IPC",High,96.7,High Risk Zone
KSP/BID/2026/04382,MOTOR VEHICLE ACCIDENTS NON-FATAL,Bidar,Bhalki,17.9609,77.5506,2026-07-11 07:40:00,Solved,"Sec 279, 337 IPC",Medium,88.3,Standard Monitoring
KSP/KOL/2024/04383,MISSING PERSON,Kolar,Robertsonpet,13.1778,78.1073,2024-06-20 13:23:00,Charge Sheeted,Sec 363 IPC,Medium,90.2,Standard Monitoring
KSP/BEN/2024/04384,HURT / ASSAULT,Bengaluru City,Cubbon Park,12.9378,77.5973,2024-02-04 22:27:00,Pending,"Sec 323, 324, 504 IPC",High,91.8,High Risk Zone
KSP/BEN/2024/04385,CYBER CRIME & FRAUD,Bengaluru City,Koramangala,12.9675,77.5896,2024-11-21 23:45:00,Investigating,"Sec 66D IT Act, 420 IPC",High,98.2,High Risk Zone
KSP/BEN/2026/04386,BURGLARY / HOUSE BREAKING,Bengaluru City,Electronic City,13.0124,77.5823,2026-06-27 13:44:00,Investigating,"Sec 454, 457, 380 IPC",High,90.3,High Risk Zone
KSP/SHI/2024/04387,HURT / ASSAULT,Shivamogga,Bhadravathi,13.9988,75.6203,2024-07-01 15:43:00,Pending,"Sec 323, 324, 504 IPC",High,87.7,High Risk Zone
KSP/BEN/2025/04388,HURT / ASSAULT,Bengaluru City,Yelahanka,12.9621,77.571,2025-01-17 04:53:00,Closed,"Sec 323, 324, 504 IPC",High,97.0,High Risk Zone
KSP/BEN/2024/04389,MOTOR VEHICLE ACCIDENTS NON-FATAL,Bengaluru City,Jayanagar,12.9181,77.5248,2024-05-22 00:11:00,Charge Sheeted,"Sec 279, 337 IPC",Medium,89.2,Standard Monitoring
KSP/DAV/2025/04390,MOTOR VEHICLE ACCIDENTS NON-FATAL,Davanagere,Harihar,14.4858,75.9238,2025-11-16 14:26:00,Investigating,"Sec 279, 337 IPC",Medium,95.4,Standard Monitoring
KSP/DAV/2024/04391,KPA 1963 VIOLATIONS,Davanagere,Vidyanagar,14.507,75.8616,2024-12-31 19:42:00,Pending,"Sec 78, 87 KPA",Low,93.6,Standard Monitoring
KSP/BEN/2026/04392,KPA 1963 VIOLATIONS,Bengaluru Dist,Nelamangala,13.0162,77.5822,2026-06-24 14:31:00,Charge Sheeted,"Sec 78, 87 KPA",Low,86.2,Standard Monitoring
KSP/BEN/2026/04393,KPA 1963 VIOLATIONS,Bengaluru City,Cubbon Park,13.0349,77.6238,2026-04-25 00:01:00,Closed,"Sec 78, 87 KPA",Low,97.3,Standard Monitoring
KSP/KAL/2026/04394,MOTOR VEHICLE ACCIDENTS NON-FATAL,Kalaburagi,Ashok Nagar,17.3932,76.7772,2026-04-26 01:22:00,Closed,"Sec 279, 337 IPC",Medium,92.8,Standard Monitoring
KSP/BEN/2024/04395,HURT / ASSAULT,Bengaluru City,Hebbal,13.0086,77.6409,2024-05-09 20:58:00,Pending,"Sec 323, 324, 504 IPC",High,89.1,High Risk Zone
KSP/BEN/2025/04396,MISSING PERSON,Bengaluru City,Electronic City,13.0391,77.5194,2025-07-10 00:14:00,Charge Sheeted,Sec 363 IPC,Medium,85.6,Standard Monitoring
KSP/BEN/2025/04397,HURT / ASSAULT,Bengaluru City,Electronic City,12.9548,77.5216,2025-03-23 00:09:00,Investigating,"Sec 323, 324, 504 IPC",High,91.2,High Risk Zone
KSP/BAG/2026/04398,HURT / ASSAULT,Bagalkote,Jamkhandi,16.113,75.6869,2026-02-24 05:03:00,Investigating,"Sec 323, 324, 504 IPC",High,93.2,High Risk Zone
KSP/MYS/2024/04399,CYBER CRIME & FRAUD,Mysuru,Nazarbad,12.3766,76.7023,2024-07-10 02:51:00,Charge Sheeted,"Sec 66D IT Act, 420 IPC",High,93.3,High Risk Zone
KSP/BEN/2025/04400,CYBER CRIME & FRAUD,Bengaluru City,Koramangala,12.9018,77.5876,2025-01-28 06:40:00,Investigating,"Sec 66D IT Act, 420 IPC",High,92.8,High Risk Zone
KSP/MYS/2025/04401,ROBBERY / DACOITY,Mysuru,Vidyaranyapuram,12.3522,76.5856,2025-02-05 23:50:00,Pending,"Sec 392, 395 IPC",Critical,91.7,High Risk Zone
KSP/HAV/2025/04402,MOTOR VEHICLE ACCIDENTS NON-FATAL,Haveri,Town PS,14.8693,75.3276,2025-12-06 13:05:00,Solved,"Sec 279, 337 IPC",Medium,86.0,Standard Monitoring
KSP/KOL/2024/04403,MOTOR VEHICLE ACCIDENTS NON-FATAL,Kolar,Bangarapet,13.0928,78.1961,2024-06-26 00:51:00,Charge Sheeted,"Sec 279, 337 IPC",Medium,89.2,Standard Monitoring
KSP/RAI/2024/04404,HURT / ASSAULT,Raichur,Sadabad,16.1403,77.3748,2024-08-26 23:34:00,Investigating,"Sec 323, 324, 504 IPC",High,92.8,High Risk Zone
KSP/BEN/2024/04405,KPA 1963 VIOLATIONS,Bengaluru City,Electronic City,13.05,77.5573,2024-06-25 15:33:00,Solved,"Sec 78, 87 KPA",Low,97.9,Standard Monitoring
KSP/HAS/2025/04406,BURGLARY / HOUSE BREAKING,Hassan,Gorur,12.9878,76.0694,2025-03-11 03:18:00,Investigating,"Sec 454, 457, 380 IPC",High,90.2,High Risk Zone
KSP/BAL/2025/04407,HURT / ASSAULT,Ballari,Hospet Town,15.2003,76.8597,2025-02-23 13:27:00,Solved,"Sec 323, 324, 504 IPC",High,94.8,High Risk Zone
KSP/BEN/2024/04408,HURT / ASSAULT,Bengaluru City,Cubbon Park,12.9857,77.5942,2024-12-15 14:15:00,Investigating,"Sec 323, 324, 504 IPC",High,85.5,High Risk Zone
KSP/TUM/2025/04409,THEFT,Tumakuru,Tiptur,13.3169,77.082,2025-04-10 05:36:00,Investigating,Sec 379 IPC,Medium,96.5,Standard Monitoring
KSP/BEN/2025/04410,HURT / ASSAULT,Bengaluru City,Hebbal,12.9769,77.6668,2025-06-25 04:07:00,Pending,"Sec 323, 324, 504 IPC",High,89.0,High Risk Zone
KSP/TUM/2024/04411,HURT / ASSAULT,Tumakuru,Gubbi,13.3372,77.1707,2024-06-10 20:33:00,Closed,"Sec 323, 324, 504 IPC",High,94.0,High Risk Zone
KSP/MAN/2025/04412,MOTOR VEHICLE ACCIDENTS NON-FATAL,Mangaluru,Barkarke,12.9441,74.8636,2025-04-28 08:31:00,Pending,"Sec 279, 337 IPC",Medium,85.7,Standard Monitoring
KSP/UDU/2024/04413,THEFT,Udupi,Town PS,13.2777,74.7338,2024-02-09 17:23:00,Closed,Sec 379 IPC,Medium,90.3,Standard Monitoring
KSP/UDU/2025/04414,HURT / ASSAULT,Udupi,Kundapura,13.3832,74.7189,2025-06-20 01:18:00,Charge Sheeted,"Sec 323, 324, 504 IPC",High,96.8,High Risk Zone
KSP/BEN/2025/04415,HURT / ASSAULT,Bengaluru Dist,Hosakote,13.0541,77.5262,2025-02-08 05:52:00,Investigating,"Sec 323, 324, 504 IPC",High,98.5,High Risk Zone
KSP/CHI/2025/04416,KPA 1963 VIOLATIONS,Chikkamagaluru,Basavanahalli,13.3371,75.7755,2025-07-20 12:54:00,Investigating,"Sec 78, 87 KPA",Low,88.2,Standard Monitoring
KSP/BEN/2025/04417,MOTOR VEHICLE ACCIDENTS NON-FATAL,Bengaluru City,Cubbon Park,12.9794,77.5567,2025-01-21 16:38:00,Pending,"Sec 279, 337 IPC",Medium,88.1,Standard Monitoring
KSP/MYS/2024/04418,BURGLARY / HOUSE BREAKING,Mysuru,Lashkar PS,12.2773,76.6247,2024-11-20 09:18:00,Charge Sheeted,"Sec 454, 457, 380 IPC",High,86.1,High Risk Zone
KSP/DAV/2024/04419,MISSING PERSON,Davanagere,Harihar,14.427,75.8684,2024-04-02 17:03:00,Closed,Sec 363 IPC,Medium,97.9,Standard Monitoring
KSP/BEN/2025/04420,HURT / ASSAULT,Bengaluru City,Whitefield,12.9351,77.6054,2025-09-26 19:57:00,Pending,"Sec 323, 324, 504 IPC",High,96.7,High Risk Zone
KSP/BEN/2026/04421,THEFT,Bengaluru City,Electronic City,12.9262,77.5534,2026-02-03 03:04:00,Closed,Sec 379 IPC,Medium,90.8,Standard Monitoring
KSP/BEN/2025/04422,CrPC OFFENCES,Bengaluru Dist,Nelamangala,13.0602,77.5725,2025-04-22 05:42:00,Solved,"Sec 107, 151 CrPC",Low,92.4,Standard Monitoring
KSP/DAV/2026/04423,KPA 1963 VIOLATIONS,Davanagere,Harihar,14.4543,75.8649,2026-01-05 01:50:00,Pending,"Sec 78, 87 KPA",Low,91.5,Standard Monitoring
KSP/DAV/2025/04424,HURT / ASSAULT,Davanagere,Vidyanagar,14.4885,75.9414,2025-05-10 23:21:00,Closed,"Sec 323, 324, 504 IPC",High,92.5,High Risk Zone
KSP/BEN/2024/04425,MOTOR VEHICLE ACCIDENTS NON-FATAL,Bengaluru City,Cubbon Park,12.9493,77.5425,2024-05-07 22:07:00,Investigating,"Sec 279, 337 IPC",Medium,88.1,Standard Monitoring
KSP/TUM/2025/04426,THEFT,Tumakuru,Tiptur,13.3241,77.0303,2025-01-31 00:09:00,Pending,Sec 379 IPC,Medium,89.5,Standard Monitoring
KSP/BEN/2024/04427,THEFT,Bengaluru City,Hebbal,13.0127,77.5621,2024-05-01 16:39:00,Investigating,Sec 379 IPC,Medium,91.0,Standard Monitoring
KSP/BEN/2026/04428,MOTOR VEHICLE ACCIDENTS NON-FATAL,Bengaluru Dist,Hosakote,13.1266,77.657,2026-04-15 07:35:00,Solved,"Sec 279, 337 IPC",Medium,95.6,Standard Monitoring
KSP/BEN/2025/04429,HURT / ASSAULT,Bengaluru Dist,Devanahalli,13.1398,77.6274,2025-04-02 17:50:00,Investigating,"Sec 323, 324, 504 IPC",High,90.2,High Risk Zone
KSP/SHI/2025/04430,BURGLARY / HOUSE BREAKING,Shivamogga,Bhadravathi,13.8997,75.5393,2025-03-23 10:17:00,Charge Sheeted,"Sec 454, 457, 380 IPC",High,93.1,High Risk Zone
KSP/MAN/2024/04431,KPA 1963 VIOLATIONS,Mangaluru,Barkarke,12.9337,74.8321,2024-06-13 23:20:00,Charge Sheeted,"Sec 78, 87 KPA",Low,97.1,Standard Monitoring
KSP/HAS/2024/04432,HURT / ASSAULT,Hassan,Arsikere,12.9653,76.0849,2024-01-20 00:16:00,Charge Sheeted,"Sec 323, 324, 504 IPC",High,93.0,High Risk Zone
KSP/BEN/2025/04433,KPA 1963 VIOLATIONS,Bengaluru City,Indiranagar,12.8968,77.5654,2025-02-06 10:59:00,Investigating,"Sec 78, 87 KPA",Low,97.4,Standard Monitoring
KSP/KOL/2026/04434,MOTOR VEHICLE ACCIDENTS NON-FATAL,Kolar,Town PS,13.1578,78.1876,2026-01-25 13:30:00,Closed,"Sec 279, 337 IPC",Medium,88.8,Standard Monitoring
KSP/BID/2024/04435,KPA 1963 VIOLATIONS,Bidar,Basavakalyan,17.8674,77.4734,2024-02-17 05:10:00,Closed,"Sec 78, 87 KPA",Low,97.8,Standard Monitoring
KSP/BEN/2025/04436,CrPC OFFENCES,Bengaluru City,Cubbon Park,12.941,77.5201,2025-07-22 07:56:00,Investigating,"Sec 107, 151 CrPC",Low,86.8,Standard Monitoring
KSP/BEN/2026/04437,KPA 1963 VIOLATIONS,Bengaluru City,Hebbal,13.0408,77.6323,2026-01-10 22:30:00,Pending,"Sec 78, 87 KPA",Low,86.9,Standard Monitoring
KSP/HUB/2026/04438,MOTOR VEHICLE ACCIDENTS NON-FATAL,Hubballi-Dharwad,Vidyagiri,15.4276,75.1913,2026-03-27 18:00:00,Closed,"Sec 279, 337 IPC",Medium,95.3,Standard Monitoring
KSP/MAN/2025/04439,MISSING PERSON,Mangaluru,Barkarke,12.9085,74.8527,2025-11-16 04:35:00,Solved,Sec 363 IPC,Medium,95.7,Standard Monitoring
KSP/BEN/2024/04440,HURT / ASSAULT,Bengaluru Dist,Doddaballapura,13.1298,77.6546,2024-09-03 23:36:00,Investigating,"Sec 323, 324, 504 IPC",High,97.3,High Risk Zone
KSP/BEL/2025/04441,ROBBERY / DACOITY,Belagavi,Gokak,15.7711,74.4515,2025-04-04 15:55:00,Charge Sheeted,"Sec 392, 395 IPC",Critical,94.6,High Risk Zone
KSP/BEN/2025/04442,CYBER CRIME & FRAUD,Bengaluru City,Jayanagar,12.9427,77.5276,2025-11-07 08:58:00,Charge Sheeted,"Sec 66D IT Act, 420 IPC",High,91.6,High Risk Zone
KSP/BAG/2024/04443,MISSING PERSON,Bagalkote,Town PS,16.244,75.6591,2024-06-12 05:02:00,Pending,Sec 363 IPC,Medium,98.5,Standard Monitoring
KSP/UDU/2024/04444,NARCOTICS (NDPS),Udupi,Kundapura,13.3111,74.8008,2024-08-08 17:01:00,Solved,"Sec 20(b), 22 NDPS Act",Critical,93.9,High Risk Zone
KSP/VIJ/2024/04445,BURGLARY / HOUSE BREAKING,Vijayapura,Adarsh Nagar,16.762,75.6345,2024-11-13 05:47:00,Charge Sheeted,"Sec 454, 457, 380 IPC",High,90.3,High Risk Zone
KSP/BEN/2025/04446,THEFT,Bengaluru City,Yelahanka,12.9663,77.5927,2025-03-01 17:53:00,Solved,Sec 379 IPC,Medium,93.7,Standard Monitoring
KSP/BEN/2025/04447,CYBER CRIME & FRAUD,Bengaluru City,Electronic City,12.9427,77.5217,2025-07-04 23:13:00,Closed,"Sec 66D IT Act, 420 IPC",High,92.9,High Risk Zone
KSP/BEN/2025/04448,MISSING PERSON,Bengaluru City,Yelahanka,13.0018,77.5806,2025-09-07 09:07:00,Pending,Sec 363 IPC,Medium,85.2,Standard Monitoring
KSP/MAN/2024/04449,THEFT,Mangaluru,Panambur,12.8462,74.8974,2024-02-15 15:29:00,Solved,Sec 379 IPC,Medium,93.2,Standard Monitoring
KSP/BEN/2026/04450,THEFT,Bengaluru City,Hebbal,12.9727,77.5551,2026-03-16 22:49:00,Closed,Sec 379 IPC,Medium,91.7,Standard Monitoring
KSP/VIJ/2025/04451,MOTOR VEHICLE ACCIDENTS NON-FATAL,Vijayapura,Indi,16.7532,75.7282,2025-10-03 13:18:00,Investigating,"Sec 279, 337 IPC",Medium,87.7,Standard Monitoring
KSP/VIJ/2025/04452,MISSING PERSON,Vijayanagara,Kudligi,15.3164,76.3836,2025-04-15 11:50:00,Solved,Sec 363 IPC,Medium,97.4,Standard Monitoring
KSP/BEN/2025/04453,NARCOTICS (NDPS),Bengaluru City,Jayanagar,12.9115,77.6012,2025-07-28 12:15:00,Closed,"Sec 20(b), 22 NDPS Act",Critical,98.2,High Risk Zone
KSP/BID/2024/04454,MOTOR VEHICLE ACCIDENTS NON-FATAL,Bidar,Gandhi Gunj,17.9058,77.4932,2024-01-24 20:58:00,Solved,"Sec 279, 337 IPC",Medium,90.5,Standard Monitoring
KSP/MAN/2024/04455,THEFT,Mangaluru,Surathkal,12.8708,74.8505,2024-10-15 21:15:00,Solved,Sec 379 IPC,Medium,86.5,Standard Monitoring
KSP/MAN/2025/04456,BURGLARY / HOUSE BREAKING,Mandya,Srirangapatna,12.4719,76.9173,2025-10-10 02:08:00,Pending,"Sec 454, 457, 380 IPC",High,89.9,High Risk Zone
KSP/BEL/2025/04457,MOTOR VEHICLE ACCIDENTS NON-FATAL,Belagavi,Gokak,15.7837,74.4386,2025-12-07 17:46:00,Solved,"Sec 279, 337 IPC",Medium,97.0,Standard Monitoring
KSP/BEL/2025/04458,CYBER CRIME & FRAUD,Belagavi,Camp PS,15.7732,74.5908,2025-05-03 05:40:00,Closed,"Sec 66D IT Act, 420 IPC",High,95.5,High Risk Zone
KSP/BAL/2025/04459,MOTOR VEHICLE ACCIDENTS NON-FATAL,Ballari,Brucepet,15.1676,76.8473,2025-07-06 03:13:00,Charge Sheeted,"Sec 279, 337 IPC",Medium,95.1,Standard Monitoring
KSP/CHI/2024/04460,MISSING PERSON,Chitradurga,Town PS,14.278,76.3414,2024-04-28 19:18:00,Solved,Sec 363 IPC,Medium,90.7,Standard Monitoring
KSP/KAL/2024/04461,THEFT,Kalaburagi,Station Bazar,17.3812,76.8677,2024-06-12 11:59:00,Charge Sheeted,Sec 379 IPC,Medium,87.6,Standard Monitoring
KSP/DAV/2026/04462,KPA 1963 VIOLATIONS,Davanagere,Vidyanagar,14.5238,76.0023,2026-06-04 14:01:00,Closed,"Sec 78, 87 KPA",Low,93.5,Standard Monitoring
KSP/MAN/2024/04463,KPA 1963 VIOLATIONS,Mangaluru,Urwa,12.8864,74.8998,2024-04-27 15:46:00,Solved,"Sec 78, 87 KPA",Low,93.4,Standard Monitoring
KSP/HUB/2024/04464,MISSING PERSON,Hubballi-Dharwad,Suburban PS,15.3781,75.1082,2024-09-28 16:43:00,Charge Sheeted,Sec 363 IPC,Medium,98.4,Standard Monitoring
KSP/BEN/2025/04465,HURT / ASSAULT,Bengaluru Dist,Devanahalli,13.0976,77.5542,2025-08-19 08:38:00,Investigating,"Sec 323, 324, 504 IPC",High,88.0,High Risk Zone
KSP/VIJ/2026/04466,HURT / ASSAULT,Vijayanagara,Hospet Town,15.275,76.3962,2026-01-28 13:35:00,Charge Sheeted,"Sec 323, 324, 504 IPC",High,97.5,High Risk Zone
KSP/BEL/2025/04467,THEFT,Belagavi,Gokak,15.8788,74.4454,2025-02-24 18:13:00,Pending,Sec 379 IPC,Medium,90.3,Standard Monitoring
KSP/MYS/2025/04468,MOTOR VEHICLE ACCIDENTS NON-FATAL,Mysuru,Vidyaranyapuram,12.26,76.7097,2025-01-20 08:39:00,Investigating,"Sec 279, 337 IPC",Medium,87.5,Standard Monitoring
KSP/TUM/2024/04469,HURT / ASSAULT,Tumakuru,Sira,13.3188,77.0395,2024-05-07 23:33:00,Closed,"Sec 323, 324, 504 IPC",High,86.5,High Risk Zone
KSP/BEN/2024/04470,NARCOTICS (NDPS),Bengaluru City,Electronic City,12.9825,77.5244,2024-05-18 20:57:00,Charge Sheeted,"Sec 20(b), 22 NDPS Act",Critical,93.4,High Risk Zone
KSP/BEN/2025/04471,THEFT,Bengaluru Dist,Nelamangala,13.1519,77.5877,2025-02-09 22:35:00,Investigating,Sec 379 IPC,Medium,92.0,Standard Monitoring
KSP/MAN/2024/04472,MISSING PERSON,Mangaluru,Urwa,12.9796,74.8832,2024-01-07 03:11:00,Solved,Sec 363 IPC,Medium,98.5,Standard Monitoring
KSP/MAN/2026/04473,CYBER CRIME & FRAUD,Mandya,Central PS,12.4821,76.9222,2026-01-28 08:12:00,Charge Sheeted,"Sec 66D IT Act, 420 IPC",High,92.6,High Risk Zone
KSP/BEN/2024/04474,HURT / ASSAULT,Bengaluru City,Jayanagar,12.9486,77.6151,2024-11-01 12:00:00,Investigating,"Sec 323, 324, 504 IPC",High,92.2,High Risk Zone
KSP/BAL/2025/04475,CrPC OFFENCES,Ballari,Brucepet,15.1745,76.9396,2025-09-11 23:20:00,Solved,"Sec 107, 151 CrPC",Low,86.5,Standard Monitoring
KSP/HUB/2024/04476,BURGLARY / HOUSE BREAKING,Hubballi-Dharwad,Dharwad Town,15.3617,75.1298,2024-04-17 14:40:00,Charge Sheeted,"Sec 454, 457, 380 IPC",High,95.0,High Risk Zone
KSP/BEN/2024/04477,THEFT,Bengaluru City,Electronic City,12.912,77.6538,2024-11-03 01:33:00,Pending,Sec 379 IPC,Medium,87.4,Standard Monitoring
KSP/BAG/2025/04478,THEFT,Bagalkote,Town PS,16.1315,75.6692,2025-02-03 12:05:00,Pending,Sec 379 IPC,Medium,93.7,Standard Monitoring
KSP/BAL/2025/04479,MOTOR VEHICLE ACCIDENTS NON-FATAL,Ballari,Brucepet,15.1551,76.9623,2025-01-06 10:51:00,Solved,"Sec 279, 337 IPC",Medium,94.2,Standard Monitoring
KSP/KAL/2025/04480,CrPC OFFENCES,Kalaburagi,University PS,17.3921,76.8743,2025-11-19 09:43:00,Solved,"Sec 107, 151 CrPC",Low,91.0,Standard Monitoring
KSP/BEN/2025/04481,CYBER CRIME & FRAUD,Bengaluru City,Jayanagar,13.0073,77.5462,2025-10-06 17:34:00,Closed,"Sec 66D IT Act, 420 IPC",High,91.5,High Risk Zone
KSP/BEN/2025/04482,NARCOTICS (NDPS),Bengaluru City,Cubbon Park,13.0465,77.6641,2025-09-04 09:30:00,Charge Sheeted,"Sec 20(b), 22 NDPS Act",Critical,96.2,High Risk Zone
KSP/KOL/2026/04483,THEFT,Kolar,Town PS,13.1229,78.2137,2026-07-24 16:15:00,Pending,Sec 379 IPC,Medium,91.2,Standard Monitoring
KSP/BEN/2026/04484,BURGLARY / HOUSE BREAKING,Bengaluru Dist,Devanahalli,13.1562,77.5368,2026-01-05 02:38:00,Solved,"Sec 454, 457, 380 IPC",High,96.5,High Risk Zone
KSP/MYS/2026/04485,ROBBERY / DACOITY,Mysuru,Lashkar PS,12.2705,76.6389,2026-07-24 16:21:00,Solved,"Sec 392, 395 IPC",Critical,95.7,High Risk Zone
KSP/TUM/2024/04486,MISSING PERSON,Tumakuru,Sira,13.3683,77.1246,2024-02-02 21:02:00,Charge Sheeted,Sec 363 IPC,Medium,90.9,Standard Monitoring
KSP/BEL/2024/04487,THEFT,Belagavi,Camp PS,15.8342,74.5963,2024-04-27 19:59:00,Pending,Sec 379 IPC,Medium,97.6,Standard Monitoring
KSP/HUB/2024/04488,KPA 1963 VIOLATIONS,Hubballi-Dharwad,Kamripeth,15.2888,75.1127,2024-07-15 11:38:00,Closed,"Sec 78, 87 KPA",Low,92.3,Standard Monitoring
KSP/BEN/2024/04489,KPA 1963 VIOLATIONS,Bengaluru City,Koramangala,13.0084,77.5596,2024-03-13 08:47:00,Pending,"Sec 78, 87 KPA",Low,89.6,Standard Monitoring
KSP/BEN/2025/04490,MISSING PERSON,Bengaluru City,Whitefield,12.899,77.6255,2025-02-11 11:21:00,Solved,Sec 363 IPC,Medium,87.2,Standard Monitoring
KSP/BEN/2026/04491,KPA 1963 VIOLATIONS,Bengaluru City,Jayanagar,13.0181,77.5237,2026-05-10 10:41:00,Charge Sheeted,"Sec 78, 87 KPA",Low,94.4,Standard Monitoring
KSP/KOL/2025/04492,NARCOTICS (NDPS),Kolar,Town PS,13.108,78.1305,2025-03-23 02:44:00,Closed,"Sec 20(b), 22 NDPS Act",Critical,93.6,High Risk Zone
KSP/CHI/2025/04493,MISSING PERSON,Chikkamagaluru,Tarikere,13.3841,75.7723,2025-12-17 08:52:00,Closed,Sec 363 IPC,Medium,85.8,Standard Monitoring
KSP/MYS/2026/04494,KPA 1963 VIOLATIONS,Mysuru,Lashkar PS,12.2694,76.6725,2026-05-01 09:07:00,Investigating,"Sec 78, 87 KPA",Low,85.0,Standard Monitoring
KSP/KOL/2025/04495,THEFT,Kolar,Gulpet,13.0851,78.1969,2025-02-11 04:50:00,Pending,Sec 379 IPC,Medium,91.9,Standard Monitoring
KSP/MAN/2026/04496,CrPC OFFENCES,Mangaluru,Kadri,12.8391,74.88,2026-04-16 18:25:00,Charge Sheeted,"Sec 107, 151 CrPC",Low,98.3,Standard Monitoring
KSP/MAN/2024/04497,KPA 1963 VIOLATIONS,Mangaluru,Surathkal,12.8946,74.8677,2024-09-03 03:37:00,Charge Sheeted,"Sec 78, 87 KPA",Low,92.3,Standard Monitoring
KSP/BEN/2024/04498,THEFT,Bengaluru City,Yelahanka,12.9922,77.6146,2024-10-07 22:58:00,Closed,Sec 379 IPC,Medium,88.0,Standard Monitoring
KSP/MYS/2026/04499,CYBER CRIME & FRAUD,Mysuru,KRS Road,12.3573,76.721,2026-04-30 20:12:00,Closed,"Sec 66D IT Act, 420 IPC",High,91.3,High Risk Zone
KSP/UTT/2024/04500,CrPC OFFENCES,Uttara Kannada,Bhatkal,14.8381,74.0815,2024-05-17 14:35:00,Investigating,"Sec 107, 151 CrPC",Low,85.7,Standard Monitoring
KSP/BAG/2024/04501,HURT / ASSAULT,Bagalkote,Town PS,16.2181,75.6781,2024-05-20 15:03:00,Closed,"Sec 323, 324, 504 IPC",High,89.6,High Risk Zone
KSP/MYS/2024/04502,MISSING PERSON,Mysuru,Nazarbad,12.3472,76.6617,2024-11-25 00:36:00,Charge Sheeted,Sec 363 IPC,Medium,90.2,Standard Monitoring
KSP/CHA/2024/04503,THEFT,Chamarajanagar,Gundlupet,11.8961,76.9092,2024-04-17 18:45:00,Charge Sheeted,Sec 379 IPC,Medium,95.2,Standard Monitoring
KSP/KOP/2024/04504,BURGLARY / HOUSE BREAKING,Koppal,Town PS,15.326,76.2034,2024-09-20 18:25:00,Investigating,"Sec 454, 457, 380 IPC",High,91.9,High Risk Zone
KSP/BID/2024/04505,THEFT,Bidar,Basavakalyan,17.934,77.5397,2024-09-09 04:57:00,Closed,Sec 379 IPC,Medium,85.2,Standard Monitoring
KSP/MAN/2024/04506,KPA 1963 VIOLATIONS,Mangaluru,Barkarke,12.9834,74.7952,2024-03-26 14:17:00,Solved,"Sec 78, 87 KPA",Low,85.2,Standard Monitoring
KSP/MYS/2025/04507,KPA 1963 VIOLATIONS,Mysuru,Vidyaranyapuram,12.3331,76.7057,2025-12-05 23:29:00,Investigating,"Sec 78, 87 KPA",Low,98.3,Standard Monitoring
KSP/BEN/2024/04508,MOTOR VEHICLE ACCIDENTS NON-FATAL,Bengaluru City,Electronic City,12.9253,77.5404,2024-12-15 07:39:00,Investigating,"Sec 279, 337 IPC",Medium,87.6,Standard Monitoring
KSP/BEN/2024/04509,MOTOR VEHICLE ACCIDENTS NON-FATAL,Bengaluru Dist,Devanahalli,13.1022,77.5834,2024-03-16 20:28:00,Solved,"Sec 279, 337 IPC",Medium,85.5,Standard Monitoring
KSP/GAD/2025/04510,CrPC OFFENCES,Gadag,Betageri,15.4308,75.5829,2025-09-11 02:42:00,Solved,"Sec 107, 151 CrPC",Low,87.9,Standard Monitoring
KSP/MYS/2024/04511,KPA 1963 VIOLATIONS,Mysuru,Devaraja PS,12.3505,76.6685,2024-03-05 14:02:00,Charge Sheeted,"Sec 78, 87 KPA",Low,90.0,Standard Monitoring
KSP/BEN/2025/04512,BURGLARY / HOUSE BREAKING,Bengaluru City,Hebbal,13.0233,77.6043,2025-02-25 19:40:00,Solved,"Sec 454, 457, 380 IPC",High,86.4,High Risk Zone
KSP/CHI/2026/04513,HURT / ASSAULT,Chitradurga,Town PS,14.1898,76.4187,2026-01-09 13:46:00,Solved,"Sec 323, 324, 504 IPC",High,95.8,High Risk Zone
KSP/MAN/2026/04514,MISSING PERSON,Mangaluru,Kadri,12.87,74.8351,2026-01-31 08:58:00,Charge Sheeted,Sec 363 IPC,Medium,94.4,Standard Monitoring
KSP/DAV/2025/04515,MOTOR VEHICLE ACCIDENTS NON-FATAL,Davanagere,PJ Extension,14.3913,75.8736,2025-05-25 23:25:00,Investigating,"Sec 279, 337 IPC",Medium,97.4,Standard Monitoring
KSP/RAI/2026/04516,CrPC OFFENCES,Raichur,Sadabad,16.2375,77.3153,2026-02-16 22:42:00,Closed,"Sec 107, 151 CrPC",Low,96.7,Standard Monitoring
KSP/BAL/2024/04517,BURGLARY / HOUSE BREAKING,Ballari,Hospet Town,15.1418,76.948,2024-04-16 01:15:00,Investigating,"Sec 454, 457, 380 IPC",High,95.2,High Risk Zone
KSP/HAS/2024/04518,THEFT,Hassan,Gorur,13.0465,76.0319,2024-10-28 17:21:00,Closed,Sec 379 IPC,Medium,93.5,Standard Monitoring
KSP/BEN/2025/04519,THEFT,Bengaluru City,Cubbon Park,12.9261,77.5792,2025-01-14 18:15:00,Solved,Sec 379 IPC,Medium,88.6,Standard Monitoring
KSP/BEN/2024/04520,THEFT,Bengaluru City,Whitefield,13.0208,77.6196,2024-09-10 12:22:00,Charge Sheeted,Sec 379 IPC,Medium,95.4,Standard Monitoring
KSP/HAS/2026/04521,CrPC OFFENCES,Hassan,Gorur,13.0367,76.1058,2026-07-12 18:28:00,Charge Sheeted,"Sec 107, 151 CrPC",Low,89.4,Standard Monitoring
KSP/VIJ/2024/04522,MISSING PERSON,Vijayapura,Adarsh Nagar,16.7546,75.7482,2024-05-20 00:20:00,Closed,Sec 363 IPC,Medium,95.5,Standard Monitoring
KSP/BEN/2026/04523,CrPC OFFENCES,Bengaluru City,Cubbon Park,12.9723,77.6609,2026-07-22 14:12:00,Closed,"Sec 107, 151 CrPC",Low,93.1,Standard Monitoring
KSP/DAV/2025/04524,KPA 1963 VIOLATIONS,Davanagere,PJ Extension,14.5142,75.9922,2025-05-07 13:54:00,Charge Sheeted,"Sec 78, 87 KPA",Low,96.0,Standard Monitoring
KSP/UTT/2024/04525,CYBER CRIME & FRAUD,Uttara Kannada,Bhatkal,14.7743,74.1195,2024-05-11 23:41:00,Pending,"Sec 66D IT Act, 420 IPC",High,97.5,High Risk Zone
KSP/BEN/2025/04526,MOTOR VEHICLE ACCIDENTS NON-FATAL,Bengaluru City,Koramangala,12.9301,77.5759,2025-06-03 14:41:00,Closed,"Sec 279, 337 IPC",Medium,98.0,Standard Monitoring
KSP/BEN/2024/04527,THEFT,Bengaluru City,Koramangala,13.0194,77.6182,2024-01-01 23:03:00,Pending,Sec 379 IPC,Medium,94.5,Standard Monitoring
KSP/BEN/2025/04528,THEFT,Bengaluru City,Indiranagar,13.002,77.6587,2025-08-19 23:47:00,Charge Sheeted,Sec 379 IPC,Medium,86.5,Standard Monitoring
KSP/HAS/2024/04529,MOTOR VEHICLE ACCIDENTS NON-FATAL,Hassan,Arsikere,12.9278,76.095,2024-03-14 07:51:00,Investigating,"Sec 279, 337 IPC",Medium,88.1,Standard Monitoring
KSP/TUM/2025/04530,THEFT,Tumakuru,Tiptur,13.413,77.0951,2025-06-29 18:33:00,Closed,Sec 379 IPC,Medium,86.2,Standard Monitoring
KSP/BEL/2024/04531,MOTOR VEHICLE ACCIDENTS NON-FATAL,Belagavi,Gokak,15.8846,74.5593,2024-12-22 11:20:00,Closed,"Sec 279, 337 IPC",Medium,94.5,Standard Monitoring
KSP/BEN/2025/04532,CrPC OFFENCES,Bengaluru City,Yelahanka,13.044,77.6402,2025-03-24 21:34:00,Solved,"Sec 107, 151 CrPC",Low,88.9,Standard Monitoring
KSP/BEN/2025/04533,CYBER CRIME & FRAUD,Bengaluru City,Koramangala,12.8965,77.6233,2025-01-27 18:32:00,Closed,"Sec 66D IT Act, 420 IPC",High,93.2,High Risk Zone
KSP/CHA/2025/04534,CrPC OFFENCES,Chamarajanagar,Town PS,11.8983,76.9745,2025-06-24 10:40:00,Charge Sheeted,"Sec 107, 151 CrPC",Low,97.6,Standard Monitoring
KSP/BEN/2024/04535,MOTOR VEHICLE ACCIDENTS NON-FATAL,Bengaluru City,Koramangala,12.9613,77.6287,2024-06-02 10:16:00,Closed,"Sec 279, 337 IPC",Medium,93.9,Standard Monitoring
KSP/BEN/2026/04536,BURGLARY / HOUSE BREAKING,Bengaluru Dist,Hosakote,13.0788,77.6134,2026-03-05 09:27:00,Closed,"Sec 454, 457, 380 IPC",High,87.4,High Risk Zone
KSP/VIJ/2024/04537,CrPC OFFENCES,Vijayapura,Gandhi Chowk,16.8736,75.7422,2024-02-16 12:04:00,Closed,"Sec 107, 151 CrPC",Low,94.5,Standard Monitoring
KSP/BEN/2026/04538,NARCOTICS (NDPS),Bengaluru Dist,Hosakote,13.0774,77.6358,2026-03-01 13:22:00,Investigating,"Sec 20(b), 22 NDPS Act",Critical,87.4,High Risk Zone
KSP/SHI/2026/04539,HURT / ASSAULT,Shivamogga,Tunga Nagar,13.8896,75.6263,2026-01-03 22:16:00,Charge Sheeted,"Sec 323, 324, 504 IPC",High,90.1,High Risk Zone
KSP/BEN/2025/04540,THEFT,Bengaluru City,Yelahanka,13.0456,77.525,2025-04-07 13:19:00,Closed,Sec 379 IPC,Medium,95.7,Standard Monitoring
KSP/BEN/2025/04541,HURT / ASSAULT,Bengaluru City,Koramangala,12.9153,77.5515,2025-03-13 20:16:00,Charge Sheeted,"Sec 323, 324, 504 IPC",High,92.5,High Risk Zone
KSP/BEN/2025/04542,MISSING PERSON,Bengaluru City,Jayanagar,12.9371,77.5321,2025-03-21 14:38:00,Investigating,Sec 363 IPC,Medium,87.3,Standard Monitoring
KSP/BEN/2024/04543,KPA 1963 VIOLATIONS,Bengaluru City,Cubbon Park,12.9465,77.5539,2024-05-21 15:09:00,Charge Sheeted,"Sec 78, 87 KPA",Low,95.7,Standard Monitoring
KSP/MAN/2025/04544,BURGLARY / HOUSE BREAKING,Mangaluru,Barkarke,12.8823,74.8321,2025-09-09 01:20:00,Closed,"Sec 454, 457, 380 IPC",High,92.7,High Risk Zone
KSP/BEN/2024/04545,THEFT,Bengaluru City,Yelahanka,12.9325,77.589,2024-02-13 22:45:00,Investigating,Sec 379 IPC,Medium,93.9,Standard Monitoring
KSP/BEN/2025/04546,MOTOR VEHICLE ACCIDENTS NON-FATAL,Bengaluru City,Yelahanka,12.9031,77.5722,2025-05-11 20:24:00,Investigating,"Sec 279, 337 IPC",Medium,85.8,Standard Monitoring
KSP/BEN/2026/04547,KPA 1963 VIOLATIONS,Bengaluru City,Hebbal,12.9398,77.6507,2026-03-11 14:36:00,Pending,"Sec 78, 87 KPA",Low,94.0,Standard Monitoring
KSP/HUB/2024/04548,HURT / ASSAULT,Hubballi-Dharwad,Dharwad Town,15.3728,75.0468,2024-07-03 21:27:00,Solved,"Sec 323, 324, 504 IPC",High,92.2,High Risk Zone
KSP/BEN/2024/04549,THEFT,Bengaluru City,Yelahanka,13.0413,77.6477,2024-10-22 21:38:00,Investigating,Sec 379 IPC,Medium,91.3,Standard Monitoring
KSP/BEL/2024/04550,NARCOTICS (NDPS),Belagavi,Camp PS,15.8945,74.5391,2024-10-14 07:20:00,Solved,"Sec 20(b), 22 NDPS Act",Critical,93.3,High Risk Zone
KSP/SHI/2025/04551,KPA 1963 VIOLATIONS,Shivamogga,Vinoba Nagar,13.8651,75.5492,2025-11-23 14:01:00,Charge Sheeted,"Sec 78, 87 KPA",Low,85.9,Standard Monitoring
KSP/BEN/2026/04552,MOTOR VEHICLE ACCIDENTS NON-FATAL,Bengaluru City,Cubbon Park,12.9439,77.6582,2026-07-18 07:50:00,Solved,"Sec 279, 337 IPC",Medium,85.1,Standard Monitoring
KSP/BEN/2025/04553,NARCOTICS (NDPS),Bengaluru City,Cubbon Park,12.9695,77.5274,2025-01-13 19:20:00,Closed,"Sec 20(b), 22 NDPS Act",Critical,95.5,High Risk Zone
KSP/MYS/2024/04554,MOTOR VEHICLE ACCIDENTS NON-FATAL,Mysuru,KRS Road,12.2611,76.5872,2024-03-10 03:16:00,Solved,"Sec 279, 337 IPC",Medium,97.6,Standard Monitoring
KSP/BEN/2024/04555,HURT / ASSAULT,Bengaluru Dist,Devanahalli,13.1445,77.6403,2024-06-19 07:48:00,Solved,"Sec 323, 324, 504 IPC",High,88.4,High Risk Zone
KSP/UDU/2024/04556,KPA 1963 VIOLATIONS,Udupi,Town PS,13.3518,74.8074,2024-01-12 08:36:00,Closed,"Sec 78, 87 KPA",Low,86.8,Standard Monitoring
KSP/BEN/2026/04557,MOTOR VEHICLE ACCIDENTS NON-FATAL,Bengaluru City,Hebbal,12.9176,77.5827,2026-03-10 01:06:00,Closed,"Sec 279, 337 IPC",Medium,85.3,Standard Monitoring
KSP/DAV/2026/04558,THEFT,Davanagere,Azad Nagar,14.4595,75.8484,2026-01-29 18:10:00,Closed,Sec 379 IPC,Medium,89.5,Standard Monitoring
KSP/BEN/2024/04559,MOTOR VEHICLE ACCIDENTS NON-FATAL,Bengaluru City,Cubbon Park,13.0457,77.5473,2024-04-18 09:43:00,Closed,"Sec 279, 337 IPC",Medium,92.9,Standard Monitoring
KSP/BEN/2025/04560,BURGLARY / HOUSE BREAKING,Bengaluru City,Yelahanka,12.9201,77.6597,2025-12-21 13:32:00,Charge Sheeted,"Sec 454, 457, 380 IPC",High,94.2,High Risk Zone
KSP/BEN/2025/04561,HURT / ASSAULT,Bengaluru City,Yelahanka,12.9083,77.5195,2025-11-03 08:40:00,Investigating,"Sec 323, 324, 504 IPC",High,93.9,High Risk Zone
KSP/SHI/2025/04562,MOTOR VEHICLE ACCIDENTS NON-FATAL,Shivamogga,Vinoba Nagar,13.9482,75.5596,2025-12-27 05:55:00,Investigating,"Sec 279, 337 IPC",Medium,87.4,Standard Monitoring
KSP/BAG/2026/04563,THEFT,Bagalkote,Navanagar,16.1638,75.6381,2026-03-13 09:34:00,Closed,Sec 379 IPC,Medium,97.0,Standard Monitoring
KSP/MAN/2024/04564,CrPC OFFENCES,Mangaluru,Surathkal,12.8445,74.7908,2024-08-22 08:21:00,Closed,"Sec 107, 151 CrPC",Low,89.0,Standard Monitoring
KSP/BEN/2025/04565,MOTOR VEHICLE ACCIDENTS NON-FATAL,Bengaluru City,Whitefield,12.9242,77.5864,2025-01-09 15:05:00,Solved,"Sec 279, 337 IPC",Medium,90.0,Standard Monitoring
KSP/BAL/2025/04566,ROBBERY / DACOITY,Ballari,Hospet Town,15.0733,76.9001,2025-02-12 01:58:00,Pending,"Sec 392, 395 IPC",Critical,85.9,High Risk Zone
KSP/BEL/2024/04567,MOTOR VEHICLE ACCIDENTS NON-FATAL,Belagavi,Camp PS,15.8337,74.4474,2024-11-13 04:56:00,Investigating,"Sec 279, 337 IPC",Medium,95.0,Standard Monitoring
KSP/BEN/2024/04568,THEFT,Bengaluru Dist,Devanahalli,13.1197,77.5615,2024-10-02 14:17:00,Closed,Sec 379 IPC,Medium,91.6,Standard Monitoring
KSP/BEN/2025/04569,MOTOR VEHICLE ACCIDENTS NON-FATAL,Bengaluru City,Yelahanka,13.0047,77.6135,2025-09-23 04:07:00,Solved,"Sec 279, 337 IPC",Medium,95.0,Standard Monitoring
KSP/BEN/2024/04570,THEFT,Bengaluru City,Electronic City,12.9455,77.5836,2024-03-20 21:39:00,Pending,Sec 379 IPC,Medium,90.5,Standard Monitoring
KSP/UDU/2026/04571,CrPC OFFENCES,Udupi,Malpe,13.3079,74.7296,2026-06-01 09:01:00,Charge Sheeted,"Sec 107, 151 CrPC",Low,86.0,Standard Monitoring
KSP/RAM/2024/04572,MOTOR VEHICLE ACCIDENTS NON-FATAL,Ramanagara,Ijoor PS,12.6659,77.3301,2024-07-26 23:01:00,Charge Sheeted,"Sec 279, 337 IPC",Medium,97.8,Standard Monitoring
KSP/TUM/2025/04573,MOTOR VEHICLE ACCIDENTS NON-FATAL,Tumakuru,Gubbi,13.4173,77.139,2025-04-12 08:09:00,Pending,"Sec 279, 337 IPC",Medium,89.1,Standard Monitoring
KSP/BEN/2025/04574,CrPC OFFENCES,Bengaluru City,Indiranagar,12.9613,77.6518,2025-02-09 16:03:00,Closed,"Sec 107, 151 CrPC",Low,85.4,Standard Monitoring
KSP/HAS/2025/04575,NARCOTICS (NDPS),Hassan,Arsikere,13.0654,76.0585,2025-05-11 00:18:00,Investigating,"Sec 20(b), 22 NDPS Act",Critical,98.1,High Risk Zone
KSP/BEN/2025/04576,HURT / ASSAULT,Bengaluru City,Koramangala,12.9782,77.6448,2025-08-23 16:17:00,Charge Sheeted,"Sec 323, 324, 504 IPC",High,92.3,High Risk Zone
KSP/MYS/2024/04577,CYBER CRIME & FRAUD,Mysuru,Nazarbad,12.3753,76.6589,2024-10-01 10:21:00,Solved,"Sec 66D IT Act, 420 IPC",High,88.6,High Risk Zone
KSP/BEN/2025/04578,MISSING PERSON,Bengaluru Dist,Nelamangala,13.0483,77.6474,2025-06-02 21:08:00,Pending,Sec 363 IPC,Medium,86.7,Standard Monitoring
KSP/HUB/2025/04579,HURT / ASSAULT,Hubballi-Dharwad,Gokul Road,15.4182,75.0576,2025-03-19 20:03:00,Pending,"Sec 323, 324, 504 IPC",High,86.4,High Risk Zone
KSP/BAG/2026/04580,THEFT,Bagalkote,Ilkal,16.2148,75.7188,2026-07-09 10:38:00,Closed,Sec 379 IPC,Medium,88.2,Standard Monitoring
KSP/BEN/2025/04581,THEFT,Bengaluru Dist,Devanahalli,13.0044,77.6668,2025-06-18 15:37:00,Investigating,Sec 379 IPC,Medium,94.6,Standard Monitoring
KSP/HAS/2026/04582,THEFT,Hassan,Arsikere,12.9542,76.176,2026-01-03 05:52:00,Investigating,Sec 379 IPC,Medium,86.9,Standard Monitoring
KSP/BEN/2025/04583,MISSING PERSON,Bengaluru City,Indiranagar,12.9424,77.6129,2025-02-27 13:58:00,Charge Sheeted,Sec 363 IPC,Medium,93.0,Standard Monitoring
KSP/BEN/2024/04584,THEFT,Bengaluru City,Jayanagar,12.9074,77.6604,2024-03-09 13:45:00,Charge Sheeted,Sec 379 IPC,Medium,91.8,Standard Monitoring
KSP/BEN/2024/04585,MOTOR VEHICLE ACCIDENTS NON-FATAL,Bengaluru City,Koramangala,12.9411,77.5654,2024-02-29 16:52:00,Charge Sheeted,"Sec 279, 337 IPC",Medium,90.4,Standard Monitoring
KSP/BEN/2025/04586,KPA 1963 VIOLATIONS,Bengaluru Dist,Doddaballapura,13.0592,77.5814,2025-09-17 07:18:00,Closed,"Sec 78, 87 KPA",Low,91.1,Standard Monitoring
KSP/MYS/2024/04587,THEFT,Mysuru,Devaraja PS,12.2955,76.6011,2024-03-07 05:32:00,Investigating,Sec 379 IPC,Medium,95.7,Standard Monitoring
KSP/BEN/2024/04588,MISSING PERSON,Bengaluru City,Electronic City,12.9061,77.6541,2024-05-14 19:18:00,Pending,Sec 363 IPC,Medium,98.0,Standard Monitoring
KSP/YAD/2024/04589,MISSING PERSON,Yadgir,Shorapur,16.7275,77.2139,2024-09-30 08:13:00,Charge Sheeted,Sec 363 IPC,Medium,93.5,Standard Monitoring
KSP/MYS/2026/04590,ROBBERY / DACOITY,Mysuru,KRS Road,12.3404,76.6572,2026-03-10 17:45:00,Pending,"Sec 392, 395 IPC",Critical,96.7,High Risk Zone
KSP/BEN/2024/04591,ROBBERY / DACOITY,Bengaluru Dist,Hosakote,13.0496,77.5913,2024-01-04 15:14:00,Investigating,"Sec 392, 395 IPC",Critical,96.5,High Risk Zone
KSP/KAL/2026/04592,CrPC OFFENCES,Kalaburagi,Ashok Nagar,17.3332,76.8175,2026-03-23 10:04:00,Solved,"Sec 107, 151 CrPC",Low,92.6,Standard Monitoring
KSP/KAL/2025/04593,MOTOR VEHICLE ACCIDENTS NON-FATAL,Kalaburagi,Ashok Nagar,17.2779,76.7872,2025-10-26 16:24:00,Closed,"Sec 279, 337 IPC",Medium,85.8,Standard Monitoring
KSP/BEL/2026/04594,KPA 1963 VIOLATIONS,Belagavi,Camp PS,15.8374,74.464,2026-03-16 15:18:00,Charge Sheeted,"Sec 78, 87 KPA",Low,86.4,Standard Monitoring
KSP/MAN/2026/04595,HURT / ASSAULT,Mangaluru,Panambur,12.9642,74.9219,2026-07-23 07:32:00,Investigating,"Sec 323, 324, 504 IPC",High,93.8,High Risk Zone
KSP/KOL/2024/04596,CrPC OFFENCES,Kolar,Robertsonpet,13.1057,78.2061,2024-09-15 09:56:00,Closed,"Sec 107, 151 CrPC",Low,91.2,Standard Monitoring
KSP/HUB/2026/04597,MISSING PERSON,Hubballi-Dharwad,Kamripeth,15.3049,75.142,2026-06-28 03:49:00,Pending,Sec 363 IPC,Medium,93.1,Standard Monitoring
KSP/SHI/2024/04598,HURT / ASSAULT,Shivamogga,Doddapet,13.8785,75.5705,2024-07-11 04:24:00,Solved,"Sec 323, 324, 504 IPC",High,91.3,High Risk Zone
KSP/SHI/2024/04599,MISSING PERSON,Shivamogga,Doddapet,13.946,75.5842,2024-01-09 04:41:00,Closed,Sec 363 IPC,Medium,91.0,Standard Monitoring
KSP/BEN/2024/04600,MOTOR VEHICLE ACCIDENTS NON-FATAL,Bengaluru City,Jayanagar,13.0399,77.6405,2024-02-27 01:32:00,Investigating,"Sec 279, 337 IPC",Medium,87.4,Standard Monitoring
KSP/BEN/2024/04601,ROBBERY / DACOITY,Bengaluru City,Jayanagar,12.8977,77.5688,2024-04-04 07:08:00,Solved,"Sec 392, 395 IPC",Critical,86.3,High Risk Zone
KSP/KAL/2024/04602,HURT / ASSAULT,Kalaburagi,University PS,17.2591,76.8675,2024-01-11 18:41:00,Closed,"Sec 323, 324, 504 IPC",High,95.3,High Risk Zone
KSP/BEN/2024/04603,CrPC OFFENCES,Bengaluru City,Cubbon Park,13.0195,77.6461,2024-06-30 15:27:00,Solved,"Sec 107, 151 CrPC",Low,85.1,Standard Monitoring
KSP/BEN/2024/04604,BURGLARY / HOUSE BREAKING,Bengaluru City,Koramangala,13.0504,77.5698,2024-04-23 08:08:00,Pending,"Sec 454, 457, 380 IPC",High,95.1,High Risk Zone
KSP/CHI/2025/04605,BURGLARY / HOUSE BREAKING,Chikkaballapura,Town PS,13.3543,77.7655,2025-01-10 19:35:00,Pending,"Sec 454, 457, 380 IPC",High,94.4,High Risk Zone
KSP/BEN/2025/04606,HURT / ASSAULT,Bengaluru City,Whitefield,12.9265,77.5607,2025-10-31 14:05:00,Solved,"Sec 323, 324, 504 IPC",High,89.0,High Risk Zone
KSP/BEN/2024/04607,ROBBERY / DACOITY,Bengaluru City,Hebbal,13.0268,77.5356,2024-04-30 02:16:00,Closed,"Sec 392, 395 IPC",Critical,90.6,High Risk Zone
KSP/SHI/2024/04608,HURT / ASSAULT,Shivamogga,Tunga Nagar,13.922,75.4949,2024-03-04 01:19:00,Closed,"Sec 323, 324, 504 IPC",High,91.0,High Risk Zone
KSP/BEN/2024/04609,CrPC OFFENCES,Bengaluru City,Jayanagar,12.8921,77.6691,2024-04-21 14:23:00,Charge Sheeted,"Sec 107, 151 CrPC",Low,96.1,Standard Monitoring
KSP/RAI/2026/04610,CYBER CRIME & FRAUD,Raichur,Market PS,16.2494,77.3906,2026-07-06 16:50:00,Pending,"Sec 66D IT Act, 420 IPC",High,94.5,High Risk Zone
KSP/BEN/2024/04611,BURGLARY / HOUSE BREAKING,Bengaluru City,Yelahanka,12.9306,77.566,2024-04-30 06:49:00,Investigating,"Sec 454, 457, 380 IPC",High,90.9,High Risk Zone
KSP/BEN/2025/04612,BURGLARY / HOUSE BREAKING,Bengaluru City,Jayanagar,12.9649,77.5965,2025-11-10 12:50:00,Solved,"Sec 454, 457, 380 IPC",High,93.3,High Risk Zone
KSP/BEN/2025/04613,MOTOR VEHICLE ACCIDENTS NON-FATAL,Bengaluru City,Jayanagar,12.9443,77.5997,2025-03-12 02:59:00,Charge Sheeted,"Sec 279, 337 IPC",Medium,86.8,Standard Monitoring
KSP/TUM/2025/04614,CYBER CRIME & FRAUD,Tumakuru,Kyatsandra,13.346,77.1293,2025-11-29 00:44:00,Solved,"Sec 66D IT Act, 420 IPC",High,85.7,High Risk Zone
KSP/SHI/2026/04615,THEFT,Shivamogga,Vinoba Nagar,13.9919,75.5872,2026-07-21 13:38:00,Solved,Sec 379 IPC,Medium,90.7,Standard Monitoring
KSP/MAN/2024/04616,THEFT,Mangaluru,Panambur,12.889,74.8523,2024-09-13 02:32:00,Investigating,Sec 379 IPC,Medium,91.7,Standard Monitoring
KSP/BEN/2024/04617,MISSING PERSON,Bengaluru Dist,Hosakote,13.0396,77.627,2024-02-05 08:41:00,Solved,Sec 363 IPC,Medium,86.7,Standard Monitoring
KSP/BEN/2024/04618,MOTOR VEHICLE ACCIDENTS NON-FATAL,Bengaluru City,Whitefield,13.043,77.5901,2024-11-30 12:39:00,Charge Sheeted,"Sec 279, 337 IPC",Medium,89.1,Standard Monitoring
KSP/BEN/2026/04619,CrPC OFFENCES,Bengaluru City,Koramangala,12.9566,77.5224,2026-07-08 16:30:00,Solved,"Sec 107, 151 CrPC",Low,98.5,Standard Monitoring
KSP/BEN/2024/04620,KPA 1963 VIOLATIONS,Bengaluru City,Whitefield,12.8986,77.6128,2024-11-06 01:06:00,Charge Sheeted,"Sec 78, 87 KPA",Low,90.3,Standard Monitoring
KSP/MYS/2024/04621,CYBER CRIME & FRAUD,Mysuru,KRS Road,12.3678,76.5815,2024-07-26 15:14:00,Closed,"Sec 66D IT Act, 420 IPC",High,98.0,High Risk Zone
KSP/BEN/2025/04622,MOTOR VEHICLE ACCIDENTS NON-FATAL,Bengaluru City,Yelahanka,13.0177,77.611,2025-03-23 13:04:00,Closed,"Sec 279, 337 IPC",Medium,94.2,Standard Monitoring
KSP/BEN/2025/04623,HURT / ASSAULT,Bengaluru City,Yelahanka,13.032,77.5773,2025-01-17 23:41:00,Investigating,"Sec 323, 324, 504 IPC",High,96.8,High Risk Zone
KSP/BAL/2024/04624,THEFT,Ballari,Cowl Bazar,15.1683,76.9396,2024-05-24 09:09:00,Closed,Sec 379 IPC,Medium,97.1,Standard Monitoring
KSP/BEN/2026/04625,THEFT,Bengaluru Dist,Doddaballapura,13.1013,77.5905,2026-04-24 07:11:00,Charge Sheeted,Sec 379 IPC,Medium,87.2,Standard Monitoring
KSP/BEN/2025/04626,THEFT,Bengaluru City,Jayanagar,12.9185,77.59,2025-04-23 14:32:00,Investigating,Sec 379 IPC,Medium,98.5,Standard Monitoring
KSP/BEN/2026/04627,MOTOR VEHICLE ACCIDENTS NON-FATAL,Bengaluru City,Jayanagar,13.0225,77.602,2026-05-22 07:04:00,Closed,"Sec 279, 337 IPC",Medium,96.3,Standard Monitoring
KSP/BEN/2025/04628,MOTOR VEHICLE ACCIDENTS NON-FATAL,Bengaluru City,Indiranagar,12.9416,77.5236,2025-10-11 09:05:00,Charge Sheeted,"Sec 279, 337 IPC",Medium,90.4,Standard Monitoring
KSP/BEN/2024/04629,CYBER CRIME & FRAUD,Bengaluru City,Indiranagar,13.0083,77.6554,2024-05-06 02:21:00,Pending,"Sec 66D IT Act, 420 IPC",High,91.7,High Risk Zone
KSP/BEL/2024/04630,MISSING PERSON,Belagavi,Camp PS,15.8394,74.4778,2024-07-10 16:39:00,Closed,Sec 363 IPC,Medium,85.7,Standard Monitoring
KSP/BAG/2024/04631,THEFT,Bagalkote,Navanagar,16.1815,75.659,2024-07-08 03:06:00,Solved,Sec 379 IPC,Medium,89.5,Standard Monitoring
KSP/VIJ/2025/04632,ROBBERY / DACOITY,Vijayanagara,Kudligi,15.3488,76.3488,2025-07-27 20:21:00,Charge Sheeted,"Sec 392, 395 IPC",Critical,98.1,High Risk Zone
KSP/HUB/2026/04633,THEFT,Hubballi-Dharwad,Vidyagiri,15.3456,75.1962,2026-02-21 13:58:00,Solved,Sec 379 IPC,Medium,88.1,Standard Monitoring
KSP/MYS/2025/04634,MISSING PERSON,Mysuru,Nazarbad,12.2963,76.669,2025-02-23 07:35:00,Solved,Sec 363 IPC,Medium,88.0,Standard Monitoring
KSP/MYS/2025/04635,MOTOR VEHICLE ACCIDENTS NON-FATAL,Mysuru,Vidyaranyapuram,12.2279,76.5976,2025-10-11 01:18:00,Investigating,"Sec 279, 337 IPC",Medium,88.3,Standard Monitoring
KSP/BEN/2026/04636,HURT / ASSAULT,Bengaluru City,Jayanagar,13.0362,77.5666,2026-05-31 08:21:00,Charge Sheeted,"Sec 323, 324, 504 IPC",High,88.6,High Risk Zone
KSP/MAN/2025/04637,CrPC OFFENCES,Mandya,Maddur,12.5133,76.9552,2025-08-29 15:59:00,Closed,"Sec 107, 151 CrPC",Low,91.8,Standard Monitoring
KSP/BEN/2026/04638,BURGLARY / HOUSE BREAKING,Bengaluru City,Jayanagar,12.8963,77.6619,2026-06-24 13:35:00,Closed,"Sec 454, 457, 380 IPC",High,88.7,High Risk Zone
KSP/KOL/2025/04639,CrPC OFFENCES,Kolar,Robertsonpet,13.2072,78.2126,2025-10-27 08:55:00,Investigating,"Sec 107, 151 CrPC",Low,90.5,Standard Monitoring
KSP/MYS/2024/04640,NARCOTICS (NDPS),Mysuru,Devaraja PS,12.3647,76.706,2024-03-24 11:33:00,Charge Sheeted,"Sec 20(b), 22 NDPS Act",Critical,92.8,High Risk Zone
KSP/BEN/2024/04641,ROBBERY / DACOITY,Bengaluru City,Indiranagar,12.9363,77.6105,2024-05-07 07:57:00,Pending,"Sec 392, 395 IPC",Critical,95.2,High Risk Zone
KSP/BEL/2025/04642,THEFT,Belagavi,Gokak,15.8087,74.543,2025-02-12 19:09:00,Pending,Sec 379 IPC,Medium,88.0,Standard Monitoring
KSP/VIJ/2025/04643,BURGLARY / HOUSE BREAKING,Vijayapura,Adarsh Nagar,16.844,75.734,2025-11-10 02:21:00,Charge Sheeted,"Sec 454, 457, 380 IPC",High,92.9,High Risk Zone
KSP/BEN/2024/04644,MOTOR VEHICLE ACCIDENTS NON-FATAL,Bengaluru City,Electronic City,13.0491,77.6442,2024-02-07 08:05:00,Solved,"Sec 279, 337 IPC",Medium,91.7,Standard Monitoring
KSP/BEN/2024/04645,BURGLARY / HOUSE BREAKING,Bengaluru Dist,Doddaballapura,13.1451,77.6347,2024-10-09 07:55:00,Pending,"Sec 454, 457, 380 IPC",High,85.9,High Risk Zone
KSP/BEN/2025/04646,KPA 1963 VIOLATIONS,Bengaluru City,Indiranagar,13.0158,77.5437,2025-01-19 22:50:00,Closed,"Sec 78, 87 KPA",Low,91.6,Standard Monitoring
KSP/BEN/2024/04647,THEFT,Bengaluru City,Yelahanka,12.9269,77.5393,2024-09-17 11:33:00,Charge Sheeted,Sec 379 IPC,Medium,94.6,Standard Monitoring
KSP/KOL/2025/04648,CYBER CRIME & FRAUD,Kolar,Bangarapet,13.1017,78.1095,2025-05-24 11:52:00,Closed,"Sec 66D IT Act, 420 IPC",High,86.1,High Risk Zone
KSP/BAG/2025/04649,CrPC OFFENCES,Bagalkote,Navanagar,16.2357,75.6246,2025-02-14 05:22:00,Pending,"Sec 107, 151 CrPC",Low,96.3,Standard Monitoring
KSP/BEN/2024/04650,MOTOR VEHICLE ACCIDENTS NON-FATAL,Bengaluru City,Koramangala,13.0365,77.5405,2024-08-14 00:18:00,Investigating,"Sec 279, 337 IPC",Medium,93.5,Standard Monitoring
KSP/VIJ/2025/04651,MISSING PERSON,Vijayanagara,Hospet Town,15.2333,76.3345,2025-10-16 02:37:00,Closed,Sec 363 IPC,Medium,98.4,Standard Monitoring
KSP/BAG/2026/04652,CrPC OFFENCES,Bagalkote,Town PS,16.142,75.7402,2026-03-09 13:22:00,Investigating,"Sec 107, 151 CrPC",Low,89.0,Standard Monitoring
KSP/VIJ/2025/04653,MISSING PERSON,Vijayapura,Indi,16.8164,75.7488,2025-01-02 18:06:00,Closed,Sec 363 IPC,Medium,97.7,Standard Monitoring
KSP/VIJ/2025/04654,THEFT,Vijayapura,Adarsh Nagar,16.8152,75.666,2025-06-09 09:09:00,Closed,Sec 379 IPC,Medium,94.2,Standard Monitoring
KSP/HUB/2024/04655,HURT / ASSAULT,Hubballi-Dharwad,Kamripeth,15.2876,75.1755,2024-05-10 05:57:00,Charge Sheeted,"Sec 323, 324, 504 IPC",High,97.4,High Risk Zone
KSP/BEN/2026/04656,MOTOR VEHICLE ACCIDENTS NON-FATAL,Bengaluru City,Hebbal,12.9198,77.6129,2026-01-15 04:23:00,Charge Sheeted,"Sec 279, 337 IPC",Medium,88.1,Standard Monitoring
KSP/BEN/2025/04657,MOTOR VEHICLE ACCIDENTS NON-FATAL,Bengaluru City,Koramangala,12.9285,77.5949,2025-03-22 16:59:00,Charge Sheeted,"Sec 279, 337 IPC",Medium,94.1,Standard Monitoring
KSP/KAL/2024/04658,MOTOR VEHICLE ACCIDENTS NON-FATAL,Kalaburagi,University PS,17.3809,76.9118,2024-02-27 20:31:00,Pending,"Sec 279, 337 IPC",Medium,88.1,Standard Monitoring
KSP/MAN/2025/04659,MOTOR VEHICLE ACCIDENTS NON-FATAL,Mangaluru,Panambur,12.9755,74.8775,2025-06-27 16:47:00,Charge Sheeted,"Sec 279, 337 IPC",Medium,88.8,Standard Monitoring
KSP/YAD/2025/04660,NARCOTICS (NDPS),Yadgir,Shorapur,16.7296,77.1535,2025-06-21 15:36:00,Pending,"Sec 20(b), 22 NDPS Act",Critical,95.1,High Risk Zone
KSP/MAN/2024/04661,HURT / ASSAULT,Mangaluru,Panambur,12.9314,74.8473,2024-09-26 02:51:00,Solved,"Sec 323, 324, 504 IPC",High,94.0,High Risk Zone
KSP/RAM/2024/04662,THEFT,Ramanagara,Magadi,12.6811,77.3024,2024-06-25 00:26:00,Pending,Sec 379 IPC,Medium,89.2,Standard Monitoring
KSP/BEL/2026/04663,MISSING PERSON,Belagavi,Camp PS,15.8827,74.4397,2026-05-05 09:33:00,Investigating,Sec 363 IPC,Medium,87.4,Standard Monitoring
KSP/BEN/2026/04664,KPA 1963 VIOLATIONS,Bengaluru City,Koramangala,12.9678,77.5241,2026-04-04 03:14:00,Pending,"Sec 78, 87 KPA",Low,87.6,Standard Monitoring
KSP/KOL/2026/04665,BURGLARY / HOUSE BREAKING,Kolar,Bangarapet,13.133,78.173,2026-03-30 00:52:00,Closed,"Sec 454, 457, 380 IPC",High,93.4,High Risk Zone
KSP/TUM/2024/04666,KPA 1963 VIOLATIONS,Tumakuru,Town PS,13.3982,77.0646,2024-06-20 15:34:00,Pending,"Sec 78, 87 KPA",Low,87.4,Standard Monitoring
KSP/BEN/2024/04667,MOTOR VEHICLE ACCIDENTS NON-FATAL,Bengaluru City,Indiranagar,13.0448,77.5672,2024-08-06 00:20:00,Investigating,"Sec 279, 337 IPC",Medium,87.8,Standard Monitoring
KSP/MYS/2024/04668,MOTOR VEHICLE ACCIDENTS NON-FATAL,Mysuru,KRS Road,12.3023,76.6322,2024-09-21 09:00:00,Solved,"Sec 279, 337 IPC",Medium,90.0,Standard Monitoring
KSP/BEL/2024/04669,HURT / ASSAULT,Belagavi,Tilakwadi,15.8868,74.501,2024-03-26 12:18:00,Solved,"Sec 323, 324, 504 IPC",High,96.4,High Risk Zone
KSP/BEN/2024/04670,CrPC OFFENCES,Bengaluru City,Yelahanka,12.9729,77.6353,2024-02-21 09:25:00,Charge Sheeted,"Sec 107, 151 CrPC",Low,90.8,Standard Monitoring
KSP/UDU/2026/04671,KPA 1963 VIOLATIONS,Udupi,Manipal,13.3686,74.696,2026-02-09 14:25:00,Investigating,"Sec 78, 87 KPA",Low,92.5,Standard Monitoring
KSP/BEN/2026/04672,MISSING PERSON,Bengaluru Dist,Doddaballapura,13.1497,77.6302,2026-03-21 14:07:00,Charge Sheeted,Sec 363 IPC,Medium,87.8,Standard Monitoring
KSP/MYS/2024/04673,CrPC OFFENCES,Mysuru,KRS Road,12.2295,76.6355,2024-09-30 14:26:00,Pending,"Sec 107, 151 CrPC",Low,98.2,Standard Monitoring
KSP/KAL/2026/04674,MOTOR VEHICLE ACCIDENTS NON-FATAL,Kalaburagi,Ashok Nagar,17.4007,76.8689,2026-07-19 04:18:00,Closed,"Sec 279, 337 IPC",Medium,91.1,Standard Monitoring
KSP/TUM/2024/04675,MOTOR VEHICLE ACCIDENTS NON-FATAL,Tumakuru,Sira,13.2739,77.1421,2024-03-24 04:45:00,Pending,"Sec 279, 337 IPC",Medium,94.0,Standard Monitoring
KSP/SHI/2024/04676,THEFT,Shivamogga,Bhadravathi,14.0033,75.6358,2024-08-21 08:02:00,Pending,Sec 379 IPC,Medium,92.6,Standard Monitoring
KSP/BEL/2024/04677,HURT / ASSAULT,Belagavi,Tilakwadi,15.8652,74.494,2024-07-14 20:48:00,Solved,"Sec 323, 324, 504 IPC",High,87.3,High Risk Zone
KSP/UDU/2024/04678,HURT / ASSAULT,Udupi,Manipal,13.3424,74.7846,2024-08-05 07:52:00,Solved,"Sec 323, 324, 504 IPC",High,98.4,High Risk Zone
KSP/BEN/2024/04679,KPA 1963 VIOLATIONS,Bengaluru City,Koramangala,13.0072,77.5485,2024-05-10 06:59:00,Charge Sheeted,"Sec 78, 87 KPA",Low,96.5,Standard Monitoring
KSP/BEN/2025/04680,MOTOR VEHICLE ACCIDENTS NON-FATAL,Bengaluru Dist,Nelamangala,13.1392,77.5149,2025-10-12 17:38:00,Charge Sheeted,"Sec 279, 337 IPC",Medium,92.5,Standard Monitoring
KSP/UDU/2024/04681,THEFT,Udupi,Kundapura,13.3344,74.7877,2024-10-10 11:00:00,Investigating,Sec 379 IPC,Medium,87.0,Standard Monitoring
KSP/DAV/2025/04682,HURT / ASSAULT,Davanagere,Azad Nagar,14.4402,75.8869,2025-07-01 16:49:00,Charge Sheeted,"Sec 323, 324, 504 IPC",High,91.8,High Risk Zone
KSP/BEN/2025/04683,CrPC OFFENCES,Bengaluru City,Indiranagar,13.0272,77.5207,2025-12-02 10:02:00,Investigating,"Sec 107, 151 CrPC",Low,93.9,Standard Monitoring
KSP/HUB/2026/04684,KPA 1963 VIOLATIONS,Hubballi-Dharwad,Gokul Road,15.3033,75.0557,2026-03-21 18:31:00,Investigating,"Sec 78, 87 KPA",Low,85.9,Standard Monitoring
KSP/TUM/2026/04685,BURGLARY / HOUSE BREAKING,Tumakuru,Town PS,13.3028,77.057,2026-01-16 00:35:00,Solved,"Sec 454, 457, 380 IPC",High,88.4,High Risk Zone
KSP/VIJ/2025/04686,HURT / ASSAULT,Vijayanagara,Hospet Town,15.2961,76.4269,2025-09-02 10:59:00,Solved,"Sec 323, 324, 504 IPC",High,92.0,High Risk Zone
KSP/KOL/2026/04687,KPA 1963 VIOLATIONS,Kolar,Robertsonpet,13.1254,78.1055,2026-04-18 05:55:00,Solved,"Sec 78, 87 KPA",Low,97.4,Standard Monitoring
KSP/BAG/2025/04688,MOTOR VEHICLE ACCIDENTS NON-FATAL,Bagalkote,Jamkhandi,16.1903,75.7261,2025-02-23 18:30:00,Closed,"Sec 279, 337 IPC",Medium,87.0,Standard Monitoring
KSP/BEN/2026/04689,CrPC OFFENCES,Bengaluru City,Jayanagar,13.0033,77.5418,2026-03-15 01:24:00,Solved,"Sec 107, 151 CrPC",Low,89.7,Standard Monitoring
KSP/KOD/2025/04690,HURT / ASSAULT,Kodagu,Madikeri Town,12.3956,75.8073,2025-04-07 15:45:00,Closed,"Sec 323, 324, 504 IPC",High,88.1,High Risk Zone
KSP/BEN/2025/04691,KPA 1963 VIOLATIONS,Bengaluru Dist,Doddaballapura,13.0306,77.6322,2025-10-21 13:07:00,Closed,"Sec 78, 87 KPA",Low,85.2,Standard Monitoring
KSP/BEN/2024/04692,CrPC OFFENCES,Bengaluru City,Whitefield,12.9646,77.6071,2024-12-28 11:29:00,Closed,"Sec 107, 151 CrPC",Low,97.7,Standard Monitoring
KSP/BEN/2026/04693,BURGLARY / HOUSE BREAKING,Bengaluru City,Yelahanka,12.9905,77.6138,2026-04-09 23:39:00,Solved,"Sec 454, 457, 380 IPC",High,94.5,High Risk Zone
KSP/BEN/2026/04694,THEFT,Bengaluru Dist,Hosakote,13.1435,77.5608,2026-03-04 05:36:00,Closed,Sec 379 IPC,Medium,90.1,Standard Monitoring
KSP/SHI/2025/04695,CrPC OFFENCES,Shivamogga,Vinoba Nagar,13.9325,75.5289,2025-03-14 10:03:00,Investigating,"Sec 107, 151 CrPC",Low,89.1,Standard Monitoring
KSP/HAS/2025/04696,HURT / ASSAULT,Hassan,Arsikere,13.0173,76.0702,2025-09-29 12:31:00,Solved,"Sec 323, 324, 504 IPC",High,96.8,High Risk Zone
KSP/HAV/2025/04697,THEFT,Haveri,Town PS,14.8658,75.4099,2025-09-24 21:42:00,Closed,Sec 379 IPC,Medium,89.2,Standard Monitoring
KSP/BEN/2026/04698,CrPC OFFENCES,Bengaluru City,Electronic City,12.9968,77.6024,2026-04-17 23:08:00,Charge Sheeted,"Sec 107, 151 CrPC",Low,98.5,Standard Monitoring
KSP/UDU/2024/04699,CrPC OFFENCES,Udupi,Kundapura,13.2806,74.7686,2024-09-19 01:21:00,Closed,"Sec 107, 151 CrPC",Low,95.0,Standard Monitoring
KSP/BEN/2025/04700,CYBER CRIME & FRAUD,Bengaluru City,Electronic City,13.0084,77.5991,2025-12-26 09:45:00,Pending,"Sec 66D IT Act, 420 IPC",High,97.3,High Risk Zone
KSP/BEN/2026/04701,THEFT,Bengaluru City,Hebbal,13.0237,77.6616,2026-07-02 12:37:00,Investigating,Sec 379 IPC,Medium,89.7,Standard Monitoring
KSP/MAN/2024/04702,BURGLARY / HOUSE BREAKING,Mangaluru,Urwa,12.8692,74.9253,2024-07-19 09:50:00,Pending,"Sec 454, 457, 380 IPC",High,97.0,High Risk Zone
KSP/RAM/2025/04703,MOTOR VEHICLE ACCIDENTS NON-FATAL,Ramanagara,Magadi,12.7048,77.2172,2025-05-31 05:33:00,Charge Sheeted,"Sec 279, 337 IPC",Medium,94.2,Standard Monitoring
KSP/BEL/2025/04704,BURGLARY / HOUSE BREAKING,Belagavi,Camp PS,15.8222,74.5241,2025-06-15 04:55:00,Investigating,"Sec 454, 457, 380 IPC",High,94.5,High Risk Zone
KSP/DAV/2024/04705,THEFT,Davanagere,Azad Nagar,14.4912,75.8543,2024-07-05 01:14:00,Charge Sheeted,Sec 379 IPC,Medium,89.5,Standard Monitoring
KSP/BEN/2025/04706,CYBER CRIME & FRAUD,Bengaluru City,Whitefield,12.9542,77.5156,2025-08-21 04:05:00,Investigating,"Sec 66D IT Act, 420 IPC",High,89.0,High Risk Zone
KSP/MYS/2024/04707,ROBBERY / DACOITY,Mysuru,Lashkar PS,12.3798,76.7251,2024-05-09 00:57:00,Charge Sheeted,"Sec 392, 395 IPC",Critical,98.1,High Risk Zone
KSP/TUM/2024/04708,KPA 1963 VIOLATIONS,Tumakuru,Sira,13.388,77.1453,2024-02-26 09:48:00,Solved,"Sec 78, 87 KPA",Low,92.1,Standard Monitoring
KSP/KOD/2024/04709,THEFT,Kodagu,Somwarpet,12.3987,75.8118,2024-11-24 11:37:00,Pending,Sec 379 IPC,Medium,92.6,Standard Monitoring
KSP/BEN/2025/04710,THEFT,Bengaluru Dist,Devanahalli,13.0187,77.6341,2025-03-24 01:02:00,Closed,Sec 379 IPC,Medium,94.6,Standard Monitoring
KSP/BEN/2024/04711,MISSING PERSON,Bengaluru City,Yelahanka,13.0039,77.5284,2024-05-21 13:24:00,Pending,Sec 363 IPC,Medium,93.6,Standard Monitoring
KSP/BEN/2024/04712,HURT / ASSAULT,Bengaluru City,Jayanagar,12.9101,77.6316,2024-03-22 21:32:00,Solved,"Sec 323, 324, 504 IPC",High,91.6,High Risk Zone
KSP/HUB/2025/04713,THEFT,Hubballi-Dharwad,Gokul Road,15.4067,75.1523,2025-02-21 19:57:00,Closed,Sec 379 IPC,Medium,87.0,Standard Monitoring
KSP/BEN/2026/04714,CYBER CRIME & FRAUD,Bengaluru City,Cubbon Park,13.0304,77.5575,2026-04-26 07:21:00,Charge Sheeted,"Sec 66D IT Act, 420 IPC",High,86.1,High Risk Zone
KSP/BEL/2024/04715,THEFT,Belagavi,Tilakwadi,15.9093,74.4422,2024-07-06 10:52:00,Charge Sheeted,Sec 379 IPC,Medium,95.5,Standard Monitoring
KSP/CHI/2025/04716,KPA 1963 VIOLATIONS,Chikkamagaluru,Tarikere,13.2444,75.6945,2025-10-09 18:36:00,Pending,"Sec 78, 87 KPA",Low,90.4,Standard Monitoring
KSP/MAN/2025/04717,THEFT,Mangaluru,Surathkal,12.9021,74.8325,2025-01-25 10:42:00,Charge Sheeted,Sec 379 IPC,Medium,93.8,Standard Monitoring
KSP/BEL/2025/04718,MOTOR VEHICLE ACCIDENTS NON-FATAL,Belagavi,Market PS,15.8241,74.4901,2025-07-16 13:38:00,Investigating,"Sec 279, 337 IPC",Medium,95.2,Standard Monitoring
KSP/MYS/2024/04719,HURT / ASSAULT,Mysuru,Vidyaranyapuram,12.2333,76.7255,2024-07-22 21:48:00,Charge Sheeted,"Sec 323, 324, 504 IPC",High,95.9,High Risk Zone
KSP/BEL/2024/04720,MOTOR VEHICLE ACCIDENTS NON-FATAL,Belagavi,Tilakwadi,15.9085,74.5262,2024-09-15 03:21:00,Pending,"Sec 279, 337 IPC",Medium,97.6,Standard Monitoring
KSP/MYS/2025/04721,MOTOR VEHICLE ACCIDENTS NON-FATAL,Mysuru,Devaraja PS,12.3416,76.6587,2025-11-12 03:08:00,Closed,"Sec 279, 337 IPC",Medium,91.8,Standard Monitoring
KSP/BID/2026/04722,CrPC OFFENCES,Bidar,Market PS,17.8399,77.5686,2026-04-20 04:52:00,Closed,"Sec 107, 151 CrPC",Low,86.5,Standard Monitoring
KSP/BAL/2024/04723,MOTOR VEHICLE ACCIDENTS NON-FATAL,Ballari,Brucepet,15.1036,76.8555,2024-06-14 20:43:00,Pending,"Sec 279, 337 IPC",Medium,87.4,Standard Monitoring
KSP/TUM/2024/04724,HURT / ASSAULT,Tumakuru,Sira,13.3415,77.025,2024-07-15 01:01:00,Charge Sheeted,"Sec 323, 324, 504 IPC",High,94.4,High Risk Zone
KSP/DAV/2024/04725,MOTOR VEHICLE ACCIDENTS NON-FATAL,Davanagere,Azad Nagar,14.4037,75.954,2024-07-27 00:07:00,Charge Sheeted,"Sec 279, 337 IPC",Medium,85.2,Standard Monitoring
KSP/BEN/2025/04726,MOTOR VEHICLE ACCIDENTS NON-FATAL,Bengaluru City,Hebbal,12.9468,77.5672,2025-06-20 13:35:00,Closed,"Sec 279, 337 IPC",Medium,93.3,Standard Monitoring
KSP/BEN/2024/04727,HURT / ASSAULT,Bengaluru City,Indiranagar,13.0126,77.5351,2024-09-27 12:02:00,Solved,"Sec 323, 324, 504 IPC",High,91.5,High Risk Zone
KSP/BEN/2026/04728,HURT / ASSAULT,Bengaluru City,Hebbal,13.0249,77.634,2026-04-01 03:03:00,Solved,"Sec 323, 324, 504 IPC",High,88.1,High Risk Zone
KSP/SHI/2025/04729,MISSING PERSON,Shivamogga,Doddapet,13.8543,75.5479,2025-09-15 04:05:00,Solved,Sec 363 IPC,Medium,87.2,Standard Monitoring
KSP/BEN/2024/04730,CYBER CRIME & FRAUD,Bengaluru City,Jayanagar,12.9149,77.6164,2024-08-26 19:42:00,Pending,"Sec 66D IT Act, 420 IPC",High,96.3,High Risk Zone
KSP/HUB/2026/04731,ROBBERY / DACOITY,Hubballi-Dharwad,Gokul Road,15.3647,75.1994,2026-05-09 16:56:00,Charge Sheeted,"Sec 392, 395 IPC",Critical,92.4,High Risk Zone
KSP/HUB/2024/04732,CrPC OFFENCES,Hubballi-Dharwad,Gokul Road,15.4047,75.1462,2024-06-07 09:18:00,Charge Sheeted,"Sec 107, 151 CrPC",Low,85.2,Standard Monitoring
KSP/BEN/2024/04733,ROBBERY / DACOITY,Bengaluru City,Electronic City,12.9655,77.6453,2024-03-11 19:49:00,Solved,"Sec 392, 395 IPC",Critical,89.2,High Risk Zone
KSP/BEL/2025/04734,HURT / ASSAULT,Belagavi,Khade Bazar,15.7723,74.472,2025-06-09 08:23:00,Pending,"Sec 323, 324, 504 IPC",High,86.8,High Risk Zone
KSP/BEN/2026/04735,MISSING PERSON,Bengaluru City,Electronic City,12.9419,77.6388,2026-03-30 09:58:00,Charge Sheeted,Sec 363 IPC,Medium,91.3,Standard Monitoring
KSP/BEN/2025/04736,MOTOR VEHICLE ACCIDENTS NON-FATAL,Bengaluru City,Yelahanka,13.0071,77.6338,2025-02-15 06:01:00,Solved,"Sec 279, 337 IPC",Medium,87.2,Standard Monitoring
KSP/BEN/2025/04737,MOTOR VEHICLE ACCIDENTS NON-FATAL,Bengaluru City,Whitefield,12.8949,77.5196,2025-08-10 16:39:00,Investigating,"Sec 279, 337 IPC",Medium,86.4,Standard Monitoring
KSP/BEN/2025/04738,ROBBERY / DACOITY,Bengaluru City,Hebbal,13.0093,77.5723,2025-12-26 13:36:00,Pending,"Sec 392, 395 IPC",Critical,93.6,High Risk Zone
KSP/MAN/2025/04739,BURGLARY / HOUSE BREAKING,Mangaluru,Surathkal,12.8746,74.9059,2025-03-12 09:15:00,Closed,"Sec 454, 457, 380 IPC",High,89.9,High Risk Zone
KSP/BEN/2026/04740,MOTOR VEHICLE ACCIDENTS NON-FATAL,Bengaluru City,Whitefield,12.9196,77.5681,2026-03-03 06:37:00,Pending,"Sec 279, 337 IPC",Medium,86.4,Standard Monitoring
KSP/BEN/2026/04741,NARCOTICS (NDPS),Bengaluru City,Koramangala,13.0056,77.6373,2026-07-08 19:19:00,Charge Sheeted,"Sec 20(b), 22 NDPS Act",Critical,93.3,High Risk Zone
KSP/BEN/2026/04742,MISSING PERSON,Bengaluru City,Electronic City,12.9067,77.5875,2026-03-29 22:08:00,Closed,Sec 363 IPC,Medium,87.9,Standard Monitoring
KSP/BEN/2024/04743,ROBBERY / DACOITY,Bengaluru Dist,Devanahalli,13.1549,77.5188,2024-08-31 21:40:00,Pending,"Sec 392, 395 IPC",Critical,95.5,High Risk Zone
KSP/HUB/2024/04744,CYBER CRIME & FRAUD,Hubballi-Dharwad,Kamripeth,15.42,75.106,2024-01-27 10:08:00,Investigating,"Sec 66D IT Act, 420 IPC",High,91.1,High Risk Zone
KSP/BEN/2026/04745,HURT / ASSAULT,Bengaluru Dist,Devanahalli,13.161,77.5392,2026-05-08 11:25:00,Charge Sheeted,"Sec 323, 324, 504 IPC",High,89.7,High Risk Zone
KSP/BEN/2025/04746,BURGLARY / HOUSE BREAKING,Bengaluru City,Jayanagar,12.9108,77.6108,2025-11-05 09:29:00,Investigating,"Sec 454, 457, 380 IPC",High,90.1,High Risk Zone
KSP/BEN/2025/04747,MISSING PERSON,Bengaluru City,Jayanagar,12.9317,77.6385,2025-08-15 07:36:00,Charge Sheeted,Sec 363 IPC,Medium,94.5,Standard Monitoring
KSP/YAD/2025/04748,KPA 1963 VIOLATIONS,Yadgir,Shorapur,16.7199,77.1619,2025-08-30 05:57:00,Solved,"Sec 78, 87 KPA",Low,95.6,Standard Monitoring
KSP/DAV/2026/04749,MOTOR VEHICLE ACCIDENTS NON-FATAL,Davanagere,PJ Extension,14.4757,75.8833,2026-05-19 07:22:00,Charge Sheeted,"Sec 279, 337 IPC",Medium,93.7,Standard Monitoring
KSP/VIJ/2026/04750,CrPC OFFENCES,Vijayanagara,Harapanahalli,15.2272,76.4244,2026-02-12 22:09:00,Investigating,"Sec 107, 151 CrPC",Low,86.3,Standard Monitoring
KSP/SHI/2025/04751,MOTOR VEHICLE ACCIDENTS NON-FATAL,Shivamogga,Tunga Nagar,14.0048,75.6457,2025-01-12 17:56:00,Closed,"Sec 279, 337 IPC",Medium,98.5,Standard Monitoring
KSP/BEN/2026/04752,MISSING PERSON,Bengaluru City,Cubbon Park,13.0252,77.6596,2026-02-26 04:47:00,Closed,Sec 363 IPC,Medium,96.1,Standard Monitoring
KSP/BEN/2024/04753,CrPC OFFENCES,Bengaluru City,Electronic City,12.9275,77.6392,2024-12-09 02:43:00,Investigating,"Sec 107, 151 CrPC",Low,97.6,Standard Monitoring
KSP/MYS/2025/04754,MOTOR VEHICLE ACCIDENTS NON-FATAL,Mysuru,Lashkar PS,12.3417,76.6144,2025-08-14 14:51:00,Closed,"Sec 279, 337 IPC",Medium,86.9,Standard Monitoring
KSP/BEL/2024/04755,MISSING PERSON,Belagavi,Tilakwadi,15.8519,74.4546,2024-06-01 16:22:00,Charge Sheeted,Sec 363 IPC,Medium,93.5,Standard Monitoring
KSP/BEL/2025/04756,BURGLARY / HOUSE BREAKING,Belagavi,Gokak,15.8408,74.563,2025-05-07 23:52:00,Investigating,"Sec 454, 457, 380 IPC",High,85.6,High Risk Zone
KSP/BEN/2025/04757,MOTOR VEHICLE ACCIDENTS NON-FATAL,Bengaluru Dist,Hosakote,13.0611,77.5116,2025-02-28 07:44:00,Charge Sheeted,"Sec 279, 337 IPC",Medium,97.8,Standard Monitoring
KSP/BEN/2025/04758,THEFT,Bengaluru City,Whitefield,13.0167,77.6066,2025-08-28 03:16:00,Solved,Sec 379 IPC,Medium,89.7,Standard Monitoring
KSP/CHI/2026/04759,BURGLARY / HOUSE BREAKING,Chitradurga,Kote PS,14.2806,76.3206,2026-03-04 05:21:00,Closed,"Sec 454, 457, 380 IPC",High,92.3,High Risk Zone
KSP/BEL/2025/04760,HURT / ASSAULT,Belagavi,Khade Bazar,15.7957,74.5963,2025-06-29 16:14:00,Charge Sheeted,"Sec 323, 324, 504 IPC",High,91.8,High Risk Zone
KSP/BEN/2026/04761,HURT / ASSAULT,Bengaluru City,Cubbon Park,12.9586,77.6058,2026-02-11 11:09:00,Pending,"Sec 323, 324, 504 IPC",High,87.8,High Risk Zone
KSP/BEN/2026/04762,BURGLARY / HOUSE BREAKING,Bengaluru City,Electronic City,13.0218,77.6066,2026-04-10 19:02:00,Investigating,"Sec 454, 457, 380 IPC",High,86.1,High Risk Zone
KSP/BEL/2025/04763,MOTOR VEHICLE ACCIDENTS NON-FATAL,Belagavi,Market PS,15.8379,74.5529,2025-10-03 01:25:00,Pending,"Sec 279, 337 IPC",Medium,96.1,Standard Monitoring
KSP/BEN/2024/04764,MISSING PERSON,Bengaluru City,Cubbon Park,13.0211,77.5416,2024-06-07 00:25:00,Investigating,Sec 363 IPC,Medium,95.3,Standard Monitoring
KSP/VIJ/2024/04765,MOTOR VEHICLE ACCIDENTS NON-FATAL,Vijayanagara,Harapanahalli,15.3133,76.4601,2024-04-16 17:47:00,Investigating,"Sec 279, 337 IPC",Medium,86.9,Standard Monitoring
KSP/HAS/2026/04766,CrPC OFFENCES,Hassan,Arsikere,13.0728,76.0633,2026-06-14 07:24:00,Pending,"Sec 107, 151 CrPC",Low,90.5,Standard Monitoring
KSP/BID/2026/04767,MOTOR VEHICLE ACCIDENTS NON-FATAL,Bidar,Market PS,17.9368,77.4724,2026-05-30 20:54:00,Solved,"Sec 279, 337 IPC",Medium,89.0,Standard Monitoring
KSP/CHI/2026/04768,HURT / ASSAULT,Chikkamagaluru,Kadur,13.3505,75.8407,2026-07-12 10:51:00,Investigating,"Sec 323, 324, 504 IPC",High,90.6,High Risk Zone
KSP/HAV/2024/04769,HURT / ASSAULT,Haveri,Town PS,14.8248,75.4378,2024-06-04 01:03:00,Solved,"Sec 323, 324, 504 IPC",High,93.1,High Risk Zone
KSP/BEN/2024/04770,THEFT,Bengaluru City,Indiranagar,13.0075,77.5362,2024-11-18 05:07:00,Solved,Sec 379 IPC,Medium,96.7,Standard Monitoring
KSP/BEN/2026/04771,HURT / ASSAULT,Bengaluru City,Jayanagar,13.0016,77.5505,2026-04-04 20:38:00,Pending,"Sec 323, 324, 504 IPC",High,91.0,High Risk Zone
KSP/BEN/2025/04772,BURGLARY / HOUSE BREAKING,Bengaluru Dist,Nelamangala,13.1343,77.6051,2025-08-26 15:05:00,Investigating,"Sec 454, 457, 380 IPC",High,90.9,High Risk Zone
KSP/BEN/2026/04773,MOTOR VEHICLE ACCIDENTS NON-FATAL,Bengaluru City,Cubbon Park,12.9611,77.5563,2026-06-17 17:16:00,Investigating,"Sec 279, 337 IPC",Medium,85.4,Standard Monitoring
KSP/UDU/2024/04774,HURT / ASSAULT,Udupi,Manipal,13.3543,74.7666,2024-09-18 18:13:00,Closed,"Sec 323, 324, 504 IPC",High,86.3,High Risk Zone
KSP/MYS/2025/04775,MOTOR VEHICLE ACCIDENTS NON-FATAL,Mysuru,KRS Road,12.2403,76.6413,2025-11-18 02:39:00,Solved,"Sec 279, 337 IPC",Medium,87.9,Standard Monitoring
KSP/RAM/2025/04776,CrPC OFFENCES,Ramanagara,Kanakapura,12.7403,77.2579,2025-05-21 07:59:00,Investigating,"Sec 107, 151 CrPC",Low,92.5,Standard Monitoring
KSP/MYS/2026/04777,CrPC OFFENCES,Mysuru,Devaraja PS,12.3423,76.5887,2026-01-08 08:24:00,Solved,"Sec 107, 151 CrPC",Low,91.9,Standard Monitoring
KSP/BEL/2026/04778,KPA 1963 VIOLATIONS,Belagavi,Camp PS,15.8907,74.4452,2026-01-26 05:22:00,Charge Sheeted,"Sec 78, 87 KPA",Low,85.6,Standard Monitoring
KSP/RAI/2026/04779,MOTOR VEHICLE ACCIDENTS NON-FATAL,Raichur,Market PS,16.2026,77.3892,2026-02-21 16:17:00,Closed,"Sec 279, 337 IPC",Medium,92.1,Standard Monitoring
KSP/CHI/2025/04780,KPA 1963 VIOLATIONS,Chikkamagaluru,Basavanahalli,13.2567,75.7957,2025-07-23 06:53:00,Charge Sheeted,"Sec 78, 87 KPA",Low,91.7,Standard Monitoring
KSP/BEN/2024/04781,MOTOR VEHICLE ACCIDENTS NON-FATAL,Bengaluru City,Electronic City,12.9722,77.6324,2024-01-13 18:15:00,Pending,"Sec 279, 337 IPC",Medium,97.3,Standard Monitoring
KSP/BEL/2024/04782,HURT / ASSAULT,Belagavi,Camp PS,15.8846,74.5912,2024-02-09 01:50:00,Closed,"Sec 323, 324, 504 IPC",High,93.5,High Risk Zone
KSP/BEN/2025/04783,THEFT,Bengaluru Dist,Nelamangala,13.0613,77.5508,2025-11-21 06:02:00,Pending,Sec 379 IPC,Medium,87.9,Standard Monitoring
KSP/BEL/2025/04784,MOTOR VEHICLE ACCIDENTS NON-FATAL,Belagavi,Gokak,15.9075,74.5523,2025-11-09 08:49:00,Pending,"Sec 279, 337 IPC",Medium,97.2,Standard Monitoring
KSP/VIJ/2024/04785,THEFT,Vijayapura,Adarsh Nagar,16.77,75.7129,2024-05-22 04:52:00,Solved,Sec 379 IPC,Medium,95.7,Standard Monitoring
KSP/BEN/2024/04786,CrPC OFFENCES,Bengaluru Dist,Hosakote,13.0506,77.5801,2024-04-05 22:38:00,Pending,"Sec 107, 151 CrPC",Low,95.2,Standard Monitoring
KSP/TUM/2025/04787,MISSING PERSON,Tumakuru,Kyatsandra,13.3356,77.0529,2025-07-09 18:09:00,Charge Sheeted,Sec 363 IPC,Medium,89.3,Standard Monitoring
KSP/BEN/2026/04788,MISSING PERSON,Bengaluru City,Jayanagar,12.9072,77.6733,2026-01-19 21:03:00,Closed,Sec 363 IPC,Medium,93.9,Standard Monitoring
KSP/BEL/2026/04789,HURT / ASSAULT,Belagavi,Khade Bazar,15.8425,74.4648,2026-04-21 03:42:00,Closed,"Sec 323, 324, 504 IPC",High,86.2,High Risk Zone
KSP/CHI/2026/04790,THEFT,Chitradurga,Hiriyur,14.1511,76.3949,2026-01-04 22:41:00,Pending,Sec 379 IPC,Medium,97.9,Standard Monitoring
KSP/UTT/2024/04791,MISSING PERSON,Uttara Kannada,Bhatkal,14.8042,74.0701,2024-11-02 02:08:00,Closed,Sec 363 IPC,Medium,94.6,Standard Monitoring
KSP/UDU/2025/04792,MISSING PERSON,Udupi,Malpe,13.2942,74.7,2025-02-22 20:35:00,Charge Sheeted,Sec 363 IPC,Medium,91.9,Standard Monitoring
KSP/TUM/2025/04793,MISSING PERSON,Tumakuru,Town PS,13.4072,77.16,2025-10-02 19:09:00,Investigating,Sec 363 IPC,Medium,87.0,Standard Monitoring
KSP/MAN/2026/04794,KPA 1963 VIOLATIONS,Mangaluru,Surathkal,12.8882,74.806,2026-02-01 20:12:00,Closed,"Sec 78, 87 KPA",Low,85.1,Standard Monitoring
KSP/BEN/2025/04795,THEFT,Bengaluru City,Whitefield,12.9532,77.5629,2025-12-22 15:38:00,Pending,Sec 379 IPC,Medium,92.6,Standard Monitoring
KSP/RAM/2025/04796,KPA 1963 VIOLATIONS,Ramanagara,Kanakapura,12.6502,77.2052,2025-09-27 02:20:00,Solved,"Sec 78, 87 KPA",Low,95.4,Standard Monitoring
KSP/HAV/2025/04797,MOTOR VEHICLE ACCIDENTS NON-FATAL,Haveri,Ranebennur,14.7827,75.397,2025-07-18 22:15:00,Pending,"Sec 279, 337 IPC",Medium,98.5,Standard Monitoring
KSP/MAN/2026/04798,NARCOTICS (NDPS),Mangaluru,Surathkal,12.974,74.8588,2026-05-04 10:20:00,Solved,"Sec 20(b), 22 NDPS Act",Critical,88.1,High Risk Zone
KSP/BEN/2024/04799,THEFT,Bengaluru City,Hebbal,12.9177,77.5812,2024-04-07 17:26:00,Charge Sheeted,Sec 379 IPC,Medium,94.4,Standard Monitoring
KSP/MAN/2025/04800,THEFT,Mangaluru,Surathkal,12.9564,74.7947,2025-10-09 11:15:00,Charge Sheeted,Sec 379 IPC,Medium,95.2,Standard Monitoring
KSP/BEN/2024/04801,CrPC OFFENCES,Bengaluru City,Whitefield,13.0119,77.5534,2024-08-30 23:18:00,Closed,"Sec 107, 151 CrPC",Low,91.2,Standard Monitoring
KSP/SHI/2026/04802,THEFT,Shivamogga,Tunga Nagar,13.9723,75.5218,2026-02-17 14:35:00,Pending,Sec 379 IPC,Medium,85.9,Standard Monitoring
KSP/BEN/2026/04803,THEFT,Bengaluru City,Koramangala,12.9028,77.6452,2026-01-05 15:07:00,Closed,Sec 379 IPC,Medium,90.0,Standard Monitoring
KSP/BAG/2024/04804,ROBBERY / DACOITY,Bagalkote,Ilkal,16.2557,75.6511,2024-12-17 01:23:00,Charge Sheeted,"Sec 392, 395 IPC",Critical,88.8,High Risk Zone
KSP/VIJ/2026/04805,MISSING PERSON,Vijayapura,Indi,16.9036,75.6903,2026-01-04 06:22:00,Investigating,Sec 363 IPC,Medium,96.4,Standard Monitoring
KSP/MYS/2024/04806,KPA 1963 VIOLATIONS,Mysuru,Devaraja PS,12.3494,76.629,2024-03-28 10:35:00,Solved,"Sec 78, 87 KPA",Low,86.1,Standard Monitoring
KSP/BEN/2024/04807,CYBER CRIME & FRAUD,Bengaluru City,Jayanagar,12.9021,77.63,2024-06-29 22:35:00,Closed,"Sec 66D IT Act, 420 IPC",High,88.9,High Risk Zone
KSP/SHI/2025/04808,MOTOR VEHICLE ACCIDENTS NON-FATAL,Shivamogga,Tunga Nagar,13.9112,75.5286,2025-07-09 16:07:00,Investigating,"Sec 279, 337 IPC",Medium,88.2,Standard Monitoring
KSP/HUB/2026/04809,CrPC OFFENCES,Hubballi-Dharwad,Gokul Road,15.2951,75.1268,2026-04-24 04:24:00,Investigating,"Sec 107, 151 CrPC",Low,86.3,Standard Monitoring
KSP/BEN/2024/04810,ROBBERY / DACOITY,Bengaluru City,Koramangala,12.9025,77.5403,2024-09-07 14:29:00,Charge Sheeted,"Sec 392, 395 IPC",Critical,86.0,High Risk Zone
KSP/BEN/2025/04811,CYBER CRIME & FRAUD,Bengaluru City,Koramangala,12.964,77.5751,2025-06-09 14:38:00,Pending,"Sec 66D IT Act, 420 IPC",High,97.1,High Risk Zone
KSP/BEN/2025/04812,THEFT,Bengaluru City,Cubbon Park,13.0422,77.5427,2025-08-19 21:52:00,Investigating,Sec 379 IPC,Medium,92.4,Standard Monitoring
KSP/BEN/2025/04813,CrPC OFFENCES,Bengaluru City,Jayanagar,12.9972,77.5193,2025-10-29 16:39:00,Investigating,"Sec 107, 151 CrPC",Low,85.4,Standard Monitoring
KSP/BEN/2024/04814,CYBER CRIME & FRAUD,Bengaluru City,Indiranagar,12.9434,77.6643,2024-08-03 11:50:00,Investigating,"Sec 66D IT Act, 420 IPC",High,97.1,High Risk Zone
KSP/BEN/2025/04815,CrPC OFFENCES,Bengaluru City,Hebbal,12.9916,77.6418,2025-03-19 02:57:00,Solved,"Sec 107, 151 CrPC",Low,89.0,Standard Monitoring
KSP/HAV/2025/04816,KPA 1963 VIOLATIONS,Haveri,Byadgi,14.7547,75.4691,2025-11-05 00:08:00,Solved,"Sec 78, 87 KPA",Low,93.3,Standard Monitoring
KSP/BEN/2025/04817,MOTOR VEHICLE ACCIDENTS NON-FATAL,Bengaluru City,Jayanagar,12.9501,77.5191,2025-05-17 11:14:00,Charge Sheeted,"Sec 279, 337 IPC",Medium,92.5,Standard Monitoring
KSP/BEN/2025/04818,CYBER CRIME & FRAUD,Bengaluru City,Cubbon Park,13.0047,77.6664,2025-08-14 11:56:00,Charge Sheeted,"Sec 66D IT Act, 420 IPC",High,97.5,High Risk Zone
KSP/RAM/2024/04819,CrPC OFFENCES,Ramanagara,Channapatna,12.7408,77.3441,2024-04-13 14:05:00,Closed,"Sec 107, 151 CrPC",Low,85.3,Standard Monitoring
KSP/BEN/2025/04820,MOTOR VEHICLE ACCIDENTS NON-FATAL,Bengaluru Dist,Doddaballapura,13.0309,77.5884,2025-07-14 18:51:00,Solved,"Sec 279, 337 IPC",Medium,94.7,Standard Monitoring
KSP/BID/2026/04821,CrPC OFFENCES,Bidar,Basavakalyan,17.8748,77.5967,2026-03-29 23:53:00,Solved,"Sec 107, 151 CrPC",Low,95.6,Standard Monitoring
KSP/KOP/2026/04822,HURT / ASSAULT,Koppal,Gangavathi,15.4293,76.2068,2026-04-30 03:05:00,Solved,"Sec 323, 324, 504 IPC",High,97.0,High Risk Zone
KSP/HUB/2024/04823,MOTOR VEHICLE ACCIDENTS NON-FATAL,Hubballi-Dharwad,Kamripeth,15.4138,75.1389,2024-02-18 01:45:00,Pending,"Sec 279, 337 IPC",Medium,94.7,Standard Monitoring
KSP/HAS/2025/04824,MOTOR VEHICLE ACCIDENTS NON-FATAL,Hassan,City PS,12.9702,76.1545,2025-01-06 04:17:00,Closed,"Sec 279, 337 IPC",Medium,91.9,Standard Monitoring
KSP/BEN/2024/04825,CYBER CRIME & FRAUD,Bengaluru City,Jayanagar,13.0236,77.5682,2024-05-22 06:34:00,Solved,"Sec 66D IT Act, 420 IPC",High,97.8,High Risk Zone
KSP/BEN/2025/04826,CYBER CRIME & FRAUD,Bengaluru City,Cubbon Park,12.9102,77.5867,2025-12-26 14:04:00,Solved,"Sec 66D IT Act, 420 IPC",High,91.6,High Risk Zone
KSP/BAG/2026/04827,KPA 1963 VIOLATIONS,Bagalkote,Jamkhandi,16.1665,75.7442,2026-05-04 15:44:00,Solved,"Sec 78, 87 KPA",Low,95.4,Standard Monitoring
KSP/MYS/2025/04828,ROBBERY / DACOITY,Mysuru,KRS Road,12.2848,76.6417,2025-09-02 00:57:00,Charge Sheeted,"Sec 392, 395 IPC",Critical,89.4,High Risk Zone
KSP/UDU/2025/04829,MOTOR VEHICLE ACCIDENTS NON-FATAL,Udupi,Malpe,13.3094,74.7803,2025-02-16 23:30:00,Closed,"Sec 279, 337 IPC",Medium,92.4,Standard Monitoring
KSP/KAL/2024/04830,BURGLARY / HOUSE BREAKING,Kalaburagi,Ashok Nagar,17.4076,76.7754,2024-05-23 05:11:00,Investigating,"Sec 454, 457, 380 IPC",High,93.4,High Risk Zone
KSP/BEN/2024/04831,MISSING PERSON,Bengaluru City,Indiranagar,13.0405,77.5722,2024-11-10 04:56:00,Investigating,Sec 363 IPC,Medium,92.4,Standard Monitoring
KSP/VIJ/2025/04832,MISSING PERSON,Vijayanagara,Kudligi,15.2663,76.3591,2025-01-27 14:27:00,Pending,Sec 363 IPC,Medium,92.7,Standard Monitoring
KSP/BAL/2024/04833,MISSING PERSON,Ballari,Cowl Bazar,15.1266,76.856,2024-02-10 09:13:00,Charge Sheeted,Sec 363 IPC,Medium,97.4,Standard Monitoring
KSP/KOP/2024/04834,MOTOR VEHICLE ACCIDENTS NON-FATAL,Koppal,Town PS,15.3365,76.1849,2024-02-10 03:53:00,Pending,"Sec 279, 337 IPC",Medium,91.0,Standard Monitoring
KSP/BEN/2026/04835,CrPC OFFENCES,Bengaluru City,Hebbal,13.0494,77.5546,2026-03-05 18:55:00,Solved,"Sec 107, 151 CrPC",Low,89.7,Standard Monitoring
KSP/BEN/2026/04836,MOTOR VEHICLE ACCIDENTS NON-FATAL,Bengaluru City,Indiranagar,13.0486,77.536,2026-06-18 09:08:00,Closed,"Sec 279, 337 IPC",Medium,93.4,Standard Monitoring
KSP/BEN/2025/04837,CrPC OFFENCES,Bengaluru City,Whitefield,12.9699,77.58,2025-04-18 03:18:00,Investigating,"Sec 107, 151 CrPC",Low,92.2,Standard Monitoring
KSP/SHI/2025/04838,THEFT,Shivamogga,Vinoba Nagar,13.9829,75.5386,2025-07-19 01:30:00,Closed,Sec 379 IPC,Medium,92.7,Standard Monitoring
KSP/KAL/2025/04839,MOTOR VEHICLE ACCIDENTS NON-FATAL,Kalaburagi,Brahampur,17.3831,76.8567,2025-10-29 19:33:00,Closed,"Sec 279, 337 IPC",Medium,89.8,Standard Monitoring
KSP/MYS/2026/04840,THEFT,Mysuru,Lashkar PS,12.2868,76.7002,2026-02-26 12:05:00,Charge Sheeted,Sec 379 IPC,Medium,88.2,Standard Monitoring
KSP/DAV/2025/04841,BURGLARY / HOUSE BREAKING,Davanagere,Vidyanagar,14.4014,75.8812,2025-06-16 14:25:00,Solved,"Sec 454, 457, 380 IPC",High,92.3,High Risk Zone
KSP/UTT/2025/04842,KPA 1963 VIOLATIONS,Uttara Kannada,Sirsi Town,14.7925,74.1883,2025-10-10 13:37:00,Investigating,"Sec 78, 87 KPA",Low,95.0,Standard Monitoring
KSP/BEN/2024/04843,BURGLARY / HOUSE BREAKING,Bengaluru City,Hebbal,12.8951,77.5895,2024-04-20 10:31:00,Closed,"Sec 454, 457, 380 IPC",High,97.8,High Risk Zone
KSP/BEN/2024/04844,NARCOTICS (NDPS),Bengaluru City,Whitefield,12.9282,77.6038,2024-06-16 08:00:00,Pending,"Sec 20(b), 22 NDPS Act",Critical,86.9,High Risk Zone
KSP/BEN/2026/04845,NARCOTICS (NDPS),Bengaluru Dist,Hosakote,13.156,77.5152,2026-02-13 21:30:00,Investigating,"Sec 20(b), 22 NDPS Act",Critical,93.4,High Risk Zone
KSP/MAN/2024/04846,HURT / ASSAULT,Mangaluru,Barkarke,12.9067,74.803,2024-11-05 16:57:00,Solved,"Sec 323, 324, 504 IPC",High,90.4,High Risk Zone
KSP/TUM/2024/04847,MISSING PERSON,Tumakuru,Tiptur,13.3677,77.0723,2024-07-08 13:33:00,Pending,Sec 363 IPC,Medium,85.5,Standard Monitoring
KSP/MAN/2024/04848,MOTOR VEHICLE ACCIDENTS NON-FATAL,Mangaluru,Surathkal,12.9183,74.8594,2024-08-27 03:09:00,Charge Sheeted,"Sec 279, 337 IPC",Medium,87.8,Standard Monitoring
KSP/BEN/2025/04849,HURT / ASSAULT,Bengaluru City,Whitefield,12.9928,77.5496,2025-11-08 20:43:00,Pending,"Sec 323, 324, 504 IPC",High,91.9,High Risk Zone
KSP/RAI/2025/04850,ROBBERY / DACOITY,Raichur,Manvi,16.131,77.3962,2025-01-25 05:43:00,Pending,"Sec 392, 395 IPC",Critical,90.0,High Risk Zone
KSP/BID/2026/04851,CrPC OFFENCES,Bidar,Bhalki,17.8766,77.5626,2026-04-15 01:00:00,Solved,"Sec 107, 151 CrPC",Low,95.3,Standard Monitoring
KSP/HUB/2024/04852,KPA 1963 VIOLATIONS,Hubballi-Dharwad,Suburban PS,15.2949,75.0659,2024-04-12 12:30:00,Investigating,"Sec 78, 87 KPA",Low,97.1,Standard Monitoring
KSP/HAS/2024/04853,ROBBERY / DACOITY,Hassan,Pension Mohalla,12.9795,76.1132,2024-12-23 08:23:00,Solved,"Sec 392, 395 IPC",Critical,86.6,High Risk Zone
KSP/CHA/2025/04854,THEFT,Chamarajanagar,Kollegal,11.8727,76.8793,2025-09-04 07:37:00,Closed,Sec 379 IPC,Medium,88.7,Standard Monitoring
KSP/MAN/2024/04855,MOTOR VEHICLE ACCIDENTS NON-FATAL,Mangaluru,Panambur,12.9,74.8707,2024-02-15 21:17:00,Investigating,"Sec 279, 337 IPC",Medium,97.2,Standard Monitoring
KSP/BEN/2026/04856,KPA 1963 VIOLATIONS,Bengaluru City,Yelahanka,12.9792,77.6131,2026-06-08 00:06:00,Pending,"Sec 78, 87 KPA",Low,89.5,Standard Monitoring
KSP/RAM/2024/04857,THEFT,Ramanagara,Magadi,12.6534,77.2857,2024-09-26 10:26:00,Investigating,Sec 379 IPC,Medium,93.3,Standard Monitoring
KSP/BEN/2025/04858,MISSING PERSON,Bengaluru City,Whitefield,13.029,77.6068,2025-12-16 21:48:00,Investigating,Sec 363 IPC,Medium,97.9,Standard Monitoring
KSP/CHA/2026/04859,MISSING PERSON,Chamarajanagar,Gundlupet,11.9367,76.9204,2026-03-28 10:28:00,Charge Sheeted,Sec 363 IPC,Medium,85.5,Standard Monitoring
KSP/BEN/2025/04860,KPA 1963 VIOLATIONS,Bengaluru City,Electronic City,12.9284,77.6474,2025-02-05 10:48:00,Pending,"Sec 78, 87 KPA",Low,93.5,Standard Monitoring
KSP/BEN/2025/04861,CrPC OFFENCES,Bengaluru City,Cubbon Park,12.9626,77.6328,2025-12-02 03:28:00,Solved,"Sec 107, 151 CrPC",Low,92.4,Standard Monitoring
KSP/BEN/2024/04862,CYBER CRIME & FRAUD,Bengaluru City,Koramangala,12.9339,77.5881,2024-02-10 18:23:00,Investigating,"Sec 66D IT Act, 420 IPC",High,91.8,High Risk Zone
KSP/MYS/2025/04863,MOTOR VEHICLE ACCIDENTS NON-FATAL,Mysuru,Vidyaranyapuram,12.3626,76.6449,2025-11-04 02:09:00,Pending,"Sec 279, 337 IPC",Medium,94.7,Standard Monitoring
KSP/BEN/2025/04864,HURT / ASSAULT,Bengaluru City,Electronic City,13.038,77.5859,2025-12-21 13:41:00,Solved,"Sec 323, 324, 504 IPC",High,95.7,High Risk Zone
KSP/BEN/2025/04865,MOTOR VEHICLE ACCIDENTS NON-FATAL,Bengaluru City,Indiranagar,12.9204,77.6094,2025-03-14 13:28:00,Investigating,"Sec 279, 337 IPC",Medium,95.1,Standard Monitoring
KSP/BEN/2025/04866,CrPC OFFENCES,Bengaluru City,Yelahanka,12.8923,77.5615,2025-02-15 22:16:00,Solved,"Sec 107, 151 CrPC",Low,95.1,Standard Monitoring
KSP/RAI/2025/04867,MOTOR VEHICLE ACCIDENTS NON-FATAL,Raichur,Sindhanur,16.1884,77.4226,2025-08-10 13:32:00,Closed,"Sec 279, 337 IPC",Medium,96.7,Standard Monitoring
KSP/HAV/2024/04868,BURGLARY / HOUSE BREAKING,Haveri,Byadgi,14.8039,75.4386,2024-09-10 09:56:00,Solved,"Sec 454, 457, 380 IPC",High,85.4,High Risk Zone
KSP/HUB/2025/04869,MISSING PERSON,Hubballi-Dharwad,Gokul Road,15.3257,75.1262,2025-11-02 07:04:00,Charge Sheeted,Sec 363 IPC,Medium,93.1,Standard Monitoring
KSP/BAL/2024/04870,MOTOR VEHICLE ACCIDENTS NON-FATAL,Ballari,Cowl Bazar,15.1622,76.8616,2024-10-18 07:53:00,Charge Sheeted,"Sec 279, 337 IPC",Medium,97.2,Standard Monitoring
KSP/MAN/2024/04871,THEFT,Mangaluru,Kadri,12.9026,74.8922,2024-05-13 23:48:00,Pending,Sec 379 IPC,Medium,94.6,Standard Monitoring
KSP/BEN/2025/04872,NARCOTICS (NDPS),Bengaluru City,Cubbon Park,12.9102,77.5223,2025-12-03 08:11:00,Charge Sheeted,"Sec 20(b), 22 NDPS Act",Critical,88.6,High Risk Zone
KSP/BEN/2025/04873,MISSING PERSON,Bengaluru City,Indiranagar,12.9441,77.6668,2025-02-05 05:56:00,Closed,Sec 363 IPC,Medium,93.6,Standard Monitoring
KSP/UDU/2024/04874,CYBER CRIME & FRAUD,Udupi,Malpe,13.3594,74.7113,2024-04-05 12:53:00,Solved,"Sec 66D IT Act, 420 IPC",High,96.3,High Risk Zone
KSP/BEN/2026/04875,MISSING PERSON,Bengaluru City,Indiranagar,12.9182,77.6578,2026-03-29 09:29:00,Charge Sheeted,Sec 363 IPC,Medium,90.6,Standard Monitoring
KSP/BEN/2026/04876,MOTOR VEHICLE ACCIDENTS NON-FATAL,Bengaluru Dist,Doddaballapura,13.0294,77.5156,2026-01-07 10:01:00,Investigating,"Sec 279, 337 IPC",Medium,91.5,Standard Monitoring
KSP/HUB/2026/04877,ROBBERY / DACOITY,Hubballi-Dharwad,Vidyagiri,15.3406,75.192,2026-06-19 02:41:00,Pending,"Sec 392, 395 IPC",Critical,95.4,High Risk Zone
KSP/SHI/2024/04878,THEFT,Shivamogga,Bhadravathi,13.868,75.5183,2024-06-30 19:24:00,Charge Sheeted,Sec 379 IPC,Medium,97.8,Standard Monitoring
KSP/BEN/2024/04879,KPA 1963 VIOLATIONS,Bengaluru City,Indiranagar,13.0018,77.5535,2024-04-17 05:39:00,Investigating,"Sec 78, 87 KPA",Low,90.1,Standard Monitoring
KSP/BEN/2024/04880,THEFT,Bengaluru City,Whitefield,12.9678,77.5935,2024-10-13 03:01:00,Pending,Sec 379 IPC,Medium,85.6,Standard Monitoring
KSP/BEN/2026/04881,HURT / ASSAULT,Bengaluru City,Electronic City,12.9625,77.6682,2026-04-09 02:19:00,Closed,"Sec 323, 324, 504 IPC",High,92.7,High Risk Zone
KSP/BID/2024/04882,ROBBERY / DACOITY,Bidar,Market PS,17.9644,77.4998,2024-04-30 05:54:00,Solved,"Sec 392, 395 IPC",Critical,85.5,High Risk Zone
KSP/BID/2024/04883,CrPC OFFENCES,Bidar,Basavakalyan,17.9013,77.5319,2024-12-21 22:23:00,Investigating,"Sec 107, 151 CrPC",Low,94.0,Standard Monitoring
KSP/MAN/2026/04884,MISSING PERSON,Mangaluru,Urwa,12.9021,74.7908,2026-06-02 12:47:00,Charge Sheeted,Sec 363 IPC,Medium,87.5,Standard Monitoring
KSP/YAD/2025/04885,THEFT,Yadgir,Shahapur,16.7264,77.1104,2025-06-27 10:59:00,Pending,Sec 379 IPC,Medium,95.7,Standard Monitoring
KSP/CHI/2025/04886,MOTOR VEHICLE ACCIDENTS NON-FATAL,Chitradurga,Town PS,14.1646,76.3697,2025-02-07 09:31:00,Investigating,"Sec 279, 337 IPC",Medium,94.5,Standard Monitoring
KSP/BEN/2026/04887,MISSING PERSON,Bengaluru City,Jayanagar,12.9996,77.5562,2026-02-03 03:02:00,Closed,Sec 363 IPC,Medium,96.7,Standard Monitoring
KSP/MAN/2025/04888,HURT / ASSAULT,Mandya,Srirangapatna,12.5883,76.9377,2025-03-24 06:19:00,Investigating,"Sec 323, 324, 504 IPC",High,85.6,High Risk Zone
KSP/BEN/2026/04889,MOTOR VEHICLE ACCIDENTS NON-FATAL,Bengaluru City,Electronic City,12.9628,77.5457,2026-07-21 22:33:00,Closed,"Sec 279, 337 IPC",Medium,88.3,Standard Monitoring
KSP/BEN/2026/04890,ROBBERY / DACOITY,Bengaluru City,Jayanagar,12.984,77.6736,2026-06-05 23:03:00,Investigating,"Sec 392, 395 IPC",Critical,90.6,High Risk Zone
KSP/BEN/2025/04891,ROBBERY / DACOITY,Bengaluru City,Cubbon Park,12.9162,77.6384,2025-11-07 01:43:00,Investigating,"Sec 392, 395 IPC",Critical,90.0,High Risk Zone
KSP/VIJ/2026/04892,HURT / ASSAULT,Vijayanagara,Kudligi,15.2899,76.4331,2026-03-20 03:58:00,Investigating,"Sec 323, 324, 504 IPC",High,87.3,High Risk Zone
KSP/BEN/2025/04893,CrPC OFFENCES,Bengaluru City,Electronic City,12.9188,77.5766,2025-02-12 18:37:00,Solved,"Sec 107, 151 CrPC",Low,90.6,Standard Monitoring
KSP/UDU/2026/04894,MOTOR VEHICLE ACCIDENTS NON-FATAL,Udupi,Manipal,13.3781,74.6845,2026-06-14 13:16:00,Investigating,"Sec 279, 337 IPC",Medium,97.2,Standard Monitoring
KSP/CHI/2025/04895,CYBER CRIME & FRAUD,Chikkamagaluru,Town PS,13.2846,75.7358,2025-01-13 20:19:00,Solved,"Sec 66D IT Act, 420 IPC",High,93.6,High Risk Zone
KSP/DAV/2024/04896,MOTOR VEHICLE ACCIDENTS NON-FATAL,Davanagere,Vidyanagar,14.4016,75.9671,2024-05-12 16:09:00,Charge Sheeted,"Sec 279, 337 IPC",Medium,89.7,Standard Monitoring
KSP/KOL/2024/04897,CrPC OFFENCES,Kolar,Gulpet,13.18,78.0838,2024-09-05 02:49:00,Closed,"Sec 107, 151 CrPC",Low,88.4,Standard Monitoring
KSP/RAI/2024/04898,MISSING PERSON,Raichur,Manvi,16.2593,77.3715,2024-06-13 01:44:00,Charge Sheeted,Sec 363 IPC,Medium,93.3,Standard Monitoring
KSP/MYS/2025/04899,KPA 1963 VIOLATIONS,Mysuru,KRS Road,12.2427,76.6301,2025-01-17 03:47:00,Charge Sheeted,"Sec 78, 87 KPA",Low,90.7,Standard Monitoring
KSP/RAM/2025/04900,BURGLARY / HOUSE BREAKING,Ramanagara,Magadi,12.6935,77.3476,2025-03-10 12:11:00,Investigating,"Sec 454, 457, 380 IPC",High,97.0,High Risk Zone
KSP/BEN/2024/04901,ROBBERY / DACOITY,Bengaluru City,Koramangala,12.9502,77.5516,2024-01-14 19:16:00,Solved,"Sec 392, 395 IPC",Critical,97.0,High Risk Zone
KSP/UDU/2024/04902,HURT / ASSAULT,Udupi,Town PS,13.3698,74.6906,2024-11-12 10:51:00,Charge Sheeted,"Sec 323, 324, 504 IPC",High,92.9,High Risk Zone
KSP/DAV/2025/04903,CYBER CRIME & FRAUD,Davanagere,Vidyanagar,14.533,75.9061,2025-03-17 00:52:00,Pending,"Sec 66D IT Act, 420 IPC",High,88.6,High Risk Zone
KSP/BEN/2025/04904,THEFT,Bengaluru City,Whitefield,12.9383,77.5671,2025-03-24 01:08:00,Solved,Sec 379 IPC,Medium,94.3,Standard Monitoring
KSP/BEN/2025/04905,MISSING PERSON,Bengaluru City,Yelahanka,12.986,77.5799,2025-07-16 08:17:00,Investigating,Sec 363 IPC,Medium,86.0,Standard Monitoring
KSP/UDU/2025/04906,HURT / ASSAULT,Udupi,Manipal,13.3345,74.8155,2025-08-21 23:59:00,Closed,"Sec 323, 324, 504 IPC",High,89.5,High Risk Zone
KSP/BEN/2025/04907,MOTOR VEHICLE ACCIDENTS NON-FATAL,Bengaluru City,Hebbal,12.9684,77.5789,2025-08-26 12:32:00,Charge Sheeted,"Sec 279, 337 IPC",Medium,94.1,Standard Monitoring
KSP/BEN/2024/04908,ROBBERY / DACOITY,Bengaluru City,Hebbal,12.9502,77.5171,2024-05-05 21:31:00,Solved,"Sec 392, 395 IPC",Critical,92.6,High Risk Zone
KSP/VIJ/2024/04909,MOTOR VEHICLE ACCIDENTS NON-FATAL,Vijayanagara,Kudligi,15.3083,76.4646,2024-11-27 10:15:00,Charge Sheeted,"Sec 279, 337 IPC",Medium,95.1,Standard Monitoring
KSP/BEN/2025/04910,MISSING PERSON,Bengaluru City,Indiranagar,13.0363,77.5908,2025-02-13 06:49:00,Investigating,Sec 363 IPC,Medium,87.7,Standard Monitoring
KSP/BAL/2026/04911,NARCOTICS (NDPS),Ballari,Cowl Bazar,15.208,76.8724,2026-02-09 07:36:00,Solved,"Sec 20(b), 22 NDPS Act",Critical,94.4,High Risk Zone
KSP/BEN/2024/04912,KPA 1963 VIOLATIONS,Bengaluru City,Indiranagar,12.9107,77.5231,2024-04-15 18:19:00,Investigating,"Sec 78, 87 KPA",Low,89.4,Standard Monitoring
KSP/BEN/2025/04913,MOTOR VEHICLE ACCIDENTS NON-FATAL,Bengaluru City,Hebbal,12.9726,77.6197,2025-12-12 03:56:00,Investigating,"Sec 279, 337 IPC",Medium,85.5,Standard Monitoring
KSP/BEN/2025/04914,CrPC OFFENCES,Bengaluru City,Indiranagar,12.9859,77.5884,2025-04-19 03:29:00,Pending,"Sec 107, 151 CrPC",Low,96.5,Standard Monitoring
KSP/BEL/2026/04915,CrPC OFFENCES,Belagavi,Khade Bazar,15.9205,74.5633,2026-06-11 04:37:00,Solved,"Sec 107, 151 CrPC",Low,88.6,Standard Monitoring
KSP/BEN/2025/04916,MOTOR VEHICLE ACCIDENTS NON-FATAL,Bengaluru City,Cubbon Park,12.9505,77.5742,2025-07-26 14:40:00,Solved,"Sec 279, 337 IPC",Medium,86.4,Standard Monitoring
KSP/MAN/2026/04917,BURGLARY / HOUSE BREAKING,Mangaluru,Kadri,12.8354,74.8591,2026-04-15 18:49:00,Investigating,"Sec 454, 457, 380 IPC",High,86.1,High Risk Zone
KSP/BEN/2025/04918,MOTOR VEHICLE ACCIDENTS NON-FATAL,Bengaluru City,Hebbal,13.0286,77.6029,2025-11-24 10:17:00,Charge Sheeted,"Sec 279, 337 IPC",Medium,89.3,Standard Monitoring
KSP/BEN/2024/04919,MOTOR VEHICLE ACCIDENTS NON-FATAL,Bengaluru City,Whitefield,12.9713,77.6046,2024-08-28 18:55:00,Charge Sheeted,"Sec 279, 337 IPC",Medium,97.3,Standard Monitoring
KSP/HUB/2024/04920,KPA 1963 VIOLATIONS,Hubballi-Dharwad,Vidyagiri,15.2992,75.0476,2024-07-16 19:51:00,Closed,"Sec 78, 87 KPA",Low,90.9,Standard Monitoring
KSP/MYS/2024/04921,KPA 1963 VIOLATIONS,Mysuru,Devaraja PS,12.3623,76.5839,2024-03-18 22:53:00,Closed,"Sec 78, 87 KPA",Low,96.9,Standard Monitoring
KSP/SHI/2026/04922,THEFT,Shivamogga,Bhadravathi,13.8997,75.5036,2026-02-27 05:49:00,Pending,Sec 379 IPC,Medium,97.1,Standard Monitoring
KSP/BEN/2024/04923,HURT / ASSAULT,Bengaluru City,Hebbal,13.0354,77.6699,2024-04-01 23:46:00,Pending,"Sec 323, 324, 504 IPC",High,90.0,High Risk Zone
KSP/BEN/2026/04924,THEFT,Bengaluru City,Yelahanka,12.9983,77.5722,2026-03-30 01:03:00,Pending,Sec 379 IPC,Medium,95.0,Standard Monitoring
KSP/KAL/2024/04925,KPA 1963 VIOLATIONS,Kalaburagi,Station Bazar,17.2862,76.8805,2024-04-23 20:02:00,Investigating,"Sec 78, 87 KPA",Low,89.7,Standard Monitoring
KSP/MAN/2025/04926,KPA 1963 VIOLATIONS,Mandya,Srirangapatna,12.4593,76.9162,2025-11-25 12:56:00,Pending,"Sec 78, 87 KPA",Low,95.2,Standard Monitoring
KSP/BEN/2025/04927,MOTOR VEHICLE ACCIDENTS NON-FATAL,Bengaluru City,Yelahanka,12.9274,77.576,2025-09-25 05:48:00,Investigating,"Sec 279, 337 IPC",Medium,86.3,Standard Monitoring
KSP/SHI/2025/04928,THEFT,Shivamogga,Tunga Nagar,13.9696,75.5752,2025-07-15 12:18:00,Solved,Sec 379 IPC,Medium,88.4,Standard Monitoring
KSP/VIJ/2025/04929,ROBBERY / DACOITY,Vijayapura,Adarsh Nagar,16.899,75.7169,2025-10-14 15:30:00,Closed,"Sec 392, 395 IPC",Critical,95.7,High Risk Zone
KSP/MAN/2024/04930,HURT / ASSAULT,Mangaluru,Barkarke,12.892,74.8739,2024-02-09 00:55:00,Charge Sheeted,"Sec 323, 324, 504 IPC",High,86.0,High Risk Zone
KSP/HAS/2024/04931,MOTOR VEHICLE ACCIDENTS NON-FATAL,Hassan,Gorur,13.032,76.0681,2024-07-06 03:47:00,Investigating,"Sec 279, 337 IPC",Medium,97.5,Standard Monitoring
KSP/TUM/2026/04932,THEFT,Tumakuru,Gubbi,13.3442,77.1603,2026-05-14 14:06:00,Charge Sheeted,Sec 379 IPC,Medium,87.5,Standard Monitoring
KSP/BEN/2024/04933,MOTOR VEHICLE ACCIDENTS NON-FATAL,Bengaluru City,Jayanagar,13.0454,77.6395,2024-10-01 00:30:00,Investigating,"Sec 279, 337 IPC",Medium,86.6,Standard Monitoring
KSP/KOP/2024/04934,THEFT,Koppal,Town PS,15.31,76.1428,2024-05-27 15:03:00,Closed,Sec 379 IPC,Medium,86.4,Standard Monitoring
KSP/BEL/2024/04935,MOTOR VEHICLE ACCIDENTS NON-FATAL,Belagavi,Gokak,15.8062,74.5586,2024-11-18 09:44:00,Closed,"Sec 279, 337 IPC",Medium,88.4,Standard Monitoring
KSP/BEN/2024/04936,CrPC OFFENCES,Bengaluru City,Whitefield,12.9369,77.5717,2024-05-04 06:42:00,Solved,"Sec 107, 151 CrPC",Low,90.9,Standard Monitoring
KSP/UDU/2025/04937,NARCOTICS (NDPS),Udupi,Manipal,13.3866,74.6704,2025-03-26 16:30:00,Solved,"Sec 20(b), 22 NDPS Act",Critical,95.6,High Risk Zone
KSP/HUB/2025/04938,CrPC OFFENCES,Hubballi-Dharwad,Gokul Road,15.4156,75.1021,2025-12-27 08:15:00,Closed,"Sec 107, 151 CrPC",Low,93.3,Standard Monitoring
KSP/VIJ/2025/04939,BURGLARY / HOUSE BREAKING,Vijayanagara,Harapanahalli,15.3415,76.3244,2025-09-26 14:10:00,Charge Sheeted,"Sec 454, 457, 380 IPC",High,91.5,High Risk Zone
KSP/MYS/2024/04940,THEFT,Mysuru,Devaraja PS,12.3617,76.711,2024-10-01 03:28:00,Investigating,Sec 379 IPC,Medium,97.6,Standard Monitoring
KSP/BEN/2024/04941,HURT / ASSAULT,Bengaluru City,Electronic City,12.9433,77.5883,2024-02-15 09:22:00,Pending,"Sec 323, 324, 504 IPC",High,95.7,High Risk Zone
KSP/KOL/2025/04942,MOTOR VEHICLE ACCIDENTS NON-FATAL,Kolar,Town PS,13.0641,78.1823,2025-03-02 19:35:00,Pending,"Sec 279, 337 IPC",Medium,94.9,Standard Monitoring
KSP/SHI/2024/04943,MOTOR VEHICLE ACCIDENTS NON-FATAL,Shivamogga,Vinoba Nagar,13.8589,75.5683,2024-09-04 18:13:00,Pending,"Sec 279, 337 IPC",Medium,86.7,Standard Monitoring
KSP/BAG/2024/04944,ROBBERY / DACOITY,Bagalkote,Navanagar,16.1441,75.7353,2024-11-24 07:20:00,Pending,"Sec 392, 395 IPC",Critical,85.7,High Risk Zone
KSP/BEN/2026/04945,MISSING PERSON,Bengaluru City,Yelahanka,12.8928,77.5786,2026-03-31 13:52:00,Solved,Sec 363 IPC,Medium,90.3,Standard Monitoring
KSP/HAV/2024/04946,KPA 1963 VIOLATIONS,Haveri,Town PS,14.7652,75.3305,2024-05-22 16:02:00,Solved,"Sec 78, 87 KPA",Low,88.7,Standard Monitoring
KSP/BAL/2026/04947,MISSING PERSON,Ballari,Brucepet,15.1759,76.8841,2026-06-25 15:00:00,Investigating,Sec 363 IPC,Medium,86.1,Standard Monitoring
KSP/GAD/2026/04948,HURT / ASSAULT,Gadag,Town PS,15.3599,75.6359,2026-03-12 21:24:00,Solved,"Sec 323, 324, 504 IPC",High,90.6,High Risk Zone
KSP/BEN/2025/04949,THEFT,Bengaluru Dist,Nelamangala,13.0303,77.5562,2025-12-27 07:20:00,Solved,Sec 379 IPC,Medium,98.1,Standard Monitoring
KSP/SHI/2025/04950,KPA 1963 VIOLATIONS,Shivamogga,Tunga Nagar,13.9037,75.5884,2025-10-19 16:03:00,Solved,"Sec 78, 87 KPA",Low,85.9,Standard Monitoring
KSP/BID/2024/04951,MOTOR VEHICLE ACCIDENTS NON-FATAL,Bidar,Basavakalyan,17.8542,77.5339,2024-11-01 12:32:00,Investigating,"Sec 279, 337 IPC",Medium,93.6,Standard Monitoring
KSP/KOL/2024/04952,CrPC OFFENCES,Kolar,Bangarapet,13.2044,78.1439,2024-08-30 07:22:00,Pending,"Sec 107, 151 CrPC",Low,95.5,Standard Monitoring
KSP/BEN/2024/04953,MOTOR VEHICLE ACCIDENTS NON-FATAL,Bengaluru Dist,Hosakote,13.1145,77.5889,2024-08-23 01:06:00,Investigating,"Sec 279, 337 IPC",Medium,94.7,Standard Monitoring
KSP/MAN/2024/04954,BURGLARY / HOUSE BREAKING,Mangaluru,Barkarke,12.8438,74.8735,2024-07-26 22:32:00,Closed,"Sec 454, 457, 380 IPC",High,89.4,High Risk Zone
KSP/BAG/2024/04955,HURT / ASSAULT,Bagalkote,Navanagar,16.1669,75.728,2024-06-23 14:06:00,Pending,"Sec 323, 324, 504 IPC",High,93.0,High Risk Zone
KSP/BEN/2024/04956,MOTOR VEHICLE ACCIDENTS NON-FATAL,Bengaluru City,Electronic City,13.0314,77.5327,2024-09-18 05:50:00,Investigating,"Sec 279, 337 IPC",Medium,92.9,Standard Monitoring
KSP/BEN/2025/04957,KPA 1963 VIOLATIONS,Bengaluru City,Cubbon Park,12.9607,77.5319,2025-04-03 13:07:00,Investigating,"Sec 78, 87 KPA",Low,93.2,Standard Monitoring
KSP/RAI/2024/04958,MISSING PERSON,Raichur,Sadabad,16.2285,77.4156,2024-12-03 12:54:00,Closed,Sec 363 IPC,Medium,94.3,Standard Monitoring
KSP/BEL/2026/04959,KPA 1963 VIOLATIONS,Belagavi,Khade Bazar,15.9244,74.4868,2026-01-20 14:49:00,Solved,"Sec 78, 87 KPA",Low,92.3,Standard Monitoring
KSP/RAM/2024/04960,ROBBERY / DACOITY,Ramanagara,Channapatna,12.7032,77.2285,2024-12-21 00:19:00,Pending,"Sec 392, 395 IPC",Critical,90.4,High Risk Zone
KSP/TUM/2025/04961,BURGLARY / HOUSE BREAKING,Tumakuru,Tiptur,13.3858,77.125,2025-06-02 07:24:00,Solved,"Sec 454, 457, 380 IPC",High,86.9,High Risk Zone
KSP/CHI/2025/04962,MISSING PERSON,Chikkaballapura,Gauribidanur,13.397,77.7996,2025-04-01 20:17:00,Investigating,Sec 363 IPC,Medium,89.2,Standard Monitoring
KSP/BEN/2026/04963,CrPC OFFENCES,Bengaluru City,Cubbon Park,12.9656,77.5805,2026-01-16 02:32:00,Charge Sheeted,"Sec 107, 151 CrPC",Low,87.8,Standard Monitoring
KSP/BEN/2024/04964,MOTOR VEHICLE ACCIDENTS NON-FATAL,Bengaluru City,Jayanagar,12.9092,77.6745,2024-08-21 21:30:00,Solved,"Sec 279, 337 IPC",Medium,97.4,Standard Monitoring
KSP/BEN/2025/04965,BURGLARY / HOUSE BREAKING,Bengaluru City,Whitefield,12.9432,77.5989,2025-12-04 08:21:00,Closed,"Sec 454, 457, 380 IPC",High,95.9,High Risk Zone
KSP/SHI/2024/04966,MOTOR VEHICLE ACCIDENTS NON-FATAL,Shivamogga,Tunga Nagar,13.9842,75.5275,2024-08-16 12:03:00,Solved,"Sec 279, 337 IPC",Medium,96.4,Standard Monitoring
KSP/HUB/2024/04967,CrPC OFFENCES,Hubballi-Dharwad,Vidyagiri,15.3429,75.1748,2024-05-25 11:16:00,Pending,"Sec 107, 151 CrPC",Low,89.2,Standard Monitoring
KSP/BEL/2025/04968,THEFT,Belagavi,Market PS,15.811,74.4879,2025-06-17 16:22:00,Investigating,Sec 379 IPC,Medium,85.8,Standard Monitoring
KSP/KAL/2025/04969,MOTOR VEHICLE ACCIDENTS NON-FATAL,Kalaburagi,Station Bazar,17.2711,76.9122,2025-12-04 06:45:00,Investigating,"Sec 279, 337 IPC",Medium,96.5,Standard Monitoring
KSP/BEN/2025/04970,NARCOTICS (NDPS),Bengaluru City,Electronic City,13.0132,77.6745,2025-07-07 04:21:00,Closed,"Sec 20(b), 22 NDPS Act",Critical,85.1,High Risk Zone
KSP/BEN/2024/04971,THEFT,Bengaluru City,Indiranagar,12.9772,77.5588,2024-10-16 15:07:00,Investigating,Sec 379 IPC,Medium,87.1,Standard Monitoring
KSP/CHI/2024/04972,NARCOTICS (NDPS),Chikkaballapura,Town PS,13.4332,77.7812,2024-01-29 14:24:00,Pending,"Sec 20(b), 22 NDPS Act",Critical,98.0,High Risk Zone
KSP/BEN/2025/04973,ROBBERY / DACOITY,Bengaluru City,Whitefield,13.0204,77.518,2025-01-05 18:32:00,Pending,"Sec 392, 395 IPC",Critical,86.0,High Risk Zone
KSP/TUM/2025/04974,HURT / ASSAULT,Tumakuru,Gubbi,13.2656,77.1397,2025-05-18 12:18:00,Charge Sheeted,"Sec 323, 324, 504 IPC",High,96.6,High Risk Zone
KSP/KAL/2025/04975,THEFT,Kalaburagi,University PS,17.3201,76.8513,2025-05-27 04:15:00,Investigating,Sec 379 IPC,Medium,95.6,Standard Monitoring
KSP/MYS/2024/04976,MOTOR VEHICLE ACCIDENTS NON-FATAL,Mysuru,Nazarbad,12.3075,76.6246,2024-03-03 15:28:00,Investigating,"Sec 279, 337 IPC",Medium,93.8,Standard Monitoring
KSP/MYS/2024/04977,HURT / ASSAULT,Mysuru,KRS Road,12.3524,76.6304,2024-11-23 09:45:00,Solved,"Sec 323, 324, 504 IPC",High,92.6,High Risk Zone
KSP/BEN/2025/04978,KPA 1963 VIOLATIONS,Bengaluru Dist,Nelamangala,13.1248,77.5788,2025-06-22 20:52:00,Solved,"Sec 78, 87 KPA",Low,88.8,Standard Monitoring
KSP/MAN/2024/04979,MISSING PERSON,Mandya,Maddur,12.5872,76.9555,2024-12-26 09:42:00,Pending,Sec 363 IPC,Medium,89.2,Standard Monitoring
KSP/KAL/2026/04980,THEFT,Kalaburagi,Brahampur,17.2725,76.8706,2026-05-15 23:18:00,Closed,Sec 379 IPC,Medium,86.3,Standard Monitoring
KSP/KOD/2024/04981,HURT / ASSAULT,Kodagu,Somwarpet,12.3737,75.7584,2024-02-12 16:51:00,Pending,"Sec 323, 324, 504 IPC",High,89.9,High Risk Zone
KSP/UDU/2026/04982,KPA 1963 VIOLATIONS,Udupi,Kundapura,13.3423,74.7571,2026-06-02 04:57:00,Closed,"Sec 78, 87 KPA",Low,91.4,Standard Monitoring
KSP/BEN/2024/04983,BURGLARY / HOUSE BREAKING,Bengaluru City,Koramangala,12.9163,77.6031,2024-01-31 17:28:00,Charge Sheeted,"Sec 454, 457, 380 IPC",High,98.2,High Risk Zone
KSP/HAV/2024/04984,MOTOR VEHICLE ACCIDENTS NON-FATAL,Haveri,Byadgi,14.7182,75.3197,2024-01-24 13:02:00,Pending,"Sec 279, 337 IPC",Medium,90.0,Standard Monitoring
KSP/TUM/2024/04985,BURGLARY / HOUSE BREAKING,Tumakuru,Tiptur,13.3849,77.1519,2024-01-25 01:30:00,Closed,"Sec 454, 457, 380 IPC",High,94.9,High Risk Zone
KSP/BID/2025/04986,ROBBERY / DACOITY,Bidar,Bhalki,17.9406,77.5422,2025-10-26 01:15:00,Pending,"Sec 392, 395 IPC",Critical,93.2,High Risk Zone
KSP/BID/2025/04987,KPA 1963 VIOLATIONS,Bidar,Basavakalyan,17.8978,77.5837,2025-02-07 20:30:00,Pending,"Sec 78, 87 KPA",Low,96.9,Standard Monitoring
KSP/CHI/2026/04988,CrPC OFFENCES,Chitradurga,Town PS,14.1573,76.3498,2026-05-24 00:10:00,Closed,"Sec 107, 151 CrPC",Low,97.3,Standard Monitoring
KSP/BEN/2024/04989,MOTOR VEHICLE ACCIDENTS NON-FATAL,Bengaluru City,Yelahanka,12.8944,77.5403,2024-12-12 02:09:00,Charge Sheeted,"Sec 279, 337 IPC",Medium,90.9,Standard Monitoring
KSP/RAM/2024/04990,THEFT,Ramanagara,Channapatna,12.649,77.2818,2024-03-01 10:02:00,Pending,Sec 379 IPC,Medium,87.5,Standard Monitoring
KSP/BEN/2026/04991,THEFT,Bengaluru City,Yelahanka,13.0042,77.5267,2026-02-03 21:45:00,Pending,Sec 379 IPC,Medium,85.2,Standard Monitoring
KSP/BEN/2026/04992,KPA 1963 VIOLATIONS,Bengaluru City,Koramangala,13.0132,77.6485,2026-01-12 11:26:00,Pending,"Sec 78, 87 KPA",Low,96.2,Standard Monitoring
KSP/BAL/2024/04993,MOTOR VEHICLE ACCIDENTS NON-FATAL,Ballari,Cowl Bazar,15.1745,76.9871,2024-06-25 18:35:00,Closed,"Sec 279, 337 IPC",Medium,98.2,Standard Monitoring
KSP/TUM/2025/04994,BURGLARY / HOUSE BREAKING,Tumakuru,Kyatsandra,13.3333,77.0211,2025-02-11 19:34:00,Charge Sheeted,"Sec 454, 457, 380 IPC",High,92.1,High Risk Zone
KSP/MAN/2024/04995,THEFT,Mangaluru,Panambur,12.9764,74.7884,2024-05-18 18:44:00,Charge Sheeted,Sec 379 IPC,Medium,96.9,Standard Monitoring
KSP/BEL/2026/04996,HURT / ASSAULT,Belagavi,Tilakwadi,15.8603,74.5125,2026-03-28 00:41:00,Closed,"Sec 323, 324, 504 IPC",High,92.0,High Risk Zone
KSP/BEN/2025/04997,CrPC OFFENCES,Bengaluru City,Koramangala,12.894,77.6034,2025-04-16 00:02:00,Closed,"Sec 107, 151 CrPC",Low,93.4,Standard Monitoring
KSP/BEN/2026/04998,THEFT,Bengaluru City,Hebbal,13.045,77.6093,2026-05-09 23:42:00,Investigating,Sec 379 IPC,Medium,87.4,Standard Monitoring
KSP/BEN/2025/04999,KPA 1963 VIOLATIONS,Bengaluru Dist,Doddaballapura,13.1022,77.5137,2025-02-05 02:54:00,Charge Sheeted,"Sec 78, 87 KPA",Low,98.4,Standard Monitoring
KSP/KAL/2024/05000,MISSING PERSON,Kalaburagi,Ashok Nagar,17.3307,76.814,2024-11-18 16:30:00,Investigating,Sec 363 IPC,Medium,97.5,Standard Monitoring
KSP/BEN/2025/05001,HURT / ASSAULT,Bengaluru Dist,Devanahalli,13.0715,77.5603,2025-08-12 15:26:00,Solved,"Sec 323, 324, 504 IPC",High,87.9,High Risk Zone
KSP/BEN/2024/05002,MOTOR VEHICLE ACCIDENTS NON-FATAL,Bengaluru City,Yelahanka,13.0387,77.5643,2024-05-19 12:52:00,Closed,"Sec 279, 337 IPC",Medium,98.3,Standard Monitoring
KSP/BEN/2025/05003,CrPC OFFENCES,Bengaluru City,Cubbon Park,12.9748,77.5265,2025-03-11 21:26:00,Solved,"Sec 107, 151 CrPC",Low,98.0,Standard Monitoring
KSP/BEN/2025/05004,MOTOR VEHICLE ACCIDENTS NON-FATAL,Bengaluru City,Indiranagar,12.9222,77.5428,2025-10-17 19:05:00,Solved,"Sec 279, 337 IPC",Medium,91.8,Standard Monitoring
KSP/MYS/2026/05005,CrPC OFFENCES,Mysuru,Lashkar PS,12.3467,76.6714,2026-02-13 06:37:00,Solved,"Sec 107, 151 CrPC",Low,86.4,Standard Monitoring
KSP/KOL/2025/05006,MOTOR VEHICLE ACCIDENTS NON-FATAL,Kolar,Bangarapet,13.0782,78.1745,2025-01-30 09:19:00,Charge Sheeted,"Sec 279, 337 IPC",Medium,91.9,Standard Monitoring
KSP/TUM/2025/05007,NARCOTICS (NDPS),Tumakuru,Sira,13.393,77.0445,2025-08-10 14:11:00,Solved,"Sec 20(b), 22 NDPS Act",Critical,90.7,High Risk Zone
KSP/MYS/2025/05008,CrPC OFFENCES,Mysuru,Vidyaranyapuram,12.2702,76.6728,2025-08-17 06:24:00,Pending,"Sec 107, 151 CrPC",Low,89.0,Standard Monitoring
KSP/MYS/2024/05009,MOTOR VEHICLE ACCIDENTS NON-FATAL,Mysuru,Devaraja PS,12.351,76.6416,2024-01-01 12:51:00,Closed,"Sec 279, 337 IPC",Medium,97.9,Standard Monitoring
KSP/SHI/2026/05010,CrPC OFFENCES,Shivamogga,Tunga Nagar,13.8949,75.5167,2026-03-13 00:18:00,Charge Sheeted,"Sec 107, 151 CrPC",Low,88.8,Standard Monitoring
KSP/MYS/2024/05011,MISSING PERSON,Mysuru,Vidyaranyapuram,12.3132,76.7117,2024-07-15 07:22:00,Solved,Sec 363 IPC,Medium,91.9,Standard Monitoring
KSP/CHI/2024/05012,MOTOR VEHICLE ACCIDENTS NON-FATAL,Chitradurga,Kote PS,14.2042,76.3786,2024-01-11 01:17:00,Investigating,"Sec 279, 337 IPC",Medium,89.1,Standard Monitoring
KSP/TUM/2024/05013,MOTOR VEHICLE ACCIDENTS NON-FATAL,Tumakuru,Tiptur,13.2886,77.1534,2024-02-14 04:43:00,Closed,"Sec 279, 337 IPC",Medium,86.2,Standard Monitoring
KSP/BEN/2025/05014,MISSING PERSON,Bengaluru City,Cubbon Park,12.9244,77.6724,2025-03-22 07:42:00,Pending,Sec 363 IPC,Medium,91.7,Standard Monitoring
KSP/MAN/2025/05015,THEFT,Mandya,East PS,12.4441,76.9552,2025-07-13 06:06:00,Investigating,Sec 379 IPC,Medium,85.8,Standard Monitoring
KSP/CHI/2025/05016,CYBER CRIME & FRAUD,Chikkaballapura,Gauribidanur,13.4061,77.6778,2025-04-30 06:58:00,Pending,"Sec 66D IT Act, 420 IPC",High,86.5,High Risk Zone
KSP/UDU/2026/05017,HURT / ASSAULT,Udupi,Malpe,13.3647,74.7478,2026-07-07 15:03:00,Pending,"Sec 323, 324, 504 IPC",High,85.6,High Risk Zone
KSP/KOP/2024/05018,HURT / ASSAULT,Koppal,Town PS,15.3279,76.124,2024-06-24 18:27:00,Charge Sheeted,"Sec 323, 324, 504 IPC",High,94.4,High Risk Zone
KSP/KOD/2025/05019,CYBER CRIME & FRAUD,Kodagu,Gonikoppal,12.3746,75.7405,2025-09-20 11:24:00,Charge Sheeted,"Sec 66D IT Act, 420 IPC",High,91.5,High Risk Zone
KSP/TUM/2025/05020,MOTOR VEHICLE ACCIDENTS NON-FATAL,Tumakuru,Gubbi,13.26,77.1197,2025-08-09 08:42:00,Closed,"Sec 279, 337 IPC",Medium,95.8,Standard Monitoring
KSP/BEL/2026/05021,BURGLARY / HOUSE BREAKING,Belagavi,Camp PS,15.9014,74.4418,2026-04-01 00:49:00,Charge Sheeted,"Sec 454, 457, 380 IPC",High,96.0,High Risk Zone
KSP/TUM/2024/05022,MOTOR VEHICLE ACCIDENTS NON-FATAL,Tumakuru,Town PS,13.2937,77.1656,2024-09-17 10:33:00,Pending,"Sec 279, 337 IPC",Medium,88.3,Standard Monitoring
KSP/TUM/2026/05023,MOTOR VEHICLE ACCIDENTS NON-FATAL,Tumakuru,Kyatsandra,13.3227,77.1342,2026-06-05 00:45:00,Investigating,"Sec 279, 337 IPC",Medium,96.7,Standard Monitoring
KSP/HUB/2025/05024,THEFT,Hubballi-Dharwad,Kamripeth,15.2917,75.133,2025-05-10 21:29:00,Solved,Sec 379 IPC,Medium,93.9,Standard Monitoring
KSP/BEN/2024/05025,MISSING PERSON,Bengaluru City,Jayanagar,12.9162,77.5493,2024-08-09 05:37:00,Investigating,Sec 363 IPC,Medium,96.0,Standard Monitoring
KSP/RAI/2026/05026,BURGLARY / HOUSE BREAKING,Raichur,Manvi,16.1898,77.3933,2026-05-08 05:06:00,Closed,"Sec 454, 457, 380 IPC",High,94.0,High Risk Zone
KSP/BEN/2025/05027,CYBER CRIME & FRAUD,Bengaluru City,Whitefield,12.9149,77.5958,2025-03-06 06:40:00,Charge Sheeted,"Sec 66D IT Act, 420 IPC",High,96.8,High Risk Zone
KSP/SHI/2024/05028,MISSING PERSON,Shivamogga,Doddapet,13.969,75.554,2024-04-11 05:57:00,Pending,Sec 363 IPC,Medium,94.4,Standard Monitoring
KSP/HUB/2025/05029,THEFT,Hubballi-Dharwad,Gokul Road,15.3627,75.1433,2025-07-10 02:42:00,Charge Sheeted,Sec 379 IPC,Medium,92.9,Standard Monitoring
KSP/BEN/2024/05030,CrPC OFFENCES,Bengaluru City,Indiranagar,12.9725,77.643,2024-11-01 01:49:00,Pending,"Sec 107, 151 CrPC",Low,97.3,Standard Monitoring
KSP/VIJ/2024/05031,HURT / ASSAULT,Vijayapura,Indi,16.7581,75.6544,2024-06-27 22:19:00,Pending,"Sec 323, 324, 504 IPC",High,98.4,High Risk Zone
KSP/BEN/2026/05032,NARCOTICS (NDPS),Bengaluru City,Electronic City,13.0209,77.5147,2026-04-01 10:51:00,Charge Sheeted,"Sec 20(b), 22 NDPS Act",Critical,91.0,High Risk Zone
KSP/BEL/2024/05033,HURT / ASSAULT,Belagavi,Tilakwadi,15.8531,74.562,2024-12-16 06:19:00,Charge Sheeted,"Sec 323, 324, 504 IPC",High,94.2,High Risk Zone
KSP/BEN/2025/05034,MOTOR VEHICLE ACCIDENTS NON-FATAL,Bengaluru City,Yelahanka,12.9738,77.6487,2025-03-01 04:51:00,Investigating,"Sec 279, 337 IPC",Medium,87.0,Standard Monitoring
KSP/BEN/2025/05035,MISSING PERSON,Bengaluru City,Koramangala,12.9011,77.5214,2025-06-19 01:51:00,Charge Sheeted,Sec 363 IPC,Medium,94.5,Standard Monitoring
KSP/MYS/2024/05036,NARCOTICS (NDPS),Mysuru,Devaraja PS,12.3143,76.6985,2024-09-13 11:16:00,Solved,"Sec 20(b), 22 NDPS Act",Critical,92.7,High Risk Zone
KSP/DAV/2025/05037,MISSING PERSON,Davanagere,PJ Extension,14.5174,75.9573,2025-10-17 09:50:00,Solved,Sec 363 IPC,Medium,90.9,Standard Monitoring
KSP/HUB/2024/05038,CrPC OFFENCES,Hubballi-Dharwad,Dharwad Town,15.4102,75.1156,2024-09-03 00:21:00,Charge Sheeted,"Sec 107, 151 CrPC",Low,90.3,Standard Monitoring
KSP/BEN/2024/05039,CrPC OFFENCES,Bengaluru City,Yelahanka,12.9495,77.5357,2024-05-01 12:26:00,Investigating,"Sec 107, 151 CrPC",Low,88.0,Standard Monitoring
KSP/BEN/2026/05040,CrPC OFFENCES,Bengaluru City,Yelahanka,12.9879,77.6257,2026-03-13 07:53:00,Pending,"Sec 107, 151 CrPC",Low,97.4,Standard Monitoring
KSP/BAL/2025/05041,MOTOR VEHICLE ACCIDENTS NON-FATAL,Ballari,Gandhinagar,15.1507,76.8843,2025-03-09 13:37:00,Investigating,"Sec 279, 337 IPC",Medium,87.5,Standard Monitoring
KSP/CHI/2025/05042,THEFT,Chitradurga,Town PS,14.2074,76.4387,2025-10-13 23:02:00,Solved,Sec 379 IPC,Medium,88.1,Standard Monitoring
KSP/BEN/2025/05043,MISSING PERSON,Bengaluru Dist,Hosakote,13.028,77.5365,2025-09-23 00:21:00,Pending,Sec 363 IPC,Medium,92.3,Standard Monitoring
KSP/MAN/2024/05044,THEFT,Mangaluru,Panambur,12.9888,74.8816,2024-07-19 17:09:00,Pending,Sec 379 IPC,Medium,93.7,Standard Monitoring
KSP/BEN/2025/05045,MOTOR VEHICLE ACCIDENTS NON-FATAL,Bengaluru City,Hebbal,12.9192,77.6572,2025-04-04 21:28:00,Charge Sheeted,"Sec 279, 337 IPC",Medium,92.3,Standard Monitoring
KSP/BEN/2025/05046,MISSING PERSON,Bengaluru City,Electronic City,13.0494,77.5518,2025-11-30 06:49:00,Charge Sheeted,Sec 363 IPC,Medium,89.8,Standard Monitoring
KSP/MAN/2024/05047,THEFT,Mangaluru,Barkarke,12.9399,74.8263,2024-11-20 22:46:00,Closed,Sec 379 IPC,Medium,88.8,Standard Monitoring
KSP/HUB/2026/05048,ROBBERY / DACOITY,Hubballi-Dharwad,Suburban PS,15.4392,75.0683,2026-06-23 02:08:00,Pending,"Sec 392, 395 IPC",Critical,93.4,High Risk Zone
KSP/BEN/2025/05049,MOTOR VEHICLE ACCIDENTS NON-FATAL,Bengaluru Dist,Doddaballapura,13.0095,77.5695,2025-03-24 00:14:00,Charge Sheeted,"Sec 279, 337 IPC",Medium,95.0,Standard Monitoring
KSP/HUB/2024/05050,CrPC OFFENCES,Hubballi-Dharwad,Kamripeth,15.3779,75.103,2024-12-03 07:55:00,Investigating,"Sec 107, 151 CrPC",Low,96.5,Standard Monitoring
KSP/KAL/2025/05051,BURGLARY / HOUSE BREAKING,Kalaburagi,University PS,17.4062,76.8052,2025-06-23 01:36:00,Pending,"Sec 454, 457, 380 IPC",High,88.9,High Risk Zone
KSP/BEN/2026/05052,HURT / ASSAULT,Bengaluru City,Koramangala,12.8931,77.667,2026-01-28 14:59:00,Closed,"Sec 323, 324, 504 IPC",High,85.9,High Risk Zone
KSP/HUB/2025/05053,MISSING PERSON,Hubballi-Dharwad,Vidyagiri,15.388,75.1945,2025-04-29 01:25:00,Solved,Sec 363 IPC,Medium,96.3,Standard Monitoring
KSP/BEN/2024/05054,ROBBERY / DACOITY,Bengaluru City,Hebbal,12.9535,77.5276,2024-11-30 20:31:00,Closed,"Sec 392, 395 IPC",Critical,86.1,High Risk Zone
KSP/RAI/2025/05055,KPA 1963 VIOLATIONS,Raichur,Manvi,16.1461,77.3459,2025-05-28 05:38:00,Closed,"Sec 78, 87 KPA",Low,97.5,Standard Monitoring
KSP/BEN/2025/05056,HURT / ASSAULT,Bengaluru City,Koramangala,12.9182,77.6438,2025-11-17 14:02:00,Charge Sheeted,"Sec 323, 324, 504 IPC",High,95.3,High Risk Zone
KSP/BEN/2026/05057,BURGLARY / HOUSE BREAKING,Bengaluru City,Hebbal,12.9862,77.6185,2026-04-17 02:02:00,Charge Sheeted,"Sec 454, 457, 380 IPC",High,95.1,High Risk Zone
KSP/MYS/2026/05058,MOTOR VEHICLE ACCIDENTS NON-FATAL,Mysuru,Devaraja PS,12.2494,76.7154,2026-06-18 11:51:00,Solved,"Sec 279, 337 IPC",Medium,91.7,Standard Monitoring
KSP/MAN/2025/05059,CrPC OFFENCES,Mangaluru,Urwa,12.8557,74.8315,2025-10-19 08:16:00,Charge Sheeted,"Sec 107, 151 CrPC",Low,86.3,Standard Monitoring
KSP/RAI/2026/05060,KPA 1963 VIOLATIONS,Raichur,Sindhanur,16.2478,77.3067,2026-04-22 23:29:00,Solved,"Sec 78, 87 KPA",Low,96.7,Standard Monitoring
KSP/BEN/2025/05061,MOTOR VEHICLE ACCIDENTS NON-FATAL,Bengaluru City,Koramangala,12.9126,77.5316,2025-01-02 07:42:00,Charge Sheeted,"Sec 279, 337 IPC",Medium,91.5,Standard Monitoring
KSP/UDU/2026/05062,MISSING PERSON,Udupi,Town PS,13.2741,74.6688,2026-04-09 12:08:00,Charge Sheeted,Sec 363 IPC,Medium,96.1,Standard Monitoring
KSP/UDU/2025/05063,THEFT,Udupi,Malpe,13.3922,74.7513,2025-01-10 06:23:00,Pending,Sec 379 IPC,Medium,85.6,Standard Monitoring
KSP/BEN/2025/05064,CYBER CRIME & FRAUD,Bengaluru City,Electronic City,12.954,77.6387,2025-12-25 05:16:00,Solved,"Sec 66D IT Act, 420 IPC",High,85.3,High Risk Zone
KSP/UDU/2026/05065,CYBER CRIME & FRAUD,Udupi,Kundapura,13.3504,74.8139,2026-03-13 16:37:00,Closed,"Sec 66D IT Act, 420 IPC",High,85.0,High Risk Zone
KSP/VIJ/2025/05066,NARCOTICS (NDPS),Vijayanagara,Harapanahalli,15.2193,76.3666,2025-04-08 15:08:00,Pending,"Sec 20(b), 22 NDPS Act",Critical,93.2,High Risk Zone
KSP/KOD/2024/05067,ROBBERY / DACOITY,Kodagu,Somwarpet,12.3938,75.6826,2024-03-02 06:47:00,Charge Sheeted,"Sec 392, 395 IPC",Critical,86.8,High Risk Zone
KSP/CHI/2026/05068,HURT / ASSAULT,Chikkaballapura,Chintamani,13.3869,77.7767,2026-01-24 15:37:00,Closed,"Sec 323, 324, 504 IPC",High,85.9,High Risk Zone
KSP/UDU/2026/05069,HURT / ASSAULT,Udupi,Town PS,13.3847,74.7629,2026-03-07 17:50:00,Investigating,"Sec 323, 324, 504 IPC",High,92.0,High Risk Zone
KSP/GAD/2024/05070,HURT / ASSAULT,Gadag,Nargund,15.4574,75.6123,2024-01-03 13:13:00,Investigating,"Sec 323, 324, 504 IPC",High,89.5,High Risk Zone
KSP/UDU/2026/05071,THEFT,Udupi,Town PS,13.342,74.7203,2026-01-01 19:10:00,Solved,Sec 379 IPC,Medium,87.8,Standard Monitoring
KSP/BEN/2024/05072,BURGLARY / HOUSE BREAKING,Bengaluru City,Cubbon Park,12.9449,77.609,2024-03-02 22:59:00,Solved,"Sec 454, 457, 380 IPC",High,94.6,High Risk Zone
KSP/RAM/2024/05073,CrPC OFFENCES,Ramanagara,Ijoor PS,12.6452,77.2056,2024-11-03 02:10:00,Charge Sheeted,"Sec 107, 151 CrPC",Low,96.6,Standard Monitoring
KSP/DAV/2024/05074,CYBER CRIME & FRAUD,Davanagere,Vidyanagar,14.5301,75.8745,2024-11-27 16:22:00,Investigating,"Sec 66D IT Act, 420 IPC",High,98.0,High Risk Zone
KSP/BEN/2025/05075,HURT / ASSAULT,Bengaluru City,Whitefield,12.9277,77.6168,2025-11-06 15:39:00,Closed,"Sec 323, 324, 504 IPC",High,89.5,High Risk Zone
KSP/MAN/2026/05076,MOTOR VEHICLE ACCIDENTS NON-FATAL,Mandya,Central PS,12.5168,76.8609,2026-07-19 03:05:00,Pending,"Sec 279, 337 IPC",Medium,88.9,Standard Monitoring
KSP/TUM/2025/05077,CYBER CRIME & FRAUD,Tumakuru,Sira,13.3856,77.0782,2025-04-16 06:09:00,Investigating,"Sec 66D IT Act, 420 IPC",High,88.2,High Risk Zone
KSP/BEN/2025/05078,MOTOR VEHICLE ACCIDENTS NON-FATAL,Bengaluru Dist,Hosakote,13.157,77.6598,2025-04-17 09:37:00,Pending,"Sec 279, 337 IPC",Medium,92.3,Standard Monitoring
KSP/BEL/2024/05079,HURT / ASSAULT,Belagavi,Camp PS,15.9102,74.4869,2024-05-13 01:31:00,Closed,"Sec 323, 324, 504 IPC",High,87.9,High Risk Zone
KSP/RAM/2025/05080,THEFT,Ramanagara,Kanakapura,12.7067,77.221,2025-11-13 22:22:00,Pending,Sec 379 IPC,Medium,86.4,Standard Monitoring
KSP/BEL/2026/05081,MISSING PERSON,Belagavi,Khade Bazar,15.8823,74.5575,2026-01-20 17:58:00,Closed,Sec 363 IPC,Medium,93.1,Standard Monitoring
KSP/MYS/2024/05082,THEFT,Mysuru,Nazarbad,12.3546,76.6076,2024-06-10 04:50:00,Pending,Sec 379 IPC,Medium,95.5,Standard Monitoring
KSP/MAN/2026/05083,MOTOR VEHICLE ACCIDENTS NON-FATAL,Mangaluru,Panambur,12.9708,74.8048,2026-03-26 08:49:00,Pending,"Sec 279, 337 IPC",Medium,93.7,Standard Monitoring
KSP/BEN/2024/05084,HURT / ASSAULT,Bengaluru City,Indiranagar,12.9079,77.5607,2024-08-03 00:32:00,Investigating,"Sec 323, 324, 504 IPC",High,91.4,High Risk Zone
KSP/CHI/2026/05085,HURT / ASSAULT,Chikkamagaluru,Basavanahalli,13.308,75.7509,2026-06-07 18:22:00,Charge Sheeted,"Sec 323, 324, 504 IPC",High,85.8,High Risk Zone
KSP/BAL/2024/05086,CrPC OFFENCES,Ballari,Gandhinagar,15.1749,76.8878,2024-10-20 04:18:00,Pending,"Sec 107, 151 CrPC",Low,89.7,Standard Monitoring
KSP/BEN/2025/05087,KPA 1963 VIOLATIONS,Bengaluru City,Whitefield,12.9412,77.5638,2025-02-08 22:50:00,Solved,"Sec 78, 87 KPA",Low,88.8,Standard Monitoring
KSP/MAN/2025/05088,ROBBERY / DACOITY,Mangaluru,Surathkal,12.8493,74.8125,2025-07-20 00:58:00,Closed,"Sec 392, 395 IPC",Critical,98.4,High Risk Zone
KSP/BID/2025/05089,HURT / ASSAULT,Bidar,Bhalki,17.9634,77.4803,2025-06-18 14:12:00,Solved,"Sec 323, 324, 504 IPC",High,91.7,High Risk Zone
KSP/KOP/2025/05090,MOTOR VEHICLE ACCIDENTS NON-FATAL,Koppal,Town PS,15.3412,76.1991,2025-05-22 14:11:00,Investigating,"Sec 279, 337 IPC",Medium,90.8,Standard Monitoring
KSP/MAN/2024/05091,THEFT,Mangaluru,Surathkal,12.8717,74.9118,2024-12-17 07:48:00,Charge Sheeted,Sec 379 IPC,Medium,94.6,Standard Monitoring
KSP/BEN/2025/05092,MOTOR VEHICLE ACCIDENTS NON-FATAL,Bengaluru City,Whitefield,12.9145,77.5973,2025-07-12 22:27:00,Pending,"Sec 279, 337 IPC",Medium,94.1,Standard Monitoring
KSP/DAV/2024/05093,CYBER CRIME & FRAUD,Davanagere,Azad Nagar,14.5167,75.9585,2024-10-09 04:49:00,Closed,"Sec 66D IT Act, 420 IPC",High,86.5,High Risk Zone
KSP/BEN/2026/05094,KPA 1963 VIOLATIONS,Bengaluru City,Cubbon Park,12.9364,77.5576,2026-07-05 02:58:00,Investigating,"Sec 78, 87 KPA",Low,89.0,Standard Monitoring
KSP/CHI/2026/05095,THEFT,Chitradurga,Kote PS,14.2621,76.3261,2026-02-02 15:29:00,Closed,Sec 379 IPC,Medium,86.6,Standard Monitoring
KSP/VIJ/2026/05096,MISSING PERSON,Vijayapura,Gol Gumbaz PS,16.8853,75.6627,2026-07-16 06:26:00,Closed,Sec 363 IPC,Medium,91.6,Standard Monitoring
KSP/BEN/2024/05097,MOTOR VEHICLE ACCIDENTS NON-FATAL,Bengaluru Dist,Nelamangala,13.0257,77.6328,2024-07-26 21:40:00,Closed,"Sec 279, 337 IPC",Medium,98.4,Standard Monitoring
KSP/BEN/2025/05098,BURGLARY / HOUSE BREAKING,Bengaluru City,Cubbon Park,13.0308,77.5209,2025-10-25 06:52:00,Investigating,"Sec 454, 457, 380 IPC",High,86.3,High Risk Zone
KSP/BID/2024/05099,CrPC OFFENCES,Bidar,Basavakalyan,17.8706,77.5667,2024-05-03 09:53:00,Closed,"Sec 107, 151 CrPC",Low,88.0,Standard Monitoring
KSP/HUB/2025/05100,MOTOR VEHICLE ACCIDENTS NON-FATAL,Hubballi-Dharwad,Suburban PS,15.4407,75.0828,2025-05-01 04:44:00,Investigating,"Sec 279, 337 IPC",Medium,90.8,Standard Monitoring
KSP/HAV/2025/05101,NARCOTICS (NDPS),Haveri,Byadgi,14.7434,75.3261,2025-02-05 06:35:00,Closed,"Sec 20(b), 22 NDPS Act",Critical,87.6,High Risk Zone
KSP/BEN/2025/05102,BURGLARY / HOUSE BREAKING,Bengaluru City,Koramangala,13.0344,77.5636,2025-02-25 17:47:00,Pending,"Sec 454, 457, 380 IPC",High,89.4,High Risk Zone
KSP/BEN/2026/05103,KPA 1963 VIOLATIONS,Bengaluru City,Whitefield,13.0067,77.5994,2026-03-26 22:12:00,Closed,"Sec 78, 87 KPA",Low,90.5,Standard Monitoring
KSP/BEN/2025/05104,MISSING PERSON,Bengaluru City,Whitefield,12.9862,77.6241,2025-11-19 09:21:00,Solved,Sec 363 IPC,Medium,94.1,Standard Monitoring
KSP/BEN/2025/05105,HURT / ASSAULT,Bengaluru City,Hebbal,13.0104,77.63,2025-02-23 13:02:00,Pending,"Sec 323, 324, 504 IPC",High,86.2,High Risk Zone
KSP/DAV/2025/05106,HURT / ASSAULT,Davanagere,Azad Nagar,14.4878,75.9473,2025-07-15 10:00:00,Investigating,"Sec 323, 324, 504 IPC",High,88.9,High Risk Zone
KSP/BEN/2026/05107,THEFT,Bengaluru City,Cubbon Park,12.9471,77.6493,2026-01-05 06:24:00,Charge Sheeted,Sec 379 IPC,Medium,91.5,Standard Monitoring
KSP/VIJ/2026/05108,MOTOR VEHICLE ACCIDENTS NON-FATAL,Vijayanagara,Hospet Town,15.2915,76.4545,2026-01-10 16:10:00,Charge Sheeted,"Sec 279, 337 IPC",Medium,91.2,Standard Monitoring
KSP/BEN/2024/05109,BURGLARY / HOUSE BREAKING,Bengaluru City,Koramangala,12.9474,77.5475,2024-02-10 20:04:00,Solved,"Sec 454, 457, 380 IPC",High,92.6,High Risk Zone
KSP/GAD/2025/05110,MOTOR VEHICLE ACCIDENTS NON-FATAL,Gadag,Nargund,15.4993,75.6045,2025-04-30 11:07:00,Charge Sheeted,"Sec 279, 337 IPC",Medium,90.9,Standard Monitoring
KSP/TUM/2026/05111,CrPC OFFENCES,Tumakuru,Town PS,13.2767,77.1505,2026-01-10 22:11:00,Charge Sheeted,"Sec 107, 151 CrPC",Low,91.0,Standard Monitoring
KSP/BEN/2026/05112,THEFT,Bengaluru City,Yelahanka,12.994,77.5292,2026-05-13 12:51:00,Solved,Sec 379 IPC,Medium,86.2,Standard Monitoring
KSP/UDU/2024/05113,MOTOR VEHICLE ACCIDENTS NON-FATAL,Udupi,Kundapura,13.3463,74.7037,2024-10-14 06:58:00,Closed,"Sec 279, 337 IPC",Medium,95.0,Standard Monitoring
KSP/SHI/2025/05114,HURT / ASSAULT,Shivamogga,Vinoba Nagar,14.0049,75.6352,2025-03-07 01:11:00,Solved,"Sec 323, 324, 504 IPC",High,89.2,High Risk Zone
KSP/VIJ/2025/05115,MOTOR VEHICLE ACCIDENTS NON-FATAL,Vijayanagara,Harapanahalli,15.2553,76.4698,2025-02-27 14:01:00,Pending,"Sec 279, 337 IPC",Medium,96.8,Standard Monitoring
KSP/KOL/2025/05116,BURGLARY / HOUSE BREAKING,Kolar,Town PS,13.129,78.0735,2025-05-31 09:28:00,Charge Sheeted,"Sec 454, 457, 380 IPC",High,87.2,High Risk Zone
KSP/BEN/2025/05117,HURT / ASSAULT,Bengaluru City,Koramangala,13.0225,77.536,2025-07-21 08:48:00,Investigating,"Sec 323, 324, 504 IPC",High,98.3,High Risk Zone
KSP/BEN/2024/05118,NARCOTICS (NDPS),Bengaluru City,Cubbon Park,13.04,77.6154,2024-10-11 19:50:00,Investigating,"Sec 20(b), 22 NDPS Act",Critical,91.1,High Risk Zone
KSP/MAN/2025/05119,CrPC OFFENCES,Mangaluru,Kadri,12.8771,74.9114,2025-03-12 10:54:00,Pending,"Sec 107, 151 CrPC",Low,85.1,Standard Monitoring
KSP/MYS/2026/05120,CYBER CRIME & FRAUD,Mysuru,Devaraja PS,12.3617,76.639,2026-03-18 09:07:00,Investigating,"Sec 66D IT Act, 420 IPC",High,89.8,High Risk Zone
KSP/BEN/2025/05121,MOTOR VEHICLE ACCIDENTS NON-FATAL,Bengaluru City,Indiranagar,12.9503,77.5673,2025-05-11 14:13:00,Pending,"Sec 279, 337 IPC",Medium,85.3,Standard Monitoring
KSP/CHA/2024/05122,HURT / ASSAULT,Chamarajanagar,Gundlupet,11.9234,76.9848,2024-04-26 22:21:00,Pending,"Sec 323, 324, 504 IPC",High,96.7,High Risk Zone
KSP/BEN/2025/05123,MISSING PERSON,Bengaluru City,Indiranagar,12.9451,77.5174,2025-12-25 01:54:00,Solved,Sec 363 IPC,Medium,95.6,Standard Monitoring
KSP/BEN/2026/05124,MISSING PERSON,Bengaluru City,Yelahanka,13.0113,77.5604,2026-04-10 20:56:00,Pending,Sec 363 IPC,Medium,89.3,Standard Monitoring
KSP/HAV/2026/05125,MISSING PERSON,Haveri,Ranebennur,14.7304,75.4269,2026-01-03 08:48:00,Pending,Sec 363 IPC,Medium,89.2,Standard Monitoring
KSP/MYS/2025/05126,BURGLARY / HOUSE BREAKING,Mysuru,Devaraja PS,12.3014,76.7001,2025-09-30 05:25:00,Investigating,"Sec 454, 457, 380 IPC",High,91.0,High Risk Zone
KSP/UDU/2026/05127,MISSING PERSON,Udupi,Town PS,13.3606,74.6958,2026-02-19 08:49:00,Charge Sheeted,Sec 363 IPC,Medium,96.1,Standard Monitoring
KSP/BEN/2024/05128,CYBER CRIME & FRAUD,Bengaluru City,Jayanagar,12.9513,77.5658,2024-11-02 18:33:00,Solved,"Sec 66D IT Act, 420 IPC",High,87.4,High Risk Zone
KSP/BAL/2025/05129,MISSING PERSON,Ballari,Brucepet,15.2013,77.0007,2025-07-04 19:53:00,Charge Sheeted,Sec 363 IPC,Medium,86.3,Standard Monitoring
KSP/MYS/2024/05130,THEFT,Mysuru,Devaraja PS,12.329,76.7192,2024-01-30 03:39:00,Closed,Sec 379 IPC,Medium,88.4,Standard Monitoring
KSP/HAS/2024/05131,MOTOR VEHICLE ACCIDENTS NON-FATAL,Hassan,Gorur,12.997,76.0951,2024-02-10 22:41:00,Charge Sheeted,"Sec 279, 337 IPC",Medium,95.7,Standard Monitoring
KSP/BEN/2024/05132,KPA 1963 VIOLATIONS,Bengaluru City,Cubbon Park,12.9371,77.6344,2024-12-31 22:29:00,Pending,"Sec 78, 87 KPA",Low,92.0,Standard Monitoring
KSP/MAN/2026/05133,ROBBERY / DACOITY,Mangaluru,Surathkal,12.9217,74.9124,2026-07-03 12:41:00,Pending,"Sec 392, 395 IPC",Critical,94.7,High Risk Zone
KSP/BEN/2026/05134,CrPC OFFENCES,Bengaluru Dist,Devanahalli,13.0599,77.5965,2026-05-15 17:59:00,Charge Sheeted,"Sec 107, 151 CrPC",Low,96.2,Standard Monitoring
KSP/MAN/2024/05135,MOTOR VEHICLE ACCIDENTS NON-FATAL,Mandya,Srirangapatna,12.4796,76.8282,2024-08-18 22:46:00,Pending,"Sec 279, 337 IPC",Medium,86.8,Standard Monitoring
KSP/DAV/2025/05136,MOTOR VEHICLE ACCIDENTS NON-FATAL,Davanagere,Harihar,14.4794,75.8972,2025-05-13 20:57:00,Charge Sheeted,"Sec 279, 337 IPC",Medium,86.2,Standard Monitoring
KSP/BEN/2026/05137,BURGLARY / HOUSE BREAKING,Bengaluru City,Hebbal,12.9206,77.66,2026-06-10 22:29:00,Investigating,"Sec 454, 457, 380 IPC",High,94.5,High Risk Zone
KSP/BEN/2025/05138,HURT / ASSAULT,Bengaluru Dist,Doddaballapura,13.1004,77.5654,2025-04-30 21:58:00,Closed,"Sec 323, 324, 504 IPC",High,96.2,High Risk Zone
KSP/HUB/2024/05139,MOTOR VEHICLE ACCIDENTS NON-FATAL,Hubballi-Dharwad,Suburban PS,15.3779,75.1311,2024-02-23 17:13:00,Closed,"Sec 279, 337 IPC",Medium,92.5,Standard Monitoring
KSP/BEN/2025/05140,KPA 1963 VIOLATIONS,Bengaluru City,Jayanagar,13.0296,77.5664,2025-02-05 01:13:00,Pending,"Sec 78, 87 KPA",Low,87.4,Standard Monitoring
KSP/KAL/2024/05141,HURT / ASSAULT,Kalaburagi,Brahampur,17.2879,76.7599,2024-11-25 20:44:00,Pending,"Sec 323, 324, 504 IPC",High,96.3,High Risk Zone
KSP/SHI/2026/05142,KPA 1963 VIOLATIONS,Shivamogga,Bhadravathi,13.8835,75.5254,2026-03-14 01:49:00,Closed,"Sec 78, 87 KPA",Low,95.8,Standard Monitoring
KSP/HAS/2024/05143,THEFT,Hassan,Pension Mohalla,12.9962,76.0761,2024-03-12 06:40:00,Investigating,Sec 379 IPC,Medium,88.2,Standard Monitoring
KSP/BEN/2025/05144,MISSING PERSON,Bengaluru Dist,Hosakote,13.0321,77.5201,2025-03-09 09:35:00,Closed,Sec 363 IPC,Medium,96.9,Standard Monitoring
KSP/MYS/2025/05145,CrPC OFFENCES,Mysuru,KRS Road,12.3435,76.6747,2025-08-21 05:58:00,Closed,"Sec 107, 151 CrPC",Low,89.7,Standard Monitoring
KSP/HAS/2025/05146,BURGLARY / HOUSE BREAKING,Hassan,Gorur,12.9538,76.1382,2025-09-15 04:54:00,Investigating,"Sec 454, 457, 380 IPC",High,87.5,High Risk Zone
KSP/BEL/2025/05147,MOTOR VEHICLE ACCIDENTS NON-FATAL,Belagavi,Gokak,15.7931,74.4474,2025-07-06 10:02:00,Pending,"Sec 279, 337 IPC",Medium,93.6,Standard Monitoring
KSP/BEL/2025/05148,KPA 1963 VIOLATIONS,Belagavi,Market PS,15.8342,74.4703,2025-09-27 06:41:00,Charge Sheeted,"Sec 78, 87 KPA",Low,85.2,Standard Monitoring
KSP/HUB/2026/05149,CYBER CRIME & FRAUD,Hubballi-Dharwad,Dharwad Town,15.3757,75.1246,2026-04-09 03:52:00,Charge Sheeted,"Sec 66D IT Act, 420 IPC",High,91.9,High Risk Zone
KSP/CHI/2025/05150,KPA 1963 VIOLATIONS,Chikkamagaluru,Town PS,13.377,75.7435,2025-06-05 05:12:00,Investigating,"Sec 78, 87 KPA",Low,89.3,Standard Monitoring
KSP/BEN/2025/05151,THEFT,Bengaluru City,Electronic City,12.9222,77.6256,2025-06-20 17:13:00,Charge Sheeted,Sec 379 IPC,Medium,91.1,Standard Monitoring
KSP/SHI/2026/05152,CrPC OFFENCES,Shivamogga,Tunga Nagar,13.9603,75.5787,2026-05-21 11:27:00,Charge Sheeted,"Sec 107, 151 CrPC",Low,89.3,Standard Monitoring
KSP/RAI/2024/05153,HURT / ASSAULT,Raichur,Market PS,16.1293,77.3531,2024-08-07 05:21:00,Closed,"Sec 323, 324, 504 IPC",High,94.1,High Risk Zone
KSP/MAN/2025/05154,CrPC OFFENCES,Mangaluru,Surathkal,12.9253,74.8931,2025-04-27 20:17:00,Pending,"Sec 107, 151 CrPC",Low,92.9,Standard Monitoring
KSP/MYS/2026/05155,HURT / ASSAULT,Mysuru,Nazarbad,12.3695,76.6043,2026-03-13 02:59:00,Investigating,"Sec 323, 324, 504 IPC",High,94.6,High Risk Zone
KSP/HUB/2025/05156,CrPC OFFENCES,Hubballi-Dharwad,Dharwad Town,15.3591,75.0755,2025-03-26 08:25:00,Closed,"Sec 107, 151 CrPC",Low,86.9,Standard Monitoring
KSP/YAD/2025/05157,HURT / ASSAULT,Yadgir,Shorapur,16.6899,77.178,2025-11-15 18:20:00,Investigating,"Sec 323, 324, 504 IPC",High,87.2,High Risk Zone
KSP/MAN/2025/05158,CrPC OFFENCES,Mangaluru,Surathkal,12.975,74.821,2025-11-17 13:01:00,Charge Sheeted,"Sec 107, 151 CrPC",Low,97.4,Standard Monitoring
KSP/MAN/2025/05159,THEFT,Mangaluru,Surathkal,12.9041,74.863,2025-08-20 05:49:00,Charge Sheeted,Sec 379 IPC,Medium,97.1,Standard Monitoring
KSP/BEL/2025/05160,CYBER CRIME & FRAUD,Belagavi,Gokak,15.8253,74.4411,2025-03-09 00:02:00,Investigating,"Sec 66D IT Act, 420 IPC",High,93.0,High Risk Zone
KSP/VIJ/2024/05161,THEFT,Vijayanagara,Harapanahalli,15.2971,76.4603,2024-11-06 12:34:00,Investigating,Sec 379 IPC,Medium,96.9,Standard Monitoring
KSP/MYS/2024/05162,THEFT,Mysuru,Vidyaranyapuram,12.3265,76.5988,2024-12-29 10:50:00,Solved,Sec 379 IPC,Medium,97.5,Standard Monitoring
KSP/BEL/2026/05163,MOTOR VEHICLE ACCIDENTS NON-FATAL,Belagavi,Khade Bazar,15.8229,74.5743,2026-07-14 03:27:00,Pending,"Sec 279, 337 IPC",Medium,95.1,Standard Monitoring
KSP/VIJ/2025/05164,MISSING PERSON,Vijayapura,Gol Gumbaz PS,16.7764,75.7734,2025-01-19 05:40:00,Investigating,Sec 363 IPC,Medium,97.2,Standard Monitoring
KSP/KAL/2024/05165,CYBER CRIME & FRAUD,Kalaburagi,Brahampur,17.3158,76.8273,2024-02-24 06:51:00,Pending,"Sec 66D IT Act, 420 IPC",High,86.3,High Risk Zone
KSP/UDU/2025/05166,MISSING PERSON,Udupi,Manipal,13.3607,74.7836,2025-03-17 21:56:00,Solved,Sec 363 IPC,Medium,96.8,Standard Monitoring
KSP/BEN/2026/05167,THEFT,Bengaluru Dist,Doddaballapura,13.1497,77.5837,2026-06-06 17:40:00,Charge Sheeted,Sec 379 IPC,Medium,88.8,Standard Monitoring
KSP/MYS/2025/05168,CYBER CRIME & FRAUD,Mysuru,Vidyaranyapuram,12.3822,76.6737,2025-02-28 15:38:00,Investigating,"Sec 66D IT Act, 420 IPC",High,88.9,High Risk Zone
KSP/SHI/2026/05169,MOTOR VEHICLE ACCIDENTS NON-FATAL,Shivamogga,Vinoba Nagar,14.0015,75.6,2026-04-11 01:25:00,Closed,"Sec 279, 337 IPC",Medium,93.3,Standard Monitoring
KSP/BEN/2024/05170,HURT / ASSAULT,Bengaluru City,Whitefield,12.9678,77.5185,2024-09-16 21:58:00,Solved,"Sec 323, 324, 504 IPC",High,88.9,High Risk Zone
KSP/UTT/2025/05171,CrPC OFFENCES,Uttara Kannada,Karwar Town,14.7625,74.0924,2025-09-13 03:40:00,Solved,"Sec 107, 151 CrPC",Low,98.5,Standard Monitoring
KSP/MYS/2025/05172,HURT / ASSAULT,Mysuru,Vidyaranyapuram,12.2841,76.7274,2025-10-21 03:10:00,Closed,"Sec 323, 324, 504 IPC",High,87.8,High Risk Zone
KSP/BEN/2025/05173,NARCOTICS (NDPS),Bengaluru Dist,Devanahalli,13.0559,77.5847,2025-12-16 13:59:00,Closed,"Sec 20(b), 22 NDPS Act",Critical,86.0,High Risk Zone
KSP/BEL/2026/05174,CrPC OFFENCES,Belagavi,Camp PS,15.7721,74.5496,2026-02-03 22:49:00,Investigating,"Sec 107, 151 CrPC",Low,95.8,Standard Monitoring
KSP/BEN/2024/05175,HURT / ASSAULT,Bengaluru Dist,Devanahalli,13.105,77.5249,2024-11-08 11:30:00,Pending,"Sec 323, 324, 504 IPC",High,87.6,High Risk Zone
KSP/BEN/2024/05176,THEFT,Bengaluru City,Hebbal,12.8992,77.5838,2024-07-25 22:36:00,Investigating,Sec 379 IPC,Medium,86.4,Standard Monitoring
KSP/BEN/2025/05177,CrPC OFFENCES,Bengaluru City,Yelahanka,12.9677,77.6258,2025-02-02 10:46:00,Closed,"Sec 107, 151 CrPC",Low,86.0,Standard Monitoring
KSP/UDU/2025/05178,THEFT,Udupi,Malpe,13.4107,74.7051,2025-04-28 18:49:00,Closed,Sec 379 IPC,Medium,87.7,Standard Monitoring
KSP/BEL/2025/05179,MISSING PERSON,Belagavi,Market PS,15.882,74.5223,2025-01-29 06:20:00,Closed,Sec 363 IPC,Medium,91.5,Standard Monitoring
KSP/HUB/2025/05180,CYBER CRIME & FRAUD,Hubballi-Dharwad,Dharwad Town,15.3471,75.1439,2025-09-14 11:04:00,Pending,"Sec 66D IT Act, 420 IPC",High,86.2,High Risk Zone
KSP/BEN/2024/05181,HURT / ASSAULT,Bengaluru Dist,Doddaballapura,13.1273,77.6117,2024-08-09 13:21:00,Closed,"Sec 323, 324, 504 IPC",High,96.2,High Risk Zone
KSP/BEN/2025/05182,MOTOR VEHICLE ACCIDENTS NON-FATAL,Bengaluru City,Indiranagar,12.9983,77.5151,2025-04-20 09:52:00,Closed,"Sec 279, 337 IPC",Medium,90.8,Standard Monitoring
KSP/RAI/2024/05183,CYBER CRIME & FRAUD,Raichur,Manvi,16.2775,77.275,2024-03-10 15:53:00,Solved,"Sec 66D IT Act, 420 IPC",High,88.7,High Risk Zone
KSP/BEN/2025/05184,MISSING PERSON,Bengaluru Dist,Devanahalli,13.0442,77.6569,2025-10-16 00:57:00,Solved,Sec 363 IPC,Medium,90.9,Standard Monitoring
KSP/UTT/2024/05185,MISSING PERSON,Uttara Kannada,Sirsi Town,14.7746,74.1433,2024-01-27 05:35:00,Charge Sheeted,Sec 363 IPC,Medium,96.4,Standard Monitoring
KSP/BEN/2025/05186,CrPC OFFENCES,Bengaluru City,Electronic City,12.9886,77.6113,2025-07-18 00:18:00,Charge Sheeted,"Sec 107, 151 CrPC",Low,96.7,Standard Monitoring
KSP/BID/2025/05187,CrPC OFFENCES,Bidar,Gandhi Gunj,17.9815,77.5517,2025-08-01 12:00:00,Charge Sheeted,"Sec 107, 151 CrPC",Low,97.9,Standard Monitoring
KSP/SHI/2025/05188,HURT / ASSAULT,Shivamogga,Bhadravathi,13.9599,75.5533,2025-05-08 23:36:00,Closed,"Sec 323, 324, 504 IPC",High,88.8,High Risk Zone
KSP/TUM/2024/05189,MISSING PERSON,Tumakuru,Sira,13.3604,77.023,2024-04-22 21:04:00,Charge Sheeted,Sec 363 IPC,Medium,89.1,Standard Monitoring
KSP/BEN/2024/05190,KPA 1963 VIOLATIONS,Bengaluru City,Whitefield,12.975,77.5296,2024-08-12 02:04:00,Charge Sheeted,"Sec 78, 87 KPA",Low,89.2,Standard Monitoring
KSP/RAM/2025/05191,THEFT,Ramanagara,Kanakapura,12.7052,77.2834,2025-03-16 05:06:00,Closed,Sec 379 IPC,Medium,85.8,Standard Monitoring
KSP/BEL/2025/05192,THEFT,Belagavi,Market PS,15.8304,74.4394,2025-12-05 22:06:00,Solved,Sec 379 IPC,Medium,86.9,Standard Monitoring
KSP/CHI/2024/05193,HURT / ASSAULT,Chikkaballapura,Town PS,13.4906,77.7796,2024-01-02 13:14:00,Pending,"Sec 323, 324, 504 IPC",High,97.7,High Risk Zone
KSP/CHI/2026/05194,MISSING PERSON,Chikkamagaluru,Basavanahalli,13.3545,75.6974,2026-04-18 02:31:00,Charge Sheeted,Sec 363 IPC,Medium,95.3,Standard Monitoring
KSP/CHA/2025/05195,MOTOR VEHICLE ACCIDENTS NON-FATAL,Chamarajanagar,Kollegal,11.8999,77.0079,2025-05-03 17:58:00,Pending,"Sec 279, 337 IPC",Medium,93.0,Standard Monitoring
KSP/HUB/2024/05196,CrPC OFFENCES,Hubballi-Dharwad,Kamripeth,15.2894,75.0879,2024-07-20 08:38:00,Solved,"Sec 107, 151 CrPC",Low,93.0,Standard Monitoring
KSP/KOL/2024/05197,MOTOR VEHICLE ACCIDENTS NON-FATAL,Kolar,Robertsonpet,13.186,78.109,2024-08-01 21:19:00,Charge Sheeted,"Sec 279, 337 IPC",Medium,86.6,Standard Monitoring
KSP/BEN/2025/05198,MISSING PERSON,Bengaluru City,Yelahanka,12.9034,77.5354,2025-02-08 03:37:00,Charge Sheeted,Sec 363 IPC,Medium,95.0,Standard Monitoring
KSP/BEN/2024/05199,CrPC OFFENCES,Bengaluru City,Jayanagar,12.9562,77.585,2024-09-01 06:59:00,Closed,"Sec 107, 151 CrPC",Low,86.5,Standard Monitoring
KSP/BEN/2026/05200,MISSING PERSON,Bengaluru City,Yelahanka,12.9286,77.6224,2026-04-04 06:49:00,Charge Sheeted,Sec 363 IPC,Medium,85.8,Standard Monitoring
KSP/BEN/2026/05201,THEFT,Bengaluru City,Whitefield,12.9378,77.5504,2026-02-01 12:10:00,Pending,Sec 379 IPC,Medium,90.1,Standard Monitoring
KSP/BEL/2026/05202,CrPC OFFENCES,Belagavi,Market PS,15.9161,74.5174,2026-03-01 01:23:00,Solved,"Sec 107, 151 CrPC",Low,90.7,Standard Monitoring
KSP/KAL/2025/05203,CrPC OFFENCES,Kalaburagi,University PS,17.3907,76.8019,2025-01-13 08:47:00,Investigating,"Sec 107, 151 CrPC",Low,93.7,Standard Monitoring
KSP/UDU/2024/05204,BURGLARY / HOUSE BREAKING,Udupi,Kundapura,13.345,74.766,2024-12-05 04:25:00,Investigating,"Sec 454, 457, 380 IPC",High,97.0,High Risk Zone
KSP/BEN/2024/05205,MOTOR VEHICLE ACCIDENTS NON-FATAL,Bengaluru City,Cubbon Park,12.9538,77.5963,2024-12-23 08:46:00,Closed,"Sec 279, 337 IPC",Medium,88.5,Standard Monitoring
KSP/MYS/2024/05206,HURT / ASSAULT,Mysuru,Devaraja PS,12.3793,76.6614,2024-04-26 11:27:00,Closed,"Sec 323, 324, 504 IPC",High,85.5,High Risk Zone
KSP/BEN/2024/05207,HURT / ASSAULT,Bengaluru City,Electronic City,13.0098,77.5206,2024-04-30 08:27:00,Pending,"Sec 323, 324, 504 IPC",High,93.0,High Risk Zone
KSP/BEN/2025/05208,HURT / ASSAULT,Bengaluru City,Hebbal,12.9988,77.6035,2025-12-12 09:50:00,Investigating,"Sec 323, 324, 504 IPC",High,88.7,High Risk Zone
KSP/TUM/2024/05209,KPA 1963 VIOLATIONS,Tumakuru,Sira,13.316,77.1041,2024-12-07 10:57:00,Closed,"Sec 78, 87 KPA",Low,97.9,Standard Monitoring
KSP/BEN/2026/05210,MISSING PERSON,Bengaluru City,Whitefield,12.9106,77.5379,2026-02-16 03:14:00,Solved,Sec 363 IPC,Medium,97.0,Standard Monitoring
KSP/BAL/2024/05211,THEFT,Ballari,Gandhinagar,15.0982,76.8489,2024-05-12 09:59:00,Solved,Sec 379 IPC,Medium,94.4,Standard Monitoring
KSP/MAN/2025/05212,BURGLARY / HOUSE BREAKING,Mangaluru,Barkarke,12.9761,74.8998,2025-08-25 17:57:00,Closed,"Sec 454, 457, 380 IPC",High,88.1,High Risk Zone
KSP/BEN/2025/05213,BURGLARY / HOUSE BREAKING,Bengaluru City,Cubbon Park,12.8983,77.6438,2025-04-29 01:10:00,Charge Sheeted,"Sec 454, 457, 380 IPC",High,91.8,High Risk Zone
KSP/BEN/2024/05214,KPA 1963 VIOLATIONS,Bengaluru Dist,Devanahalli,13.1161,77.5083,2024-01-25 04:08:00,Solved,"Sec 78, 87 KPA",Low,95.7,Standard Monitoring
KSP/DAV/2025/05215,THEFT,Davanagere,Vidyanagar,14.4375,75.8503,2025-03-20 02:50:00,Investigating,Sec 379 IPC,Medium,92.6,Standard Monitoring
KSP/VIJ/2025/05216,MOTOR VEHICLE ACCIDENTS NON-FATAL,Vijayapura,Adarsh Nagar,16.7623,75.7074,2025-04-19 20:08:00,Charge Sheeted,"Sec 279, 337 IPC",Medium,96.2,Standard Monitoring
KSP/KAL/2025/05217,CrPC OFFENCES,Kalaburagi,Station Bazar,17.3226,76.7744,2025-12-01 15:06:00,Investigating,"Sec 107, 151 CrPC",Low,97.9,Standard Monitoring
KSP/MAN/2024/05218,NARCOTICS (NDPS),Mangaluru,Barkarke,12.9081,74.8467,2024-12-21 10:56:00,Investigating,"Sec 20(b), 22 NDPS Act",Critical,92.7,High Risk Zone
KSP/HUB/2024/05219,KPA 1963 VIOLATIONS,Hubballi-Dharwad,Vidyagiri,15.3569,75.1469,2024-12-31 23:42:00,Closed,"Sec 78, 87 KPA",Low,95.7,Standard Monitoring
KSP/BEN/2024/05220,CYBER CRIME & FRAUD,Bengaluru City,Koramangala,12.9613,77.5774,2024-10-30 02:51:00,Solved,"Sec 66D IT Act, 420 IPC",High,89.5,High Risk Zone
KSP/TUM/2024/05221,HURT / ASSAULT,Tumakuru,Gubbi,13.3146,77.1352,2024-11-19 10:07:00,Solved,"Sec 323, 324, 504 IPC",High,87.3,High Risk Zone
KSP/BEN/2024/05222,HURT / ASSAULT,Bengaluru City,Electronic City,13.0428,77.5577,2024-06-23 10:07:00,Solved,"Sec 323, 324, 504 IPC",High,98.5,High Risk Zone
KSP/BAL/2024/05223,THEFT,Ballari,Brucepet,15.1271,76.9929,2024-08-04 07:31:00,Pending,Sec 379 IPC,Medium,85.8,Standard Monitoring
KSP/BEN/2024/05224,MOTOR VEHICLE ACCIDENTS NON-FATAL,Bengaluru City,Yelahanka,12.8948,77.6225,2024-03-16 23:51:00,Charge Sheeted,"Sec 279, 337 IPC",Medium,94.8,Standard Monitoring
KSP/VIJ/2025/05225,MISSING PERSON,Vijayapura,Adarsh Nagar,16.7856,75.6664,2025-02-14 00:54:00,Investigating,Sec 363 IPC,Medium,94.9,Standard Monitoring
KSP/MYS/2026/05226,MOTOR VEHICLE ACCIDENTS NON-FATAL,Mysuru,Nazarbad,12.3349,76.5927,2026-05-15 07:42:00,Closed,"Sec 279, 337 IPC",Medium,90.1,Standard Monitoring
KSP/BEN/2024/05227,MOTOR VEHICLE ACCIDENTS NON-FATAL,Bengaluru City,Electronic City,12.956,77.5524,2024-03-16 16:59:00,Closed,"Sec 279, 337 IPC",Medium,98.0,Standard Monitoring
KSP/MAN/2025/05228,MOTOR VEHICLE ACCIDENTS NON-FATAL,Mangaluru,Surathkal,12.9465,74.9294,2025-11-15 15:03:00,Closed,"Sec 279, 337 IPC",Medium,86.1,Standard Monitoring
KSP/CHI/2024/05229,KPA 1963 VIOLATIONS,Chikkaballapura,Gauribidanur,13.439,77.7334,2024-03-27 10:16:00,Investigating,"Sec 78, 87 KPA",Low,98.3,Standard Monitoring
KSP/MAN/2024/05230,THEFT,Mangaluru,Panambur,12.9539,74.8755,2024-12-29 05:53:00,Solved,Sec 379 IPC,Medium,92.4,Standard Monitoring
KSP/KOP/2024/05231,NARCOTICS (NDPS),Koppal,Town PS,15.3724,76.2311,2024-06-01 10:32:00,Investigating,"Sec 20(b), 22 NDPS Act",Critical,95.9,High Risk Zone
KSP/HUB/2025/05232,HURT / ASSAULT,Hubballi-Dharwad,Dharwad Town,15.3371,75.1602,2025-04-21 13:42:00,Pending,"Sec 323, 324, 504 IPC",High,94.5,High Risk Zone
KSP/DAV/2025/05233,CrPC OFFENCES,Davanagere,Vidyanagar,14.472,75.849,2025-06-30 23:16:00,Investigating,"Sec 107, 151 CrPC",Low,97.5,Standard Monitoring
KSP/BID/2026/05234,BURGLARY / HOUSE BREAKING,Bidar,Gandhi Gunj,17.8946,77.4829,2026-01-06 23:18:00,Charge Sheeted,"Sec 454, 457, 380 IPC",High,90.2,High Risk Zone
KSP/BAL/2024/05235,CrPC OFFENCES,Ballari,Gandhinagar,15.2104,76.8844,2024-06-24 00:52:00,Pending,"Sec 107, 151 CrPC",Low,98.3,Standard Monitoring
KSP/BEN/2026/05236,HURT / ASSAULT,Bengaluru City,Whitefield,12.9469,77.5603,2026-04-20 06:57:00,Solved,"Sec 323, 324, 504 IPC",High,89.5,High Risk Zone
KSP/BEN/2025/05237,HURT / ASSAULT,Bengaluru City,Indiranagar,13.0425,77.5905,2025-11-12 15:19:00,Investigating,"Sec 323, 324, 504 IPC",High,86.5,High Risk Zone
KSP/TUM/2025/05238,NARCOTICS (NDPS),Tumakuru,Gubbi,13.2832,77.0362,2025-11-20 16:00:00,Solved,"Sec 20(b), 22 NDPS Act",Critical,98.5,High Risk Zone
KSP/BEN/2024/05239,KPA 1963 VIOLATIONS,Bengaluru City,Cubbon Park,12.9455,77.5345,2024-07-10 19:46:00,Solved,"Sec 78, 87 KPA",Low,88.1,Standard Monitoring
KSP/BAL/2026/05240,MOTOR VEHICLE ACCIDENTS NON-FATAL,Ballari,Brucepet,15.1449,76.8817,2026-04-18 06:58:00,Investigating,"Sec 279, 337 IPC",Medium,93.8,Standard Monitoring
KSP/BEN/2024/05241,KPA 1963 VIOLATIONS,Bengaluru City,Jayanagar,12.9314,77.5238,2024-09-02 07:04:00,Pending,"Sec 78, 87 KPA",Low,97.6,Standard Monitoring
KSP/BEN/2026/05242,KPA 1963 VIOLATIONS,Bengaluru City,Whitefield,12.9002,77.5284,2026-05-01 07:43:00,Closed,"Sec 78, 87 KPA",Low,93.3,Standard Monitoring
KSP/BEN/2026/05243,MOTOR VEHICLE ACCIDENTS NON-FATAL,Bengaluru City,Jayanagar,12.9986,77.6431,2026-03-04 20:44:00,Solved,"Sec 279, 337 IPC",Medium,93.6,Standard Monitoring
KSP/MYS/2024/05244,KPA 1963 VIOLATIONS,Mysuru,Vidyaranyapuram,12.2832,76.6201,2024-09-09 06:10:00,Charge Sheeted,"Sec 78, 87 KPA",Low,94.1,Standard Monitoring
KSP/BID/2024/05245,HURT / ASSAULT,Bidar,Market PS,17.9014,77.4545,2024-12-14 17:35:00,Closed,"Sec 323, 324, 504 IPC",High,90.4,High Risk Zone
KSP/BEN/2025/05246,MISSING PERSON,Bengaluru Dist,Doddaballapura,13.0587,77.545,2025-03-06 16:56:00,Solved,Sec 363 IPC,Medium,93.5,Standard Monitoring
KSP/BEN/2026/05247,MOTOR VEHICLE ACCIDENTS NON-FATAL,Bengaluru City,Hebbal,12.9098,77.5871,2026-04-07 13:46:00,Closed,"Sec 279, 337 IPC",Medium,94.3,Standard Monitoring
KSP/BEL/2025/05248,CrPC OFFENCES,Belagavi,Tilakwadi,15.9192,74.5204,2025-06-28 05:56:00,Charge Sheeted,"Sec 107, 151 CrPC",Low,97.1,Standard Monitoring
KSP/MYS/2025/05249,MISSING PERSON,Mysuru,Devaraja PS,12.2315,76.7286,2025-10-08 18:19:00,Solved,Sec 363 IPC,Medium,92.2,Standard Monitoring
KSP/BEN/2026/05250,MISSING PERSON,Bengaluru Dist,Doddaballapura,13.1408,77.6143,2026-05-26 13:13:00,Solved,Sec 363 IPC,Medium,90.2,Standard Monitoring
KSP/MAN/2024/05251,HURT / ASSAULT,Mangaluru,Panambur,12.9861,74.8116,2024-02-12 21:15:00,Charge Sheeted,"Sec 323, 324, 504 IPC",High,89.8,High Risk Zone
KSP/BEN/2026/05252,CrPC OFFENCES,Bengaluru City,Yelahanka,12.9116,77.63,2026-05-30 00:06:00,Solved,"Sec 107, 151 CrPC",Low,95.3,Standard Monitoring
KSP/BEN/2025/05253,THEFT,Bengaluru City,Electronic City,12.9912,77.6238,2025-07-25 17:57:00,Pending,Sec 379 IPC,Medium,90.5,Standard Monitoring
KSP/BEN/2025/05254,THEFT,Bengaluru City,Hebbal,12.9099,77.5165,2025-07-21 03:10:00,Charge Sheeted,Sec 379 IPC,Medium,91.2,Standard Monitoring
KSP/MYS/2025/05255,MISSING PERSON,Mysuru,Devaraja PS,12.2949,76.6449,2025-09-15 05:41:00,Charge Sheeted,Sec 363 IPC,Medium,92.1,Standard Monitoring
KSP/BEL/2026/05256,MOTOR VEHICLE ACCIDENTS NON-FATAL,Belagavi,Khade Bazar,15.809,74.5593,2026-04-09 17:30:00,Pending,"Sec 279, 337 IPC",Medium,97.3,Standard Monitoring
KSP/MAN/2026/05257,THEFT,Mangaluru,Kadri,12.9414,74.8611,2026-03-05 11:12:00,Pending,Sec 379 IPC,Medium,89.3,Standard Monitoring
KSP/BEN/2026/05258,CrPC OFFENCES,Bengaluru City,Whitefield,13.0505,77.5764,2026-03-28 12:41:00,Solved,"Sec 107, 151 CrPC",Low,91.8,Standard Monitoring
KSP/BEN/2024/05259,ROBBERY / DACOITY,Bengaluru City,Electronic City,13.0487,77.6323,2024-06-19 22:04:00,Charge Sheeted,"Sec 392, 395 IPC",Critical,92.5,High Risk Zone
KSP/BEL/2026/05260,BURGLARY / HOUSE BREAKING,Belagavi,Market PS,15.7908,74.5816,2026-04-07 01:35:00,Pending,"Sec 454, 457, 380 IPC",High,86.4,High Risk Zone
KSP/MAN/2025/05261,CrPC OFFENCES,Mandya,Srirangapatna,12.5262,76.8675,2025-04-03 08:07:00,Investigating,"Sec 107, 151 CrPC",Low,92.7,Standard Monitoring
KSP/MAN/2025/05262,THEFT,Mangaluru,Kadri,12.9839,74.8778,2025-09-19 10:08:00,Pending,Sec 379 IPC,Medium,91.8,Standard Monitoring
KSP/KOL/2026/05263,MISSING PERSON,Kolar,Town PS,13.0865,78.1285,2026-06-22 20:00:00,Investigating,Sec 363 IPC,Medium,88.4,Standard Monitoring
KSP/BEN/2024/05264,THEFT,Bengaluru Dist,Devanahalli,13.1024,77.5671,2024-04-12 09:28:00,Closed,Sec 379 IPC,Medium,89.7,Standard Monitoring
KSP/BEN/2025/05265,CYBER CRIME & FRAUD,Bengaluru Dist,Nelamangala,13.1511,77.5962,2025-06-13 20:43:00,Investigating,"Sec 66D IT Act, 420 IPC",High,94.5,High Risk Zone
KSP/KOL/2025/05266,MOTOR VEHICLE ACCIDENTS NON-FATAL,Kolar,Robertsonpet,13.2017,78.1532,2025-12-23 14:25:00,Pending,"Sec 279, 337 IPC",Medium,86.3,Standard Monitoring
KSP/VIJ/2026/05267,HURT / ASSAULT,Vijayanagara,Harapanahalli,15.2778,76.352,2026-05-21 19:42:00,Closed,"Sec 323, 324, 504 IPC",High,94.2,High Risk Zone
KSP/BEN/2024/05268,KPA 1963 VIOLATIONS,Bengaluru City,Hebbal,12.923,77.5901,2024-02-26 18:29:00,Charge Sheeted,"Sec 78, 87 KPA",Low,90.4,Standard Monitoring
KSP/BEN/2024/05269,KPA 1963 VIOLATIONS,Bengaluru Dist,Devanahalli,13.0577,77.5172,2024-07-13 18:27:00,Pending,"Sec 78, 87 KPA",Low,95.9,Standard Monitoring
KSP/TUM/2025/05270,HURT / ASSAULT,Tumakuru,Kyatsandra,13.3171,77.1719,2025-10-23 17:42:00,Solved,"Sec 323, 324, 504 IPC",High,98.3,High Risk Zone
KSP/CHI/2024/05271,BURGLARY / HOUSE BREAKING,Chitradurga,Challakere,14.2863,76.3236,2024-11-08 16:31:00,Pending,"Sec 454, 457, 380 IPC",High,86.3,High Risk Zone
KSP/BEN/2025/05272,MOTOR VEHICLE ACCIDENTS NON-FATAL,Bengaluru Dist,Doddaballapura,13.0094,77.6234,2025-04-10 18:56:00,Closed,"Sec 279, 337 IPC",Medium,88.4,Standard Monitoring
KSP/HUB/2024/05273,KPA 1963 VIOLATIONS,Hubballi-Dharwad,Dharwad Town,15.4211,75.2029,2024-04-08 19:35:00,Closed,"Sec 78, 87 KPA",Low,94.9,Standard Monitoring
KSP/BEN/2025/05274,KPA 1963 VIOLATIONS,Bengaluru Dist,Devanahalli,13.1237,77.66,2025-12-31 05:00:00,Investigating,"Sec 78, 87 KPA",Low,87.3,Standard Monitoring
KSP/BID/2025/05275,CYBER CRIME & FRAUD,Bidar,Bhalki,17.8681,77.5292,2025-08-07 22:03:00,Investigating,"Sec 66D IT Act, 420 IPC",High,93.7,High Risk Zone
KSP/BEL/2025/05276,THEFT,Belagavi,Gokak,15.8374,74.488,2025-07-07 13:42:00,Pending,Sec 379 IPC,Medium,87.9,Standard Monitoring
KSP/BEN/2025/05277,MISSING PERSON,Bengaluru Dist,Nelamangala,13.1307,77.5666,2025-11-03 21:43:00,Closed,Sec 363 IPC,Medium,94.4,Standard Monitoring
KSP/RAM/2024/05278,BURGLARY / HOUSE BREAKING,Ramanagara,Kanakapura,12.6485,77.288,2024-09-12 11:12:00,Solved,"Sec 454, 457, 380 IPC",High,96.5,High Risk Zone
KSP/BEN/2024/05279,MOTOR VEHICLE ACCIDENTS NON-FATAL,Bengaluru City,Jayanagar,13.0224,77.5496,2024-04-23 22:56:00,Pending,"Sec 279, 337 IPC",Medium,87.3,Standard Monitoring
KSP/BEN/2025/05280,BURGLARY / HOUSE BREAKING,Bengaluru Dist,Nelamangala,13.08,77.591,2025-06-19 23:20:00,Solved,"Sec 454, 457, 380 IPC",High,92.9,High Risk Zone
KSP/BEN/2026/05281,CrPC OFFENCES,Bengaluru City,Jayanagar,12.9493,77.588,2026-01-22 07:11:00,Investigating,"Sec 107, 151 CrPC",Low,91.8,Standard Monitoring
KSP/BEN/2024/05282,THEFT,Bengaluru Dist,Devanahalli,13.1433,77.582,2024-05-23 06:28:00,Pending,Sec 379 IPC,Medium,95.5,Standard Monitoring
KSP/BID/2024/05283,MISSING PERSON,Bidar,Bhalki,17.9512,77.4612,2024-10-05 19:21:00,Solved,Sec 363 IPC,Medium,95.3,Standard Monitoring
KSP/RAM/2025/05284,THEFT,Ramanagara,Ijoor PS,12.7168,77.3554,2025-08-03 05:53:00,Solved,Sec 379 IPC,Medium,85.4,Standard Monitoring
KSP/RAM/2026/05285,NARCOTICS (NDPS),Ramanagara,Channapatna,12.6743,77.3129,2026-05-06 06:21:00,Closed,"Sec 20(b), 22 NDPS Act",Critical,97.0,High Risk Zone
KSP/VIJ/2024/05286,THEFT,Vijayapura,Gandhi Chowk,16.8136,75.7767,2024-04-20 06:51:00,Closed,Sec 379 IPC,Medium,97.7,Standard Monitoring
KSP/SHI/2026/05287,CrPC OFFENCES,Shivamogga,Doddapet,13.8988,75.6461,2026-01-01 07:55:00,Solved,"Sec 107, 151 CrPC",Low,90.1,Standard Monitoring
KSP/BEL/2024/05288,MISSING PERSON,Belagavi,Khade Bazar,15.793,74.5569,2024-05-28 12:39:00,Charge Sheeted,Sec 363 IPC,Medium,91.7,Standard Monitoring
KSP/RAM/2025/05289,MOTOR VEHICLE ACCIDENTS NON-FATAL,Ramanagara,Channapatna,12.6577,77.3011,2025-12-08 20:25:00,Charge Sheeted,"Sec 279, 337 IPC",Medium,87.2,Standard Monitoring
KSP/YAD/2024/05290,CrPC OFFENCES,Yadgir,Town PS,16.7753,77.1634,2024-10-12 05:53:00,Solved,"Sec 107, 151 CrPC",Low,85.4,Standard Monitoring
KSP/RAI/2025/05291,THEFT,Raichur,Sadabad,16.249,77.3978,2025-01-11 18:19:00,Investigating,Sec 379 IPC,Medium,96.3,Standard Monitoring
KSP/VIJ/2026/05292,THEFT,Vijayapura,Gol Gumbaz PS,16.8648,75.7373,2026-07-13 23:06:00,Pending,Sec 379 IPC,Medium,94.1,Standard Monitoring
KSP/MYS/2025/05293,CrPC OFFENCES,Mysuru,Devaraja PS,12.2705,76.5836,2025-08-13 15:16:00,Solved,"Sec 107, 151 CrPC",Low,97.2,Standard Monitoring
KSP/BAL/2025/05294,BURGLARY / HOUSE BREAKING,Ballari,Cowl Bazar,15.2036,76.9865,2025-01-15 22:11:00,Pending,"Sec 454, 457, 380 IPC",High,94.2,High Risk Zone
KSP/BEN/2026/05295,THEFT,Bengaluru City,Yelahanka,12.9765,77.6304,2026-07-23 10:12:00,Pending,Sec 379 IPC,Medium,86.6,Standard Monitoring
KSP/CHI/2026/05296,MOTOR VEHICLE ACCIDENTS NON-FATAL,Chikkaballapura,Town PS,13.4436,77.7354,2026-02-21 20:27:00,Closed,"Sec 279, 337 IPC",Medium,89.4,Standard Monitoring
KSP/MYS/2025/05297,THEFT,Mysuru,Nazarbad,12.3775,76.7307,2025-05-29 16:43:00,Solved,Sec 379 IPC,Medium,95.1,Standard Monitoring
KSP/MAN/2025/05298,MOTOR VEHICLE ACCIDENTS NON-FATAL,Mangaluru,Urwa,12.8551,74.8787,2025-06-02 15:05:00,Pending,"Sec 279, 337 IPC",Medium,87.7,Standard Monitoring
KSP/DAV/2025/05299,CYBER CRIME & FRAUD,Davanagere,Harihar,14.538,75.9567,2025-06-05 13:54:00,Investigating,"Sec 66D IT Act, 420 IPC",High,89.7,High Risk Zone
KSP/BEN/2025/05300,CrPC OFFENCES,Bengaluru City,Indiranagar,12.9908,77.6592,2025-12-21 11:42:00,Solved,"Sec 107, 151 CrPC",Low,91.9,Standard Monitoring
KSP/BEN/2024/05301,CrPC OFFENCES,Bengaluru City,Koramangala,12.9202,77.5288,2024-03-18 17:28:00,Charge Sheeted,"Sec 107, 151 CrPC",Low,90.4,Standard Monitoring
KSP/TUM/2026/05302,HURT / ASSAULT,Tumakuru,Town PS,13.3205,77.0897,2026-06-03 15:18:00,Closed,"Sec 323, 324, 504 IPC",High,86.3,High Risk Zone
KSP/BEN/2024/05303,THEFT,Bengaluru City,Electronic City,12.9231,77.5687,2024-02-10 15:42:00,Pending,Sec 379 IPC,Medium,93.1,Standard Monitoring
KSP/SHI/2024/05304,MOTOR VEHICLE ACCIDENTS NON-FATAL,Shivamogga,Vinoba Nagar,13.875,75.5783,2024-08-30 23:34:00,Solved,"Sec 279, 337 IPC",Medium,93.2,Standard Monitoring
KSP/BEN/2025/05305,KPA 1963 VIOLATIONS,Bengaluru City,Hebbal,12.9921,77.63,2025-12-25 12:07:00,Pending,"Sec 78, 87 KPA",Low,92.5,Standard Monitoring
KSP/BEN/2025/05306,THEFT,Bengaluru City,Hebbal,13.0493,77.5857,2025-11-13 11:09:00,Charge Sheeted,Sec 379 IPC,Medium,90.3,Standard Monitoring
KSP/HUB/2025/05307,HURT / ASSAULT,Hubballi-Dharwad,Suburban PS,15.3198,75.0912,2025-08-04 07:28:00,Pending,"Sec 323, 324, 504 IPC",High,92.1,High Risk Zone
KSP/BEN/2025/05308,MOTOR VEHICLE ACCIDENTS NON-FATAL,Bengaluru City,Jayanagar,12.9065,77.5379,2025-04-28 21:28:00,Investigating,"Sec 279, 337 IPC",Medium,95.4,Standard Monitoring
KSP/UDU/2024/05309,MOTOR VEHICLE ACCIDENTS NON-FATAL,Udupi,Malpe,13.3094,74.7614,2024-03-21 08:35:00,Pending,"Sec 279, 337 IPC",Medium,98.1,Standard Monitoring
KSP/VIJ/2025/05310,ROBBERY / DACOITY,Vijayanagara,Harapanahalli,15.3191,76.3491,2025-12-08 14:02:00,Solved,"Sec 392, 395 IPC",Critical,94.8,High Risk Zone
KSP/HUB/2025/05311,KPA 1963 VIOLATIONS,Hubballi-Dharwad,Gokul Road,15.3619,75.1138,2025-01-12 13:54:00,Pending,"Sec 78, 87 KPA",Low,86.2,Standard Monitoring
KSP/BEN/2026/05312,BURGLARY / HOUSE BREAKING,Bengaluru City,Koramangala,12.985,77.6649,2026-06-19 02:23:00,Pending,"Sec 454, 457, 380 IPC",High,93.0,High Risk Zone
KSP/DAV/2025/05313,MOTOR VEHICLE ACCIDENTS NON-FATAL,Davanagere,Vidyanagar,14.4456,75.8616,2025-08-24 01:24:00,Pending,"Sec 279, 337 IPC",Medium,85.5,Standard Monitoring
KSP/BEN/2026/05314,BURGLARY / HOUSE BREAKING,Bengaluru City,Jayanagar,12.8965,77.5546,2026-04-09 15:49:00,Solved,"Sec 454, 457, 380 IPC",High,89.0,High Risk Zone
KSP/BEN/2025/05315,MOTOR VEHICLE ACCIDENTS NON-FATAL,Bengaluru City,Jayanagar,12.9174,77.5455,2025-06-10 11:46:00,Charge Sheeted,"Sec 279, 337 IPC",Medium,92.5,Standard Monitoring
KSP/CHI/2025/05316,CrPC OFFENCES,Chikkaballapura,Chintamani,13.4116,77.7789,2025-12-16 18:38:00,Closed,"Sec 107, 151 CrPC",Low,89.9,Standard Monitoring
KSP/BEN/2025/05317,CYBER CRIME & FRAUD,Bengaluru City,Koramangala,12.9415,77.6452,2025-02-09 09:18:00,Solved,"Sec 66D IT Act, 420 IPC",High,93.3,High Risk Zone
KSP/UDU/2024/05318,BURGLARY / HOUSE BREAKING,Udupi,Manipal,13.3273,74.7675,2024-05-07 20:29:00,Pending,"Sec 454, 457, 380 IPC",High,98.5,High Risk Zone
KSP/HUB/2025/05319,HURT / ASSAULT,Hubballi-Dharwad,Vidyagiri,15.2912,75.1983,2025-03-09 05:43:00,Pending,"Sec 323, 324, 504 IPC",High,86.7,High Risk Zone
KSP/MYS/2024/05320,HURT / ASSAULT,Mysuru,KRS Road,12.3682,76.6539,2024-09-02 05:19:00,Investigating,"Sec 323, 324, 504 IPC",High,93.3,High Risk Zone
KSP/YAD/2024/05321,KPA 1963 VIOLATIONS,Yadgir,Shorapur,16.7809,77.2099,2024-03-12 01:59:00,Closed,"Sec 78, 87 KPA",Low,93.0,Standard Monitoring
KSP/BEN/2024/05322,THEFT,Bengaluru Dist,Nelamangala,13.0827,77.6329,2024-02-17 20:47:00,Closed,Sec 379 IPC,Medium,94.7,Standard Monitoring
KSP/BEL/2026/05323,BURGLARY / HOUSE BREAKING,Belagavi,Market PS,15.8747,74.494,2026-01-25 15:30:00,Solved,"Sec 454, 457, 380 IPC",High,90.9,High Risk Zone
KSP/CHI/2025/05324,NARCOTICS (NDPS),Chitradurga,Town PS,14.1497,76.3546,2025-10-14 13:44:00,Pending,"Sec 20(b), 22 NDPS Act",Critical,91.4,High Risk Zone
KSP/BEN/2025/05325,KPA 1963 VIOLATIONS,Bengaluru City,Hebbal,12.915,77.652,2025-03-04 20:30:00,Closed,"Sec 78, 87 KPA",Low,86.8,Standard Monitoring
KSP/MYS/2025/05326,THEFT,Mysuru,Vidyaranyapuram,12.3075,76.6698,2025-04-03 23:56:00,Closed,Sec 379 IPC,Medium,93.0,Standard Monitoring
KSP/UDU/2024/05327,NARCOTICS (NDPS),Udupi,Town PS,13.2817,74.8075,2024-04-19 00:52:00,Closed,"Sec 20(b), 22 NDPS Act",Critical,85.6,High Risk Zone
KSP/TUM/2024/05328,MOTOR VEHICLE ACCIDENTS NON-FATAL,Tumakuru,Tiptur,13.3166,77.1049,2024-06-08 21:24:00,Closed,"Sec 279, 337 IPC",Medium,89.8,Standard Monitoring
KSP/HUB/2025/05329,MOTOR VEHICLE ACCIDENTS NON-FATAL,Hubballi-Dharwad,Suburban PS,15.3863,75.1049,2025-03-05 22:18:00,Closed,"Sec 279, 337 IPC",Medium,92.8,Standard Monitoring
KSP/BEL/2025/05330,THEFT,Belagavi,Market PS,15.8937,74.5397,2025-03-30 01:26:00,Solved,Sec 379 IPC,Medium,86.2,Standard Monitoring
KSP/BEN/2025/05331,MOTOR VEHICLE ACCIDENTS NON-FATAL,Bengaluru City,Whitefield,12.9446,77.5429,2025-03-13 11:32:00,Pending,"Sec 279, 337 IPC",Medium,90.3,Standard Monitoring
KSP/BEN/2025/05332,THEFT,Bengaluru City,Cubbon Park,12.9512,77.5772,2025-05-13 20:26:00,Closed,Sec 379 IPC,Medium,87.1,Standard Monitoring
KSP/BEN/2025/05333,MOTOR VEHICLE ACCIDENTS NON-FATAL,Bengaluru City,Indiranagar,13.0045,77.5613,2025-12-06 00:05:00,Pending,"Sec 279, 337 IPC",Medium,95.7,Standard Monitoring
KSP/HUB/2024/05334,CrPC OFFENCES,Hubballi-Dharwad,Gokul Road,15.3458,75.0602,2024-12-13 20:49:00,Charge Sheeted,"Sec 107, 151 CrPC",Low,92.5,Standard Monitoring
KSP/TUM/2025/05335,THEFT,Tumakuru,Kyatsandra,13.3082,77.0853,2025-12-11 16:46:00,Closed,Sec 379 IPC,Medium,97.5,Standard Monitoring
KSP/BEN/2025/05336,CrPC OFFENCES,Bengaluru City,Electronic City,12.9554,77.5449,2025-04-21 00:27:00,Charge Sheeted,"Sec 107, 151 CrPC",Low,89.5,Standard Monitoring
KSP/BEL/2025/05337,THEFT,Belagavi,Gokak,15.9022,74.5673,2025-02-01 23:15:00,Charge Sheeted,Sec 379 IPC,Medium,86.6,Standard Monitoring
KSP/MAN/2025/05338,CrPC OFFENCES,Mangaluru,Surathkal,12.8418,74.7997,2025-10-21 01:59:00,Pending,"Sec 107, 151 CrPC",Low,92.8,Standard Monitoring
KSP/BEN/2026/05339,CrPC OFFENCES,Bengaluru City,Indiranagar,12.989,77.6434,2026-04-22 20:32:00,Pending,"Sec 107, 151 CrPC",Low,86.9,Standard Monitoring
KSP/KOL/2024/05340,HURT / ASSAULT,Kolar,Robertsonpet,13.1433,78.0994,2024-04-03 23:13:00,Solved,"Sec 323, 324, 504 IPC",High,86.3,High Risk Zone
KSP/KAL/2025/05341,HURT / ASSAULT,Kalaburagi,Station Bazar,17.2813,76.8245,2025-04-30 11:00:00,Solved,"Sec 323, 324, 504 IPC",High,97.0,High Risk Zone
KSP/KAL/2024/05342,MOTOR VEHICLE ACCIDENTS NON-FATAL,Kalaburagi,Brahampur,17.3398,76.9135,2024-10-01 23:28:00,Investigating,"Sec 279, 337 IPC",Medium,96.0,Standard Monitoring
KSP/MAN/2026/05343,ROBBERY / DACOITY,Mandya,Central PS,12.5998,76.9178,2026-05-18 22:05:00,Charge Sheeted,"Sec 392, 395 IPC",Critical,90.7,High Risk Zone
KSP/MAN/2024/05344,MOTOR VEHICLE ACCIDENTS NON-FATAL,Mandya,East PS,12.5874,76.9125,2024-04-25 09:35:00,Closed,"Sec 279, 337 IPC",Medium,90.9,Standard Monitoring
KSP/UDU/2026/05345,MOTOR VEHICLE ACCIDENTS NON-FATAL,Udupi,Malpe,13.3164,74.8088,2026-03-24 15:30:00,Closed,"Sec 279, 337 IPC",Medium,87.7,Standard Monitoring
KSP/BEN/2024/05346,THEFT,Bengaluru City,Yelahanka,12.9094,77.6045,2024-05-27 07:23:00,Charge Sheeted,Sec 379 IPC,Medium,90.3,Standard Monitoring
KSP/MAN/2025/05347,CrPC OFFENCES,Mangaluru,Barkarke,12.8879,74.9335,2025-10-23 13:25:00,Pending,"Sec 107, 151 CrPC",Low,92.8,Standard Monitoring
KSP/HAS/2024/05348,CYBER CRIME & FRAUD,Hassan,Gorur,12.9822,76.0426,2024-12-21 17:51:00,Solved,"Sec 66D IT Act, 420 IPC",High,85.1,High Risk Zone
KSP/HUB/2025/05349,BURGLARY / HOUSE BREAKING,Hubballi-Dharwad,Kamripeth,15.3318,75.1337,2025-06-05 09:33:00,Closed,"Sec 454, 457, 380 IPC",High,91.6,High Risk Zone
KSP/BEN/2024/05350,MOTOR VEHICLE ACCIDENTS NON-FATAL,Bengaluru Dist,Devanahalli,13.1559,77.5896,2024-01-06 12:08:00,Charge Sheeted,"Sec 279, 337 IPC",Medium,88.9,Standard Monitoring
KSP/YAD/2025/05351,CrPC OFFENCES,Yadgir,Shorapur,16.7378,77.1692,2025-06-06 05:21:00,Solved,"Sec 107, 151 CrPC",Low,92.3,Standard Monitoring
KSP/BAL/2025/05352,MISSING PERSON,Ballari,Brucepet,15.0874,76.9261,2025-12-12 01:56:00,Closed,Sec 363 IPC,Medium,97.9,Standard Monitoring
KSP/BEN/2024/05353,BURGLARY / HOUSE BREAKING,Bengaluru City,Cubbon Park,12.9305,77.5816,2024-11-25 06:15:00,Pending,"Sec 454, 457, 380 IPC",High,86.5,High Risk Zone
KSP/BEN/2024/05354,HURT / ASSAULT,Bengaluru Dist,Doddaballapura,13.0241,77.6167,2024-04-21 06:55:00,Charge Sheeted,"Sec 323, 324, 504 IPC",High,87.1,High Risk Zone
KSP/KAL/2025/05355,KPA 1963 VIOLATIONS,Kalaburagi,Station Bazar,17.3918,76.7705,2025-11-18 14:01:00,Closed,"Sec 78, 87 KPA",Low,95.4,Standard Monitoring
KSP/BEL/2025/05356,KPA 1963 VIOLATIONS,Belagavi,Market PS,15.8537,74.4398,2025-09-14 00:22:00,Investigating,"Sec 78, 87 KPA",Low,86.8,Standard Monitoring
KSP/BEN/2025/05357,MOTOR VEHICLE ACCIDENTS NON-FATAL,Bengaluru City,Koramangala,12.9474,77.6722,2025-01-05 00:37:00,Charge Sheeted,"Sec 279, 337 IPC",Medium,85.4,Standard Monitoring
KSP/BEN/2024/05358,BURGLARY / HOUSE BREAKING,Bengaluru City,Yelahanka,12.9978,77.6362,2024-11-07 17:30:00,Solved,"Sec 454, 457, 380 IPC",High,92.5,High Risk Zone
KSP/BEN/2026/05359,MOTOR VEHICLE ACCIDENTS NON-FATAL,Bengaluru City,Koramangala,12.9055,77.599,2026-04-19 08:15:00,Charge Sheeted,"Sec 279, 337 IPC",Medium,87.2,Standard Monitoring
KSP/VIJ/2025/05360,NARCOTICS (NDPS),Vijayapura,Gandhi Chowk,16.8628,75.7009,2025-03-08 05:25:00,Investigating,"Sec 20(b), 22 NDPS Act",Critical,88.5,High Risk Zone
KSP/MYS/2024/05361,MOTOR VEHICLE ACCIDENTS NON-FATAL,Mysuru,Devaraja PS,12.2647,76.7344,2024-03-15 19:03:00,Closed,"Sec 279, 337 IPC",Medium,92.4,Standard Monitoring
KSP/UDU/2024/05362,CrPC OFFENCES,Udupi,Town PS,13.3059,74.6663,2024-12-13 15:38:00,Investigating,"Sec 107, 151 CrPC",Low,95.0,Standard Monitoring
KSP/BEN/2025/05363,MISSING PERSON,Bengaluru City,Koramangala,12.9347,77.5517,2025-05-18 07:32:00,Investigating,Sec 363 IPC,Medium,96.5,Standard Monitoring
KSP/HAV/2025/05364,CYBER CRIME & FRAUD,Haveri,Town PS,14.8592,75.4228,2025-12-20 02:30:00,Pending,"Sec 66D IT Act, 420 IPC",High,96.9,High Risk Zone
KSP/MAN/2024/05365,BURGLARY / HOUSE BREAKING,Mandya,Central PS,12.5514,76.8477,2024-06-30 10:20:00,Closed,"Sec 454, 457, 380 IPC",High,97.4,High Risk Zone
KSP/BEN/2026/05366,MISSING PERSON,Bengaluru City,Cubbon Park,12.9018,77.5794,2026-01-28 06:21:00,Charge Sheeted,Sec 363 IPC,Medium,87.3,Standard Monitoring
KSP/BEN/2024/05367,THEFT,Bengaluru City,Hebbal,13.0209,77.5963,2024-11-20 15:13:00,Pending,Sec 379 IPC,Medium,91.9,Standard Monitoring
KSP/DAV/2024/05368,MISSING PERSON,Davanagere,Azad Nagar,14.4794,75.9815,2024-06-04 04:00:00,Closed,Sec 363 IPC,Medium,85.9,Standard Monitoring
KSP/DAV/2024/05369,KPA 1963 VIOLATIONS,Davanagere,Harihar,14.4139,75.8763,2024-05-06 11:52:00,Closed,"Sec 78, 87 KPA",Low,89.2,Standard Monitoring
KSP/BEN/2024/05370,MISSING PERSON,Bengaluru City,Whitefield,13.0364,77.5505,2024-05-05 12:06:00,Solved,Sec 363 IPC,Medium,95.2,Standard Monitoring
KSP/TUM/2024/05371,MISSING PERSON,Tumakuru,Sira,13.3891,77.1121,2024-10-26 01:54:00,Pending,Sec 363 IPC,Medium,91.0,Standard Monitoring
KSP/BEN/2024/05372,ROBBERY / DACOITY,Bengaluru City,Jayanagar,13.0479,77.6548,2024-02-25 03:37:00,Pending,"Sec 392, 395 IPC",Critical,89.7,High Risk Zone
KSP/BEN/2026/05373,KPA 1963 VIOLATIONS,Bengaluru Dist,Nelamangala,13.0613,77.5451,2026-05-22 05:44:00,Solved,"Sec 78, 87 KPA",Low,88.7,Standard Monitoring
KSP/BEN/2025/05374,MOTOR VEHICLE ACCIDENTS NON-FATAL,Bengaluru City,Electronic City,12.9975,77.562,2025-01-07 23:08:00,Charge Sheeted,"Sec 279, 337 IPC",Medium,95.5,Standard Monitoring
KSP/BEN/2025/05375,CYBER CRIME & FRAUD,Bengaluru City,Electronic City,13.0068,77.6123,2025-06-10 06:28:00,Closed,"Sec 66D IT Act, 420 IPC",High,88.4,High Risk Zone
KSP/GAD/2024/05376,ROBBERY / DACOITY,Gadag,Betageri,15.5076,75.6137,2024-09-02 13:48:00,Investigating,"Sec 392, 395 IPC",Critical,96.3,High Risk Zone
KSP/BEL/2025/05377,MISSING PERSON,Belagavi,Khade Bazar,15.8601,74.4988,2025-02-04 12:50:00,Charge Sheeted,Sec 363 IPC,Medium,88.4,Standard Monitoring
KSP/BEN/2025/05378,CYBER CRIME & FRAUD,Bengaluru City,Whitefield,12.92,77.5852,2025-05-08 08:07:00,Charge Sheeted,"Sec 66D IT Act, 420 IPC",High,98.2,High Risk Zone
KSP/BEN/2026/05379,CYBER CRIME & FRAUD,Bengaluru City,Electronic City,12.9674,77.5302,2026-02-11 16:54:00,Investigating,"Sec 66D IT Act, 420 IPC",High,87.3,High Risk Zone
KSP/BEN/2026/05380,ROBBERY / DACOITY,Bengaluru Dist,Devanahalli,13.0893,77.5295,2026-06-10 07:50:00,Pending,"Sec 392, 395 IPC",Critical,87.0,High Risk Zone
KSP/UTT/2026/05381,MOTOR VEHICLE ACCIDENTS NON-FATAL,Uttara Kannada,Bhatkal,14.7951,74.0695,2026-05-02 21:40:00,Investigating,"Sec 279, 337 IPC",Medium,94.6,Standard Monitoring
KSP/BAL/2024/05382,MISSING PERSON,Ballari,Hospet Town,15.0799,76.9868,2024-03-20 08:14:00,Pending,Sec 363 IPC,Medium,88.4,Standard Monitoring
KSP/HAS/2026/05383,ROBBERY / DACOITY,Hassan,Gorur,13.0307,76.0507,2026-01-29 16:33:00,Charge Sheeted,"Sec 392, 395 IPC",Critical,97.0,High Risk Zone
KSP/BEN/2026/05384,HURT / ASSAULT,Bengaluru City,Indiranagar,12.9713,77.535,2026-03-16 20:01:00,Charge Sheeted,"Sec 323, 324, 504 IPC",High,91.6,High Risk Zone
KSP/MAN/2024/05385,MOTOR VEHICLE ACCIDENTS NON-FATAL,Mangaluru,Urwa,12.9722,74.8176,2024-12-24 13:53:00,Solved,"Sec 279, 337 IPC",Medium,89.4,Standard Monitoring
KSP/HUB/2026/05386,THEFT,Hubballi-Dharwad,Kamripeth,15.3855,75.1245,2026-05-13 23:30:00,Closed,Sec 379 IPC,Medium,98.2,Standard Monitoring
KSP/BEN/2025/05387,KPA 1963 VIOLATIONS,Bengaluru City,Indiranagar,13.0199,77.6545,2025-08-19 14:18:00,Closed,"Sec 78, 87 KPA",Low,95.9,Standard Monitoring
KSP/BEN/2024/05388,CYBER CRIME & FRAUD,Bengaluru City,Whitefield,12.9364,77.5754,2024-07-16 00:06:00,Closed,"Sec 66D IT Act, 420 IPC",High,92.7,High Risk Zone
KSP/CHA/2025/05389,CrPC OFFENCES,Chamarajanagar,Kollegal,11.9701,76.9541,2025-12-02 18:59:00,Solved,"Sec 107, 151 CrPC",Low,93.8,Standard Monitoring
KSP/BEN/2024/05390,KPA 1963 VIOLATIONS,Bengaluru Dist,Doddaballapura,13.1429,77.5975,2024-12-16 01:36:00,Investigating,"Sec 78, 87 KPA",Low,89.7,Standard Monitoring
KSP/KAL/2026/05391,THEFT,Kalaburagi,Station Bazar,17.3667,76.9033,2026-03-17 17:02:00,Closed,Sec 379 IPC,Medium,91.0,Standard Monitoring
KSP/SHI/2024/05392,THEFT,Shivamogga,Doddapet,13.8735,75.5852,2024-12-10 01:43:00,Pending,Sec 379 IPC,Medium,86.7,Standard Monitoring
KSP/SHI/2024/05393,MOTOR VEHICLE ACCIDENTS NON-FATAL,Shivamogga,Tunga Nagar,13.8595,75.6437,2024-12-10 17:54:00,Pending,"Sec 279, 337 IPC",Medium,96.4,Standard Monitoring
KSP/HUB/2026/05394,MISSING PERSON,Hubballi-Dharwad,Dharwad Town,15.4119,75.0809,2026-01-15 06:04:00,Investigating,Sec 363 IPC,Medium,91.3,Standard Monitoring
KSP/MYS/2024/05395,THEFT,Mysuru,KRS Road,12.2846,76.6052,2024-04-30 10:31:00,Pending,Sec 379 IPC,Medium,89.5,Standard Monitoring
KSP/BEN/2025/05396,MOTOR VEHICLE ACCIDENTS NON-FATAL,Bengaluru City,Cubbon Park,12.9868,77.5822,2025-06-18 01:08:00,Closed,"Sec 279, 337 IPC",Medium,93.0,Standard Monitoring
KSP/BEN/2024/05397,CYBER CRIME & FRAUD,Bengaluru Dist,Hosakote,13.0406,77.594,2024-01-26 02:05:00,Charge Sheeted,"Sec 66D IT Act, 420 IPC",High,87.4,High Risk Zone
KSP/BEN/2026/05398,CrPC OFFENCES,Bengaluru Dist,Nelamangala,13.0971,77.6664,2026-01-05 11:06:00,Pending,"Sec 107, 151 CrPC",Low,98.3,Standard Monitoring
KSP/MAN/2026/05399,MOTOR VEHICLE ACCIDENTS NON-FATAL,Mangaluru,Barkarke,12.9327,74.9021,2026-03-18 20:39:00,Pending,"Sec 279, 337 IPC",Medium,85.1,Standard Monitoring
KSP/TUM/2026/05400,BURGLARY / HOUSE BREAKING,Tumakuru,Sira,13.2714,77.0312,2026-06-03 21:00:00,Charge Sheeted,"Sec 454, 457, 380 IPC",High,85.2,High Risk Zone
KSP/BEN/2024/05401,CrPC OFFENCES,Bengaluru City,Cubbon Park,12.9614,77.5716,2024-10-22 11:48:00,Charge Sheeted,"Sec 107, 151 CrPC",Low,98.5,Standard Monitoring
KSP/MYS/2025/05402,MISSING PERSON,Mysuru,Devaraja PS,12.2285,76.6227,2025-01-21 15:40:00,Solved,Sec 363 IPC,Medium,91.3,Standard Monitoring
KSP/MAN/2024/05403,HURT / ASSAULT,Mangaluru,Barkarke,12.9145,74.8674,2024-07-26 22:22:00,Charge Sheeted,"Sec 323, 324, 504 IPC",High,93.2,High Risk Zone
KSP/SHI/2024/05404,MISSING PERSON,Shivamogga,Vinoba Nagar,13.886,75.5223,2024-12-06 16:10:00,Charge Sheeted,Sec 363 IPC,Medium,90.4,Standard Monitoring
KSP/BEN/2024/05405,MOTOR VEHICLE ACCIDENTS NON-FATAL,Bengaluru City,Koramangala,12.9647,77.5847,2024-12-08 06:44:00,Pending,"Sec 279, 337 IPC",Medium,98.2,Standard Monitoring
KSP/BEN/2024/05406,MOTOR VEHICLE ACCIDENTS NON-FATAL,Bengaluru Dist,Devanahalli,13.0708,77.6608,2024-10-22 02:32:00,Charge Sheeted,"Sec 279, 337 IPC",Medium,86.9,Standard Monitoring
KSP/KAL/2025/05407,MISSING PERSON,Kalaburagi,Station Bazar,17.3242,76.8867,2025-09-20 16:37:00,Closed,Sec 363 IPC,Medium,94.3,Standard Monitoring
KSP/BEN/2025/05408,CrPC OFFENCES,Bengaluru City,Yelahanka,12.9859,77.6617,2025-11-05 01:16:00,Charge Sheeted,"Sec 107, 151 CrPC",Low,94.1,Standard Monitoring
KSP/TUM/2024/05409,THEFT,Tumakuru,Gubbi,13.3983,77.0437,2024-12-01 03:39:00,Solved,Sec 379 IPC,Medium,87.7,Standard Monitoring
KSP/BAG/2024/05410,NARCOTICS (NDPS),Bagalkote,Jamkhandi,16.2283,75.711,2024-04-19 16:15:00,Solved,"Sec 20(b), 22 NDPS Act",Critical,91.8,High Risk Zone
KSP/HAS/2025/05411,ROBBERY / DACOITY,Hassan,City PS,12.9892,76.1108,2025-02-21 14:00:00,Closed,"Sec 392, 395 IPC",Critical,93.2,High Risk Zone
KSP/HUB/2025/05412,THEFT,Hubballi-Dharwad,Suburban PS,15.4365,75.1721,2025-08-18 03:24:00,Pending,Sec 379 IPC,Medium,97.6,Standard Monitoring
KSP/CHI/2025/05413,MOTOR VEHICLE ACCIDENTS NON-FATAL,Chikkamagaluru,Basavanahalli,13.3763,75.8446,2025-08-31 03:28:00,Solved,"Sec 279, 337 IPC",Medium,92.1,Standard Monitoring
KSP/BEN/2025/05414,CrPC OFFENCES,Bengaluru City,Whitefield,12.9665,77.649,2025-06-18 02:51:00,Pending,"Sec 107, 151 CrPC",Low,94.3,Standard Monitoring
KSP/MAN/2025/05415,BURGLARY / HOUSE BREAKING,Mangaluru,Urwa,12.9252,74.7947,2025-10-14 10:39:00,Solved,"Sec 454, 457, 380 IPC",High,91.3,High Risk Zone
KSP/MAN/2024/05416,ROBBERY / DACOITY,Mangaluru,Urwa,12.906,74.8576,2024-03-26 02:56:00,Closed,"Sec 392, 395 IPC",Critical,90.9,High Risk Zone
KSP/BAL/2024/05417,THEFT,Ballari,Hospet Town,15.1824,76.9142,2024-09-09 02:25:00,Solved,Sec 379 IPC,Medium,96.0,Standard Monitoring
KSP/BEN/2025/05418,NARCOTICS (NDPS),Bengaluru City,Yelahanka,12.961,77.5292,2025-09-18 07:37:00,Pending,"Sec 20(b), 22 NDPS Act",Critical,96.9,High Risk Zone
KSP/KAL/2026/05419,THEFT,Kalaburagi,Station Bazar,17.3998,76.8254,2026-06-24 14:39:00,Investigating,Sec 379 IPC,Medium,91.9,Standard Monitoring
KSP/MYS/2024/05420,MOTOR VEHICLE ACCIDENTS NON-FATAL,Mysuru,Vidyaranyapuram,12.3408,76.6603,2024-10-07 09:12:00,Charge Sheeted,"Sec 279, 337 IPC",Medium,92.5,Standard Monitoring
KSP/BEL/2025/05421,CrPC OFFENCES,Belagavi,Tilakwadi,15.8532,74.5558,2025-12-21 16:26:00,Investigating,"Sec 107, 151 CrPC",Low,97.9,Standard Monitoring
KSP/BEN/2025/05422,ROBBERY / DACOITY,Bengaluru City,Koramangala,12.9109,77.5222,2025-06-14 18:31:00,Investigating,"Sec 392, 395 IPC",Critical,95.5,High Risk Zone
KSP/HUB/2024/05423,THEFT,Hubballi-Dharwad,Dharwad Town,15.3659,75.1193,2024-12-05 22:06:00,Pending,Sec 379 IPC,Medium,91.3,Standard Monitoring
KSP/TUM/2025/05424,MOTOR VEHICLE ACCIDENTS NON-FATAL,Tumakuru,Town PS,13.3707,77.1688,2025-12-27 01:37:00,Closed,"Sec 279, 337 IPC",Medium,89.1,Standard Monitoring
KSP/BEN/2024/05425,BURGLARY / HOUSE BREAKING,Bengaluru Dist,Nelamangala,13.0462,77.6662,2024-04-20 09:21:00,Solved,"Sec 454, 457, 380 IPC",High,94.5,High Risk Zone
KSP/BEN/2026/05426,CYBER CRIME & FRAUD,Bengaluru City,Electronic City,12.9878,77.537,2026-03-24 07:32:00,Closed,"Sec 66D IT Act, 420 IPC",High,85.8,High Risk Zone
KSP/MYS/2025/05427,THEFT,Mysuru,Devaraja PS,12.309,76.6458,2025-05-14 23:19:00,Pending,Sec 379 IPC,Medium,89.0,Standard Monitoring
KSP/MYS/2026/05428,THEFT,Mysuru,Lashkar PS,12.3244,76.6537,2026-02-08 11:18:00,Solved,Sec 379 IPC,Medium,85.5,Standard Monitoring
KSP/KOL/2024/05429,MISSING PERSON,Kolar,Bangarapet,13.1387,78.1981,2024-03-31 15:31:00,Pending,Sec 363 IPC,Medium,86.2,Standard Monitoring
KSP/MAN/2026/05430,THEFT,Mangaluru,Urwa,12.9206,74.9296,2026-03-12 08:03:00,Closed,Sec 379 IPC,Medium,94.2,Standard Monitoring
KSP/BEN/2024/05431,KPA 1963 VIOLATIONS,Bengaluru City,Indiranagar,12.9379,77.5899,2024-06-16 09:31:00,Solved,"Sec 78, 87 KPA",Low,97.5,Standard Monitoring
KSP/RAM/2025/05432,CrPC OFFENCES,Ramanagara,Channapatna,12.6398,77.2752,2025-07-10 09:25:00,Solved,"Sec 107, 151 CrPC",Low,85.8,Standard Monitoring
KSP/MAN/2026/05433,CYBER CRIME & FRAUD,Mandya,Central PS,12.5565,76.9584,2026-02-05 23:25:00,Closed,"Sec 66D IT Act, 420 IPC",High,93.6,High Risk Zone
KSP/BEN/2024/05434,HURT / ASSAULT,Bengaluru Dist,Nelamangala,13.1489,77.6145,2024-07-29 07:05:00,Solved,"Sec 323, 324, 504 IPC",High,91.6,High Risk Zone
KSP/MAN/2025/05435,CYBER CRIME & FRAUD,Mandya,East PS,12.465,76.9403,2025-07-04 17:04:00,Charge Sheeted,"Sec 66D IT Act, 420 IPC",High,87.2,High Risk Zone
KSP/MYS/2024/05436,HURT / ASSAULT,Mysuru,Devaraja PS,12.2647,76.7091,2024-07-15 10:29:00,Charge Sheeted,"Sec 323, 324, 504 IPC",High,92.5,High Risk Zone
KSP/KOL/2026/05437,CrPC OFFENCES,Kolar,Town PS,13.0847,78.2085,2026-03-28 08:51:00,Charge Sheeted,"Sec 107, 151 CrPC",Low,87.3,Standard Monitoring
KSP/DAV/2025/05438,MISSING PERSON,Davanagere,Harihar,14.3913,75.8534,2025-02-15 03:08:00,Charge Sheeted,Sec 363 IPC,Medium,97.3,Standard Monitoring
KSP/BEN/2024/05439,CYBER CRIME & FRAUD,Bengaluru City,Koramangala,13.0387,77.5954,2024-10-14 22:14:00,Investigating,"Sec 66D IT Act, 420 IPC",High,90.0,High Risk Zone
KSP/BEN/2024/05440,HURT / ASSAULT,Bengaluru City,Jayanagar,12.9015,77.6668,2024-04-24 21:35:00,Closed,"Sec 323, 324, 504 IPC",High,94.0,High Risk Zone
KSP/DAV/2025/05441,THEFT,Davanagere,Vidyanagar,14.54,75.845,2025-10-15 12:50:00,Solved,Sec 379 IPC,Medium,89.7,Standard Monitoring
KSP/DAV/2025/05442,MISSING PERSON,Davanagere,Azad Nagar,14.4893,75.9521,2025-07-06 21:42:00,Investigating,Sec 363 IPC,Medium,89.9,Standard Monitoring
KSP/HUB/2025/05443,NARCOTICS (NDPS),Hubballi-Dharwad,Suburban PS,15.3084,75.0782,2025-09-22 07:26:00,Charge Sheeted,"Sec 20(b), 22 NDPS Act",Critical,94.1,High Risk Zone
KSP/RAM/2024/05444,KPA 1963 VIOLATIONS,Ramanagara,Kanakapura,12.785,77.341,2024-02-19 00:03:00,Investigating,"Sec 78, 87 KPA",Low,95.4,Standard Monitoring
KSP/BEL/2025/05445,HURT / ASSAULT,Belagavi,Market PS,15.789,74.5907,2025-11-28 07:41:00,Pending,"Sec 323, 324, 504 IPC",High,88.9,High Risk Zone
KSP/MAN/2025/05446,HURT / ASSAULT,Mandya,Maddur,12.5249,76.8789,2025-06-12 13:26:00,Charge Sheeted,"Sec 323, 324, 504 IPC",High,91.6,High Risk Zone
KSP/BEN/2025/05447,MOTOR VEHICLE ACCIDENTS NON-FATAL,Bengaluru Dist,Devanahalli,13.1221,77.6561,2025-03-06 18:49:00,Pending,"Sec 279, 337 IPC",Medium,95.2,Standard Monitoring
KSP/HUB/2026/05448,ROBBERY / DACOITY,Hubballi-Dharwad,Vidyagiri,15.3841,75.0557,2026-05-22 21:10:00,Closed,"Sec 392, 395 IPC",Critical,89.1,High Risk Zone
KSP/HUB/2024/05449,CrPC OFFENCES,Hubballi-Dharwad,Suburban PS,15.3207,75.1955,2024-03-25 14:18:00,Solved,"Sec 107, 151 CrPC",Low,89.5,Standard Monitoring
KSP/BEN/2024/05450,THEFT,Bengaluru City,Jayanagar,12.9625,77.6426,2024-08-26 13:09:00,Pending,Sec 379 IPC,Medium,96.6,Standard Monitoring
KSP/KOL/2026/05451,MOTOR VEHICLE ACCIDENTS NON-FATAL,Kolar,Town PS,13.0796,78.0647,2026-06-01 19:10:00,Closed,"Sec 279, 337 IPC",Medium,96.8,Standard Monitoring
KSP/GAD/2026/05452,CrPC OFFENCES,Gadag,Town PS,15.4587,75.5773,2026-05-03 07:07:00,Closed,"Sec 107, 151 CrPC",Low,89.4,Standard Monitoring
KSP/MAN/2025/05453,THEFT,Mangaluru,Kadri,12.9002,74.8657,2025-08-19 07:48:00,Solved,Sec 379 IPC,Medium,88.1,Standard Monitoring
KSP/VIJ/2024/05454,THEFT,Vijayanagara,Hospet Town,15.2557,76.3244,2024-03-04 15:45:00,Closed,Sec 379 IPC,Medium,89.5,Standard Monitoring
KSP/BAL/2025/05455,CrPC OFFENCES,Ballari,Cowl Bazar,15.0685,76.8856,2025-02-01 13:42:00,Charge Sheeted,"Sec 107, 151 CrPC",Low,95.7,Standard Monitoring
KSP/BAL/2026/05456,MISSING PERSON,Ballari,Gandhinagar,15.0804,76.9718,2026-01-09 20:17:00,Charge Sheeted,Sec 363 IPC,Medium,91.4,Standard Monitoring
KSP/BEN/2025/05457,CrPC OFFENCES,Bengaluru Dist,Nelamangala,13.0173,77.5253,2025-03-04 04:54:00,Pending,"Sec 107, 151 CrPC",Low,85.5,Standard Monitoring
KSP/BEN/2025/05458,HURT / ASSAULT,Bengaluru City,Whitefield,12.9028,77.5793,2025-08-11 23:55:00,Pending,"Sec 323, 324, 504 IPC",High,96.4,High Risk Zone
KSP/UDU/2025/05459,BURGLARY / HOUSE BREAKING,Udupi,Malpe,13.364,74.7954,2025-07-29 15:48:00,Solved,"Sec 454, 457, 380 IPC",High,90.9,High Risk Zone
KSP/MAN/2024/05460,MOTOR VEHICLE ACCIDENTS NON-FATAL,Mangaluru,Surathkal,12.9825,74.8945,2024-11-06 19:54:00,Solved,"Sec 279, 337 IPC",Medium,93.0,Standard Monitoring
KSP/VIJ/2024/05461,ROBBERY / DACOITY,Vijayanagara,Kudligi,15.3375,76.4131,2024-02-22 03:45:00,Charge Sheeted,"Sec 392, 395 IPC",Critical,88.6,High Risk Zone
KSP/BEN/2025/05462,HURT / ASSAULT,Bengaluru Dist,Hosakote,13.0594,77.6473,2025-07-23 13:22:00,Solved,"Sec 323, 324, 504 IPC",High,93.9,High Risk Zone
KSP/BEL/2025/05463,KPA 1963 VIOLATIONS,Belagavi,Camp PS,15.9107,74.4746,2025-09-18 01:25:00,Pending,"Sec 78, 87 KPA",Low,97.2,Standard Monitoring
KSP/MAN/2025/05464,MOTOR VEHICLE ACCIDENTS NON-FATAL,Mangaluru,Panambur,12.861,74.8261,2025-07-11 21:41:00,Charge Sheeted,"Sec 279, 337 IPC",Medium,87.4,Standard Monitoring
KSP/BEN/2024/05465,KPA 1963 VIOLATIONS,Bengaluru City,Indiranagar,12.978,77.5868,2024-01-29 12:28:00,Pending,"Sec 78, 87 KPA",Low,88.5,Standard Monitoring
KSP/BEN/2025/05466,KPA 1963 VIOLATIONS,Bengaluru City,Hebbal,12.8999,77.5232,2025-10-07 18:26:00,Charge Sheeted,"Sec 78, 87 KPA",Low,86.5,Standard Monitoring
KSP/BEL/2025/05467,MISSING PERSON,Belagavi,Tilakwadi,15.8628,74.4664,2025-08-11 11:23:00,Pending,Sec 363 IPC,Medium,98.0,Standard Monitoring
KSP/SHI/2025/05468,HURT / ASSAULT,Shivamogga,Vinoba Nagar,13.8918,75.5487,2025-02-24 08:22:00,Closed,"Sec 323, 324, 504 IPC",High,95.2,High Risk Zone
KSP/BEN/2024/05469,MISSING PERSON,Bengaluru City,Hebbal,12.9087,77.5611,2024-11-17 15:45:00,Charge Sheeted,Sec 363 IPC,Medium,88.4,Standard Monitoring
KSP/MYS/2024/05470,MOTOR VEHICLE ACCIDENTS NON-FATAL,Mysuru,KRS Road,12.3594,76.6003,2024-10-22 09:08:00,Closed,"Sec 279, 337 IPC",Medium,85.5,Standard Monitoring
KSP/VIJ/2026/05471,THEFT,Vijayanagara,Harapanahalli,15.2081,76.3265,2026-07-10 13:46:00,Charge Sheeted,Sec 379 IPC,Medium,94.6,Standard Monitoring
KSP/SHI/2024/05472,MISSING PERSON,Shivamogga,Bhadravathi,13.9004,75.6002,2024-04-11 14:58:00,Solved,Sec 363 IPC,Medium,88.3,Standard Monitoring
KSP/DAV/2026/05473,CrPC OFFENCES,Davanagere,Vidyanagar,14.4043,75.9471,2026-04-18 00:13:00,Closed,"Sec 107, 151 CrPC",Low,96.3,Standard Monitoring
KSP/KAL/2024/05474,KPA 1963 VIOLATIONS,Kalaburagi,Ashok Nagar,17.3906,76.8193,2024-06-15 07:36:00,Charge Sheeted,"Sec 78, 87 KPA",Low,92.4,Standard Monitoring
KSP/MYS/2025/05475,KPA 1963 VIOLATIONS,Mysuru,Lashkar PS,12.325,76.6486,2025-09-13 22:25:00,Pending,"Sec 78, 87 KPA",Low,91.3,Standard Monitoring
KSP/SHI/2024/05476,KPA 1963 VIOLATIONS,Shivamogga,Tunga Nagar,13.9506,75.5273,2024-10-31 21:18:00,Pending,"Sec 78, 87 KPA",Low,89.1,Standard Monitoring
KSP/BID/2025/05477,MISSING PERSON,Bidar,Gandhi Gunj,17.8335,77.4946,2025-12-06 05:50:00,Pending,Sec 363 IPC,Medium,87.0,Standard Monitoring
KSP/BAG/2025/05478,THEFT,Bagalkote,Navanagar,16.1835,75.7599,2025-09-02 22:26:00,Solved,Sec 379 IPC,Medium,97.7,Standard Monitoring
KSP/BEN/2026/05479,CYBER CRIME & FRAUD,Bengaluru Dist,Doddaballapura,13.0743,77.5749,2026-07-11 05:11:00,Charge Sheeted,"Sec 66D IT Act, 420 IPC",High,93.4,High Risk Zone
KSP/HUB/2024/05480,THEFT,Hubballi-Dharwad,Vidyagiri,15.4358,75.195,2024-12-09 02:24:00,Closed,Sec 379 IPC,Medium,97.2,Standard Monitoring
KSP/CHI/2025/05481,THEFT,Chikkaballapura,Chintamani,13.4989,77.7157,2025-01-10 09:28:00,Charge Sheeted,Sec 379 IPC,Medium,86.2,Standard Monitoring
KSP/BEN/2026/05482,MOTOR VEHICLE ACCIDENTS NON-FATAL,Bengaluru Dist,Devanahalli,13.1065,77.6026,2026-01-24 13:50:00,Closed,"Sec 279, 337 IPC",Medium,90.1,Standard Monitoring
KSP/BAG/2025/05483,CYBER CRIME & FRAUD,Bagalkote,Navanagar,16.2566,75.6722,2025-09-21 07:34:00,Solved,"Sec 66D IT Act, 420 IPC",High,90.8,High Risk Zone
KSP/BEN/2026/05484,ROBBERY / DACOITY,Bengaluru City,Jayanagar,12.9739,77.5436,2026-04-06 00:42:00,Investigating,"Sec 392, 395 IPC",Critical,94.6,High Risk Zone
KSP/HAS/2026/05485,MOTOR VEHICLE ACCIDENTS NON-FATAL,Hassan,City PS,12.9502,76.0672,2026-04-19 07:48:00,Investigating,"Sec 279, 337 IPC",Medium,98.2,Standard Monitoring
KSP/BAG/2025/05486,MOTOR VEHICLE ACCIDENTS NON-FATAL,Bagalkote,Ilkal,16.1347,75.644,2025-08-01 01:43:00,Closed,"Sec 279, 337 IPC",Medium,91.2,Standard Monitoring
KSP/BEN/2025/05487,THEFT,Bengaluru City,Yelahanka,12.9961,77.5276,2025-11-15 12:08:00,Pending,Sec 379 IPC,Medium,87.1,Standard Monitoring
KSP/BEN/2025/05488,MISSING PERSON,Bengaluru City,Cubbon Park,12.9215,77.6447,2025-05-08 04:32:00,Solved,Sec 363 IPC,Medium,98.0,Standard Monitoring
KSP/HAS/2024/05489,CYBER CRIME & FRAUD,Hassan,Pension Mohalla,13.0415,76.149,2024-07-26 04:14:00,Investigating,"Sec 66D IT Act, 420 IPC",High,91.2,High Risk Zone
KSP/BEN/2025/05490,HURT / ASSAULT,Bengaluru City,Hebbal,12.9419,77.6211,2025-06-05 09:53:00,Charge Sheeted,"Sec 323, 324, 504 IPC",High,85.6,High Risk Zone
KSP/BEN/2024/05491,CYBER CRIME & FRAUD,Bengaluru City,Whitefield,13.0062,77.6222,2024-11-17 05:00:00,Pending,"Sec 66D IT Act, 420 IPC",High,90.2,High Risk Zone
KSP/CHI/2025/05492,THEFT,Chikkamagaluru,Town PS,13.3639,75.7851,2025-07-03 20:15:00,Closed,Sec 379 IPC,Medium,87.8,Standard Monitoring
KSP/RAI/2024/05493,KPA 1963 VIOLATIONS,Raichur,Market PS,16.1387,77.3127,2024-11-09 03:20:00,Closed,"Sec 78, 87 KPA",Low,96.9,Standard Monitoring
KSP/MAN/2025/05494,MOTOR VEHICLE ACCIDENTS NON-FATAL,Mangaluru,Panambur,12.9179,74.7828,2025-03-31 09:32:00,Investigating,"Sec 279, 337 IPC",Medium,90.3,Standard Monitoring
KSP/MYS/2025/05495,CrPC OFFENCES,Mysuru,Vidyaranyapuram,12.3348,76.5773,2025-04-15 15:29:00,Pending,"Sec 107, 151 CrPC",Low,89.7,Standard Monitoring
KSP/MYS/2024/05496,CrPC OFFENCES,Mysuru,Vidyaranyapuram,12.2437,76.5912,2024-07-02 18:28:00,Charge Sheeted,"Sec 107, 151 CrPC",Low,96.4,Standard Monitoring
KSP/MYS/2025/05497,MISSING PERSON,Mysuru,Lashkar PS,12.249,76.5887,2025-05-10 14:03:00,Solved,Sec 363 IPC,Medium,91.6,Standard Monitoring
KSP/DAV/2024/05498,ROBBERY / DACOITY,Davanagere,Harihar,14.5134,75.8887,2024-07-10 14:58:00,Closed,"Sec 392, 395 IPC",Critical,89.3,High Risk Zone
KSP/BEN/2025/05499,MISSING PERSON,Bengaluru Dist,Devanahalli,13.0611,77.6433,2025-03-31 11:17:00,Pending,Sec 363 IPC,Medium,85.6,Standard Monitoring
KSP/TUM/2025/05500,ROBBERY / DACOITY,Tumakuru,Kyatsandra,13.3529,77.1309,2025-04-27 00:48:00,Solved,"Sec 392, 395 IPC",Critical,85.6,High Risk Zone
